status,target,align_match,position,volume,kd,bucket,url,priority
page1,accenture dayforce implementation partner,accenture dayforce implementation partner,7,480,13,platform_services,https://www.alignhcm.com/dayforce-implementation,improve_to_top3
striking,hcm services,hcm services,15,480,,hcm_services,https://www.alignhcm.com/,improve_to_top3
page2_plus,cloud based hcm solutions,best cloud-based hcm solutions for payroll,93,1300,50,info,https://www.alignhcm.com/,improve_to_top3
page2_plus,ukg consulting services,best ukg consulting services,50,140,12,platform_services,https://www.alignhcm.com/partners/ukg,improve_to_top3
page1,hcm ukg,hcm ukg,3,140,,platform_services,https://www.alignhcm.com/,protect
page1,ukg pro implementation partner,ukg pro implementation partner,4,90,11,platform_services,https://www.alignhcm.com/partners/ukg,improve_to_top3
page1,hr data integration services,hr data integration services,5,110,,hcm_services,https://www.alignhcm.com/services/integration,improve_to_top3
page2_plus,affordable but reliable dayforce implementation consultants for small businesses,affordable but reliable dayforce implementation consultants for small businesses,41,70,0,platform_services,https://www.alignhcm.com/dayforce-implementation,improve_to_top3
page1,ukg implementation partner,ukg implementation partner,2,70,13,platform_services,https://www.alignhcm.com/partners/ukg,protect
page2_plus,ukg certifications,ukg certifications,39,90,,platform_services,https://www.alignhcm.com/services/training,improve_to_top3
page1,common challenges with hcm implementation,common challenges with hcm implementation,2,90,,hcm_services,https://www.alignhcm.com/blog/the-most-common-challenges-with-hcm-implementations,protect
striking,hr data integration,hr data integration,17,90,,hcm_services,https://www.alignhcm.com/services/integration,improve_to_top3
page1,paylocity vs paychex,paylocity vs paychex,7,110,,compare,https://www.alignhcm.com/blog/paylocity-vs-paycheck-best-platform,improve_to_top3
page1,accenture dayforce implementation,accenture dayforce implementation partner,7,50,7,platform_services,https://www.alignhcm.com/dayforce-implementation,improve_to_top3
page1,ukg pro implementation,ukg pro implementation partner,4,50,5,platform_services,https://www.alignhcm.com/partners/ukg,improve_to_top3
page1,paychex vs paylocity,paychex vs paylocity,4,90,,compare,https://www.alignhcm.com/blog/paylocity-vs-paycheck-best-platform,improve_to_top3
page1,common challenges in hcm implementation,common challenges in hcm implementation,1,50,,hcm_services,https://www.alignhcm.com/blog/the-most-common-challenges-with-hcm-implementations,protect
page1,data conversion checklist,data conversion checklist,5,50,,hcm_services,https://www.alignhcm.com/blog/data-conversion-checklist-what-to-prepare-before-migration,improve_to_top3
page2_plus,ukg pro hcm,ukg pro hcm,23,40,,platform_services,https://www.alignhcm.com/partners/ukg,improve_to_top3
page1,ai integration with hcm systems,ai integration with hcm systems,7,40,,hcm_services,https://www.alignhcm.com/blog/ai-integration-with-hcm-systems,improve_to_top3
page1,support for your hcm,support for your hcm,4,40,,hcm_services,https://www.alignhcm.com/services/support,improve_to_top3
missing,human capital management software,,,6600,33,info,,P1
missing,construction payroll services,,,1600,,industry,,P1
missing,construction payroll software,,,1000,,industry,,P1
missing,what is human capital management,,,4400,46,info,,P1
missing,ceridian dayforce partner accenture,,,390,15,platform_services,,P1
missing,manufacturing payroll software,,,390,20,industry,,P1
missing,what is hcm software,,,1300,26,info,,P1
missing,healthcare payroll software,,,320,16,industry,,P1
missing,human capital management system,,,1600,45,info,,P1
missing,payroll software for healthcare,,,210,17,industry,,P1
missing,best construction payroll software,,,260,,industry,,P1
missing,manufacturing workforce management,,,170,13,industry,,P1
missing,hospitality payroll system,,,170,16,industry,,P1
missing,hcm meaning in hr,,,590,,info,,P1
missing,payroll for construction companies,,,210,,industry,,P1
missing,ukg pro support,,,320,37,platform_services,,P1
missing,accenture dayforce partner,,,140,7,platform_services,,P1
missing,ukg managed services,,,140,20,platform_services,,P1
missing,ukg training videos,,,170,25,platform_services,,P1
missing,manufacturing workforce management software,,,140,13,industry,,P1
missing,hcm managed services,,,170,21,hcm_services,,P1
missing,best payroll software for healthcare,,,110,20,industry,,P1
missing,payroll for education,,,110,19,industry,,P1
missing,what does hcm stand for,,,590,44,info,,P1
missing,ukg pro implementation services,,,90,13,platform_services,,P1
missing,healthcare payroll services,,,90,11,industry,,P2
missing,dayforce consulting services,,,70,9,platform_services,,P2
missing,top-rated dayforce hcm consulting firms for mid-sized companies,,,70,10,platform_services,,P2
missing,healthcare industry payroll,,,70,6,industry,,P2
missing,hospitality payroll systems,,,70,10,industry,,P2
missing,manufacturing workforce solutions,,,70,8,industry,,P2
missing,payroll for healthcare,,,70,12,industry,,P2
missing,payroll system for hospitality,,,70,6,industry,,P2
missing,union payroll software,,,70,3,industry,,P2
missing,workforce management software for manufacturing,,,70,19,industry,,P2
missing,government payroll software,,,90,21,industry,,P2
missing,hr and payroll systems for education,,,90,23,industry,,P2
missing,education payroll software,,,90,26,industry,,P2
missing,dayforce partner certification requirements,,,50,4,platform_services,,P2
missing,hr and payroll system hospitality,,,50,10,industry,,P2
missing,hr and payroll software healthcare,,,40,14,industry,,P2
missing,hr payroll system hospitality,,,40,15,industry,,P2
missing,workforce management for manufacturing,,,40,4,industry,,P2
missing,hcm post go-live support checklist,,,40,0,hcm_services,,P2
missing,best dayforce consulting partners for full hr payroll implementation,,,30,0,platform_services,,P2
missing,best dayforce consulting services,,,30,0,platform_services,,P2
missing,dayforce certified consultant,,,30,0,platform_services,,P2
missing,dayforce implementation guide,,,30,0,platform_services,,P2
missing,ukg dimension implementation,,,30,0,platform_services,,P2
missing,exclusive hcm implementation partner,,,30,0,hcm_services,,P2
missing,hcm implementation service,,,30,0,hcm_services,,P3
missing,workforce management implementation,,,30,0,hcm_services,,P3
missing,what are hcm managed services,,,30,19,hcm_services,,P3
missing,ukg dimensions implementation,,,30,,platform_services,,P3
missing,best dayforce consultants for multi-state payroll,,,20,0,platform_services,,P3
missing,best ukg consulting partner for messy dimensions implementation,,,20,0,platform_services,,P3
missing,dayforce consulting services post go-live support comparison,,,20,0,platform_services,,P3
missing,dayforce consulting services post go-live support hands-on,,,20,0,platform_services,,P3
missing,dayforce managed services,,,20,0,platform_services,,P3
missing,hcm support services,,,20,0,hcm_services,,P3
missing,best dayforce implementation partners mid-market,,,20,,platform_services,,P3
missing,dayforce hr managed services,,,20,,platform_services,,P3
missing,dayforce vs ukg,,,20,0,compare,,P3
missing,ukg vs dayforce,,,20,0,compare,,P3
missing,hcm cloud erp post go live support,,,20,,hcm_services,,P3
missing,hcm implementation services,,,20,,hcm_services,,P3
missing,best ukg consulting partners for fixing messy dimensions implementation,,,10,,platform_services,,P3
missing,dayforce managed services customer reviews or experiences or case studies,,,10,,platform_services,,P3
missing,find hr solution implementation partner for ukg,,,10,,platform_services,,P3
missing,public sector hcm,,,10,,industry,,P3
missing,dayforce vs adp vs ukg payroll comparison,,,10,0,compare,,P3
missing,implement new workforce management system,,,10,,hcm_services,,P3
missing,workforce management vendors that provide implementation and training services,,,10,,hcm_services,,P3
missing,best dayforce consulting firms for integrations with workday and netsuite,,,10,,compare,,P3
missing,dayforce vs competitors like workday ukg adp for hr directors,,,0,0,compare,,P3
missing,dayforce vs competitors payroll adp ukg workday,,,0,0,compare,,P3
missing,dayforce vs ukg dimensions,,,0,0,compare,,P3
missing,dayforce vs ukg vs adp workforce management comparison,,,0,0,compare,,P3
missing,ukg pro vs ceridian dayforce time and attendance,,,0,0,compare,,P3
