rank,keyword,volume,kd,cpc,bucket,notes
1,human capital management software,6600,33,20.02,info,
2,construction payroll services,1600,,36.06,industry,
3,what is human capital management,4400,46,2.88,info,
4,construction payroll software,1000,,27.23,industry,
5,accenture dayforce implementation partner,480,13,0.0,platform_services,conquest/comparison — Align already ranks for accenture dayforce implementation partner (#7); quick win
6,ceridian dayforce partner accenture,390,15,0.0,platform_services,conquest/comparison — Align already ranks for accenture dayforce implementation partner (#7); quick win
7,what is hcm software,1300,26,9.88,info,
8,hcm services,480,,18.69,hcm_services,
9,human capital management system,1600,45,17.63,info,
10,cloud based hcm solutions,1300,50,0.0,info,
11,manufacturing payroll software,390,20,33.49,industry,
12,ukg pro support,320,37,3.68,platform_services,
13,healthcare payroll software,320,16,19.26,industry,
14,hcm meaning in hr,590,,8.26,info,
15,best construction payroll software,260,,47.34,industry,
16,ukg training videos,170,25,0.0,platform_services,
17,accenture dayforce partner,140,7,0.0,platform_services,conquest/comparison — Align already ranks for accenture dayforce implementation partner (#7); quick win
18,ukg consulting services,140,12,8.61,platform_services,quick win
19,payroll software for healthcare,210,17,19.26,industry,
20,manufacturing workforce management,170,13,0.0,industry,quick win
21,payroll for construction companies,210,,43.41,industry,
22,hcm managed services,170,21,23.64,hcm_services,
23,what does hcm stand for,590,44,4.5,info,
24,ukg managed services,140,20,10.95,platform_services,
25,hospitality payroll system,170,16,0.0,industry,
26,manufacturing workforce management software,140,13,0.0,industry,quick win
27,hcm ukg,140,,7.0,platform_services,
28,ukg pro implementation partner,90,11,0.0,platform_services,quick win
29,ukg pro implementation services,90,13,0.0,platform_services,quick win
30,hr data integration services,110,,0.0,hcm_services,
31,best payroll software for healthcare,110,20,0.0,industry,
32,payroll for education,110,19,0.0,industry,
33,healthcare payroll services,90,11,0.0,industry,quick win
34,affordable but reliable dayforce implementation consultants for small businesses,70,0,0.0,platform_services,quick win
35,dayforce consulting services,70,9,0.0,platform_services,quick win
36,top-rated dayforce hcm consulting firms for mid-sized companies,70,10,0.0,platform_services,quick win
37,ukg implementation partner,70,13,4.96,platform_services,Align ranks #2; quick win
38,ukg certifications,90,,4.66,platform_services,
39,common challenges with hcm implementation,90,,0.0,hcm_services,
40,hr data integration,90,,8.46,hcm_services,
41,government payroll software,90,21,0.0,industry,
42,hr and payroll systems for education,90,23,0.0,industry,
43,paylocity vs paychex,110,,37.02,compare,
44,healthcare industry payroll,70,6,0.0,industry,quick win
45,hospitality payroll systems,70,10,0.0,industry,quick win
46,manufacturing workforce solutions,70,8,0.0,industry,quick win
47,payroll for healthcare,70,12,30.82,industry,quick win
48,payroll system for hospitality,70,6,0.0,industry,quick win
49,union payroll software,70,3,32.47,industry,quick win
50,education payroll software,90,26,0.0,industry,
51,accenture dayforce implementation,50,7,0.0,platform_services,conquest/comparison — Align already ranks for accenture dayforce implementation partner (#7)
52,dayforce partner certification requirements,50,4,0.0,platform_services,
53,ukg pro implementation,50,5,0.0,platform_services,
54,paychex vs paylocity,90,,28.0,compare,
55,workforce management software for manufacturing,70,19,0.0,industry,
56,hr and payroll system hospitality,50,10,0.0,industry,
57,hcm post go-live support checklist,40,0,0.0,hcm_services,
58,common challenges in hcm implementation,50,,0.0,hcm_services,
59,data conversion checklist,50,,0.0,hcm_services,
60,hr and payroll software healthcare,40,14,54.1,industry,
61,hr payroll system hospitality,40,15,0.0,industry,
62,workforce management for manufacturing,40,4,0.0,industry,
63,ukg pro hcm,40,,7.0,platform_services,
64,best dayforce consulting partners for full hr payroll implementation,30,0,0.0,platform_services,
65,best dayforce consulting services,30,0,0.0,platform_services,
66,dayforce certified consultant,30,0,0.0,platform_services,
67,dayforce implementation guide,30,0,0.0,platform_services,
68,ukg dimension implementation,30,0,0.0,platform_services,
69,ai integration with hcm systems,40,,0.0,hcm_services,
70,support for your hcm,40,,3.56,hcm_services,
71,exclusive hcm implementation partner,30,0,0.0,hcm_services,
72,hcm implementation service,30,0,0.0,hcm_services,
73,workforce management implementation,30,0,0.0,hcm_services,
74,ukg dimensions implementation,30,,0.0,platform_services,
75,what are hcm managed services,30,19,5.62,hcm_services,
76,best dayforce consultants for multi-state payroll,20,0,0.0,platform_services,
77,best ukg consulting partner for messy dimensions implementation,20,0,0.0,platform_services,
78,dayforce consulting services post go-live support comparison,20,0,0.0,platform_services,
79,dayforce consulting services post go-live support hands-on,20,0,0.0,platform_services,
80,dayforce managed services,20,0,12.2,platform_services,
81,hcm support services,20,0,0.0,hcm_services,
82,best dayforce implementation partners mid-market,20,,0.0,platform_services,
83,dayforce hr managed services,20,,0.0,platform_services,
84,dayforce vs ukg,20,0,9.02,compare,
85,ukg vs dayforce,20,0,5.52,compare,
86,hcm cloud erp post go live support,20,,0.0,hcm_services,
87,hcm implementation services,20,,0.0,hcm_services,
88,best ukg consulting partners for fixing messy dimensions implementation,10,,0.0,platform_services,
89,dayforce managed services customer reviews or experiences or case studies,10,,0.0,platform_services,
90,find hr solution implementation partner for ukg,10,,0.0,platform_services,
91,dayforce vs adp vs ukg payroll comparison,10,0,0.0,compare,
92,implement new workforce management system,10,,0.0,hcm_services,
93,workforce management vendors that provide implementation and training services,10,,0.0,hcm_services,
94,public sector hcm,10,,0.0,industry,
95,best dayforce consulting firms for integrations with workday and netsuite,10,,0.0,compare,
96,dayforce vs competitors like workday ukg adp for hr directors,0,0,0.0,compare,
97,dayforce vs competitors payroll adp ukg workday,0,0,0.0,compare,
98,dayforce vs ukg dimensions,0,0,0.0,compare,
99,dayforce vs ukg vs adp workforce management comparison,0,0,0.0,compare,
100,ukg pro vs ceridian dayforce time and attendance,0,0,0.0,compare,
