id,name,slug,issue,drop
1,Agnes Edmunds Bridal & Formals,agnes-edmunds-bridal-formals,placeholder,0
2,Al Tacos Locos,al-tacos-locos,placeholder,0
3,Apollo Wealth Advisors,lpl-financial,placeholder,0
4,APR Supply Company,apr-supply-company,placeholder,0
5,Borsello Landscaping,borsello-landscaping,placeholder,0
6,Boyle Energy,boyle-energy-heating-air-conditioning-oil-propane,placeholder,0
7,Brandywine Auto Parts,brandywine-auto-parts,placeholder,0
8,Captain Car Wash,captain-car-wash,placeholder,0
9,City Electric Supply West Chester,city-electric-supply,placeholder,0
10,Custom IT Solutions,custom-it-solutions,placeholder,0
11,Ember & Ale,ember-ale,placeholder,0
12,EPAM Philadelphia,epam,placeholder,0
13,Euphoria Nail Bar,euphoria-nail-bar,placeholder,0
14,Ferrari Philadelphia,ferrari-philadelphia,placeholder,0
15,Field 1 Post LLC,field-1-post-llc,placeholder,0
16,Francis Kaufman House,francis-kaufman-house,placeholder,0
17,Heart & Soul Tattoo,heart-soul-tattoo,placeholder,0
18,Highline Motors Aston,highline-motors,placeholder,0
19,Holiday Hair Quakertown,holiday-hair,placeholder,0
20,IVC Wealth Advisors,ivc-wealth-advisors,placeholder,0
21,J-Pro Pools Inc,j-pro-inc,placeholder,0
22,Johnny Destructo's Hero Complex,hero-complex,placeholder,0
23,Johnny's Pizza,johnny-s-pizza,dup,1
24,Just Tires Media,just-tires,placeholder,0
25,Kinetic Physical Therapy,kinetic-physical-therapy,placeholder,0
26,Manatawny Still Works,manatawny-still-works,placeholder,0
27,Ming's Chinese Restaurant,ming-s-chinese,placeholder,0
28,Narberth Pizza and Steaks,narberth-pizza,placeholder,0
29,NovaCare Rehabilitation Conshohocken,novacare,placeholder,0
30,"O'Donnell, Weiss & Mattei P.C.",o-donnell-weiss-mattei-p-c,placeholder,0
31,Ooka Hibachi and Sushi,ooka-hibachi-and-sushi,placeholder,0
32,Orthodontic Associates of Collegeville,dr-weiss-s-office,placeholder,0
33,Philadelphia Auto Accident Injury Attorney,philadelphia-auto-accident-injury-attorney,placeholder,0
34,Rally House Collegeville,rally-house-collegeville,placeholder,0
35,Red Hill Greenhouses & Florist,red-hill-greenhouses-florist,placeholder,0
36,Rocco's Brick Oven Pizzeria,rocco-s-brick-oven-pizzeria,placeholder,0
37,Seiler & Drury,seiler-drury,placeholder,0
38,Snyder Online Marketing,snyder-online-marketing,placeholder,0
39,The Edge Fitness Clubs Media,the-edge-fitness-clubs,placeholder,0
40,The Restaurant Store Plymouth Meeting,the-restaurant-store,placeholder,0
41,Theory Outlet at Philadelphia Premium Outlets,theory,placeholder,0
42,THR Insurance Agency,thr-insurance-agency,dup,1
43,TM Prestige Home Cash Buyer,tm-prestige-home-cash-buyer,placeholder,0
44,Towne Book Center & Wine Bar,towne-book-center-wine-bar,placeholder,0
45,Trend Auto Trader,trend-auto-trader,placeholder,0
46,UNO Pizzeria & Grill Oaks,uno-chicago-style-pizza,placeholder,0
47,Zuber Realty,zuber-realty,placeholder,0
48,Anthony Gueriera Jr. Insurance Agency LLC,anthony-gueriera-insurance,webgl,0
49,Art City Vets & Urgent Care,art-city-vets,webgl,0
50,Baldwin's Book Barn,baldwins-book-barn,webgl,0
51,Big Head Transport LLC,big-head-transport,webgl,0
52,Bàn Bàn Asian Bistro,ban-ban-asian-bistro,webgl,0
53,Dentistry for Life,dentistry-for-life,webgl,0
54,Elite Philly Auto Parts,elite-auto-parts,webgl,0
55,Frazer Antiques,frazer-antiques,webgl,0
56,Germantown Dental Group,germantown-dental-group,webgl,0
57,Golden Eagle Jewelers,golden-eagle-jewelry,webgl,0
58,Kehan's Auto Service,kehans-auto-service,webgl,0
59,Lee's Hoagie House of Horsham,lees-hoagie-house,webgl,0
60,Main Line Veterinary Hospital,main-line-veterinary-hospital,webgl,0
61,Morton Electric Pool & Spa,morton-electric-pool-spa,webgl,0
62,Pizza Peddler,pizza-peddler,webgl,0
63,Udis & Conn Orthodontics,udis-conn-orthodontics,webgl,0
64,UrgentVet Pottstown,urgentvet-pottstown,webgl,0
65,Welcome Dental,welcome-dental,webgl,0
66,Whitelands Animal Hospital,whitelands-animal-hospital,webgl,0
67,Wholly Grounds Coffeehouse,wholly-grounds,webgl,0
68,Dutton Road Veterinary Clinic,dutton-road-veterinary-clinic,nophoto,0
69,Always Dental Care,always-dental-care,genhero,0
70,Andorra Family Dentistry,andorra-family-dentistry,design,0
71,Artisan Wine and Cheese Cellars,artisan-wine-and-cheese-cellars,design,0
72,Auger Manufacturing Specialists,auger-manufacturing,design,0
73,Barnes Financial Group,barnes-financial-group,design,0
74,BeBalanced Royersford,be-balanced-hormone,design,0
75,Benjamin Lovell Shoes,benjamin-lovell-shoes,design,0
76,BG Electric Service LLC,bg-electric,design,0
77,BPM Fitness,bpm-fitness,design,0
78,C&C Super Seal,c-and-c-super-seal,design,0
79,Chadds Ford Animal Hospital,chadds-ford-animal-hospital,design,0
80,Chestnut Hill Animal Hospital,chestnut-hill-animal-hospital,design,0
81,Ciocca Pre-Owned Autos,ciocca-pre-owned-autos,design,0
82,Colmar Dentistry For Kids,colmar-dentistry-for-kids,design,0
83,County Line Veterinary Hospital,county-line-veterinary-hospital,design,0
84,Davidson Fabricating,davidson-fabricating,design,0
85,Del Chevrolet,del-chevrolet,design,0
86,Dinse Dental Care,dinse-dental-care,design,0
87,Dream Team Home Services,dream-team-hvac,design,0
88,DreamMaker Bath & Kitchen of Chester County,dreammaker-bath-kitchen,design,0
89,Eastern Dragon,eastern-dragon,design,0
90,Easy Auto Tag & Insurance,easy-auto-tag-insurance,design,0
91,"Eisenberg, Rothweiler, Winkler, Eisenberg & Jeck",eisenberg-rothweiler,design,0
92,Electric Direct,electric-direct,design,0
93,Elverson Supply,elverson-supply,design,0
94,Faulkner Buick GMC,faulkner-buick-gmc,design,0
95,Fillman & Sons Floors & More,fillman-and-sons-floors,design,0
96,Floral and Hardy of Skippack,floral-and-hardy,design,0
97,Frederick W. Oster Fine Violins,oster-fine-violins,design,0
98,Fredo's Deli,fredo-s-deli,design,0
99,Glen Eagle Pediatric Dentistry,glen-eagle-pediatric-dentistry,design,0
100,GO2 Tech,go2tech,design,0
101,Hamburg Animal Hospital,hamburg-animal-hospital,design,0
102,Harry's Hotdogs,harry-s-hotdogs,design,0
103,HaverCrown Dental,havercrown-dental,design,0
104,Home Furnishing Consignment,home-furnishings-consignment,design,0
105,Jarman Sales & Service,jarman-hvac,design,0
106,Johnny's Pizza & Pasta,johnnys-pizza,design,0
107,Katana Pittsburgh,katana,design,0
108,L. A. Verruni Landscaping,verruni-landscaping,design,0
109,Legacy Jewelers,legacy-jewelers,design,0
110,Live Urgent Care King of Prussia,live-urgent-care,design,0
111,MacLaren Kitchen and Bath,maclaren-kitchen-and-bath,design,0
112,Malvern Vision Care,malvern-vision-care,design,0
113,McMenamin & Margiotti,mcmenamin-margiotti,design,0
114,Metalmorphose Ironworks,metalmorphose-iron-studio,design,0
115,Nicky's Thai Kitchen Downtown,nicky-s-thai-kitchen,design,0
116,Nottingham Creamery,nottingham-creamery,design,0
117,Oaks Italian Deli And Pizzeria,oaks-italian-deli,design,0
118,OpenArc,openarc,design,0
119,OSS Health,oss-health,design,0
120,Peking Gourmet,peking-gourmet,design,0
121,Pennsylvania Dental Group,pennsylvania-dental-group,design,0
122,Philadelphia Garage,philadelphia-garage,design,0
123,Pipe Xpress,pipe-xpress,design,0
124,Plastic & Reconstructive Surgical Solutions,plastic-surgery-solutions,design,0
125,Pro Nails,pro-nails,design,0
126,Radiance Dental,radiance-dental,design,0
127,Reardon Dental Exton,reardon-dental,design,0
128,Riley Rodzianko & Clymer LLP,riley-rodzianko-and-clymer-llp,design,0
129,Salter's Fireplace,salters-fireplace,design,0
130,Sciacca Service Center,sciacca-service-center,design,0
131,Scott Lot,scott-lot,design,0
132,Sesame Inn,sesame-inn,design,0
133,Southampton Hot Tub,southampton-hot-tub,design,0
134,The New Pennsburg Diner,new-pennsburg-diner,design,0
135,THR Insurance,thr-insurance,design,0
136,Train and Nourish,train-and-nourish,design,0
137,WJA Landscaping,wja-landscaping,design,0
138,Wynnewood Eye Care,wynnewood-eyecare,design,0
