prospect_id,business_name,website,vertical,market,site_quality_score,site_quality_band,confidence,opportunity_score,verdict,offer,tier_reached,next_action
built:1,Geno's Steaks,https://www.genosteaks.com/,Restaurant,PHL,64,dated,0.91,51,polish,landing page + CRO engagement,0,"Pitch a single high-intent landing page, not a full rebuild — their site is decent"
built:2,Pat's King of Steaks,https://www.patskingofsteaks.com/,Restaurant,PHL,67,dated,0.91,43,polish,landing page + CRO engagement,0,"Pitch a single high-intent landing page, not a full rebuild — their site is decent"
built:3,Di Bruno Bros. Italian Market,https://dibruno.com/,Specialty Foods,PHL,65,dated,0.91,51,polish,landing page + CRO engagement,0,"Pitch a single high-intent landing page, not a full rebuild — their site is decent"
built:4,Termini Brothers Bakery,https://termini.com/,Bakery,PHL,70,unconfirmed,0.91,48,verify,undecided — needs a rendered audit,0,"Run Tier 1 (rendered) audit: no markup faults found, but design was never seen"
built:5,Isgro Pastries,https://www.isgropastries.com/,Bakery,PHL,72,unconfirmed,0.91,46,verify,undecided — needs a rendered audit,0,"Run Tier 1 (rendered) audit: no markup faults found, but design was never seen"
built:6,John's Roast Pork,https://johnsroastpork.com/,Restaurant,PHL,55,dated,0.91,51,nurture,low-cost touch only,0,Bad site but opportunity 51 < build floor 55 — not worth a build slot
built:7,Franklin Fountain,https://franklinfountain.com/,Ice Cream & Sweets,PHL,60,dated,0.91,48,polish,landing page + CRO engagement,0,"Pitch a single high-intent landing page, not a full rebuild — their site is decent"
built:8,Zahav,https://www.zahavrestaurant.com/,Restaurant,PHL,68,dated,0.91,49,polish,landing page + CRO engagement,0,"Pitch a single high-intent landing page, not a full rebuild — their site is decent"
built:9,Standard Tap,https://standardtap.com/,Gastropub,PHL,63,dated,0.91,52,polish,landing page + CRO engagement,0,"Pitch a single high-intent landing page, not a full rebuild — their site is decent"
built:10,"La Colombe Coffee Roasters, Rittenhouse Square",https://www.lacolombe.com/pages/cafes/south-station,Coffee Roaster,PHL,68,dated,0.91,49,polish,landing page + CRO engagement,0,"Pitch a single high-intent landing page, not a full rebuild — their site is decent"
built:11,Frankford Hall,https://frankfordhall.com/,Beer Garden,PHL,66,dated,0.91,45,polish,landing page + CRO engagement,0,"Pitch a single high-intent landing page, not a full rebuild — their site is decent"
built:12,Johnny Brenda's,https://johnnybrendas.com/,Restaurant & Music,PHL,72,unconfirmed,0.91,40,verify,undecided — needs a rendered audit,0,"Run Tier 1 (rendered) audit: no markup faults found, but design was never seen"
built:13,Suraya,https://www.surayaphilly.com/,Restaurant,PHL,72,unconfirmed,0.91,46,verify,undecided — needs a rendered audit,0,"Run Tier 1 (rendered) audit: no markup faults found, but design was never seen"
built:14,ReAnimator Coffee,https://www.reanimatorcoffee.com/,Coffee,PHL,65,dated,0.91,51,polish,landing page + CRO engagement,0,"Pitch a single high-intent landing page, not a full rebuild — their site is decent"
built:15,Victor Cafe,https://victorcafe.com/,Restaurant,PHL,58,dated,0.91,55,polish,landing page + CRO engagement,0,"Pitch a single high-intent landing page, not a full rebuild — their site is decent"
built:16,Morris Arboretum & Gardens,https://www.morrisarboretum.org/,Botanical Garden,PHL,64,dated,0.91,51,polish,landing page + CRO engagement,0,"Pitch a single high-intent landing page, not a full rebuild — their site is decent"
built:17,Eastern State Penitentiary,https://easternstate.org/,Historic Site,PHL,58,dated,0.91,55,polish,landing page + CRO engagement,0,"Pitch a single high-intent landing page, not a full rebuild — their site is decent"
built:18,Philadelphia's Magic Gardens,https://www.phillymagicgardens.org/,Arts & Culture,PHL,68,dated,0.91,49,polish,landing page + CRO engagement,0,"Pitch a single high-intent landing page, not a full rebuild — their site is decent"
built:19,Bartram's Garden,https://www.bartramsgarden.org/,Botanical Garden,PHL,73,unconfirmed,0.91,46,verify,undecided — needs a rendered audit,0,"Run Tier 1 (rendered) audit: no markup faults found, but design was never seen"
built:20,Reading Terminal Market,https://readingterminalmarket.org/,Public Market,PHL,69,dated,0.91,42,polish,landing page + CRO engagement,0,"Pitch a single high-intent landing page, not a full rebuild — their site is decent"
built:21,Fante's Kitchen Shop,https://fantes.com/,Kitchenware,PHL,64,dated,0.91,45,polish,landing page + CRO engagement,0,"Pitch a single high-intent landing page, not a full rebuild — their site is decent"
built:23,"MOM's Organic Market, Center City",https://momsorganicmarket.com/pennsylvania/center-city/,Natural Grocery,PHL,67,dated,0.91,37,polish,landing page + CRO engagement,0,"Pitch a single high-intent landing page, not a full rebuild — their site is decent"
built:24,Good Dog Bar,https://gooddogbar.com/,Bar & Restaurant,PHL,71,unconfirmed,0.91,42,verify,undecided — needs a rendered audit,0,"Run Tier 1 (rendered) audit: no markup faults found, but design was never seen"
built:25,Square 1682,https://www.square1682.com/,Restaurant,PHL,57,dated,0.91,49,polish,landing page + CRO engagement,0,"Pitch a single high-intent landing page, not a full rebuild — their site is decent"
built:26,Academy Chiropractic Center,https://www.academychiropracticcenter.com/,Medical & Healthcare,PHL,66,dated,0.91,54,polish,landing page + CRO engagement,0,"Pitch a single high-intent landing page, not a full rebuild — their site is decent"
built:27,Acupuncture Medical Practice,https://acupuncturephilly.com/,Medical & Healthcare,PHL,64,dated,0.91,60,polish,landing page + CRO engagement,0,"Pitch a single high-intent landing page, not a full rebuild — their site is decent"
built:28,Bridesburg Spine and Injury Clinic,https://www.bridesburgchiro.com/,Medical & Healthcare,PHL,71,unconfirmed,0.91,51,verify,undecided — needs a rendered audit,0,"Run Tier 1 (rendered) audit: no markup faults found, but design was never seen"
built:29,"Bustleton Services, Inc",https://www.bustletonservices.com/,Home Services,PHL,69,dated,0.91,57,polish,landing page + CRO engagement,0,"Pitch a single high-intent landing page, not a full rebuild — their site is decent"
built:30,Dependable Concrete Contractor LLC,https://dependableconcrete.com/,Home Services,PHL,75,unconfirmed,0.91,54,verify,undecided — needs a rendered audit,0,"Run Tier 1 (rendered) audit: no markup faults found, but design was never seen"
built:31,E & E Cleaning Services,https://www.eandecleaning.com/,Home Services,PHL,66,dated,0.91,60,polish,landing page + CRO engagement,0,"Pitch a single high-intent landing page, not a full rebuild — their site is decent"
built:32,Farrell's Roofing,https://www.farrellsroofingphiladelphia.com/,Home Services,PHL,71,unconfirmed,0.91,57,verify,undecided — needs a rendered audit,0,"Run Tier 1 (rendered) audit: no markup faults found, but design was never seen"
built:33,Greater Philadelphia Chiropractic Center,https://www.philadelphiachiropractic.net/,Medical & Healthcare,PHL,69,dated,0.91,51,polish,landing page + CRO engagement,0,"Pitch a single high-intent landing page, not a full rebuild — their site is decent"
built:34,Hal Rosenthaler DMD,https://halrosenthalerdmd.com/,Medical & Healthcare,PHL,63,dated,0.91,62,polish,landing page + CRO engagement,0,"Pitch a single high-intent landing page, not a full rebuild — their site is decent"
built:36,Martha's Sophisticated Shine,https://sophisticatedshine.com/,Home Services,PHL,66,dated,0.91,60,polish,landing page + CRO engagement,0,"Pitch a single high-intent landing page, not a full rebuild — their site is decent"
built:37,Mayfair Family Chiropractic Center,https://www.mayfairchiro.com/,Medical & Healthcare,PHL,68,dated,0.91,52,polish,landing page + CRO engagement,0,"Pitch a single high-intent landing page, not a full rebuild — their site is decent"
built:38,Mayfair Fence,https://www.mayfairfence.com/,Home Services,PHL,54,dated,0.91,66,rebuild,Tier-A demo site + direct mail QR,0,Queue a site-factory brief (/mirror-and-improve)
built:39,Metro Physical Medicine,https://metrophysicalmedicine.com/,Medical & Healthcare,PHL,66,dated,0.91,54,polish,landing page + CRO engagement,0,"Pitch a single high-intent landing page, not a full rebuild — their site is decent"
built:40,Moss Contracting,https://mosscontractingllc.com/,Home Services,PHL,71,unconfirmed,0.91,57,verify,undecided — needs a rendered audit,0,"Run Tier 1 (rendered) audit: no markup faults found, but design was never seen"
built:41,Northeast Family Foot Care,https://www.northeastfamilyfootcare.com/,Medical & Healthcare,PHL,67,dated,0.91,52,polish,landing page + CRO engagement,0,"Pitch a single high-intent landing page, not a full rebuild — their site is decent"
built:42,Oxford Rehabilitation Center,https://www.oxfordrehab.com/,Medical & Healthcare,PHL,72,unconfirmed,0.91,49,verify,undecided — needs a rendered audit,0,"Run Tier 1 (rendered) audit: no markup faults found, but design was never seen"
built:43,"Patriot Fence & Ironworks, LLC",https://www.patriotfenceandironworks.com/,Home Services,PHL,64,dated,0.91,54,polish,landing page + CRO engagement,0,"Pitch a single high-intent landing page, not a full rebuild — their site is decent"
built:44,Philly Medical and Rehab Associates,https://www.mypmra.com/,Medical & Healthcare,PHL,65,dated,0.91,60,polish,landing page + CRO engagement,0,"Pitch a single high-intent landing page, not a full rebuild — their site is decent"
built:45,PT in Philly,https://www.ptinphilly.com/,Medical & Healthcare,PHL,68,dated,0.91,58,polish,landing page + CRO engagement,0,"Pitch a single high-intent landing page, not a full rebuild — their site is decent"
built:47,Rittenhouse Square Chiropractic,https://rittenhousechiro.com/,Medical & Healthcare,PHL,66,dated,0.91,60,polish,landing page + CRO engagement,0,"Pitch a single high-intent landing page, not a full rebuild — their site is decent"
built:48,Rufus Chiropractic and Wellness,https://www.rufuschiropractic.com/,Medical & Healthcare,PHL,71,unconfirmed,0.91,51,verify,undecided — needs a rendered audit,0,"Run Tier 1 (rendered) audit: no markup faults found, but design was never seen"
built:50,ZBC General Contracting,https://www.zbccontracting.com/,Plumbing / sewer,PHL,68,dated,0.91,58,polish,landing page + CRO engagement,0,"Pitch a single high-intent landing page, not a full rebuild — their site is decent"
built:76,"A.M. Electric, Inc.",https://www.amelectricservice.com/,Electrical,PHL,70,unconfirmed,0.91,57,verify,undecided — needs a rendered audit,0,"Run Tier 1 (rendered) audit: no markup faults found, but design was never seen"
built:77,All Phase Electric Co.,https://allphaseelectricco.com/,Electrical,PHL,70,unconfirmed,0.91,57,verify,undecided — needs a rendered audit,0,"Run Tier 1 (rendered) audit: no markup faults found, but design was never seen"
built:78,APT Heating and Cooling,https://www.aptheating.com/,HVAC,PHL,63,dated,0.91,62,polish,landing page + CRO engagement,0,"Pitch a single high-intent landing page, not a full rebuild — their site is decent"
built:79,"Bill Frusco Plumbing, Heating & Cooling",https://www.billfrusco.com/,Plumbing / HVAC /,PHL,75,unconfirmed,0.91,48,verify,undecided — needs a rendered audit,0,"Run Tier 1 (rendered) audit: no markup faults found, but design was never seen"
built:80,"Borden Heating & Cooling, Inc.",https://bordenco.com/,HVAC,PHL,67,dated,0.91,52,polish,landing page + CRO engagement,0,"Pitch a single high-intent landing page, not a full rebuild — their site is decent"
built:81,"Brandon Electric, Inc.",https://brandonelectricpa.com/,Electrical,PHL,68,dated,0.91,52,polish,landing page + CRO engagement,0,"Pitch a single high-intent landing page, not a full rebuild — their site is decent"
built:82,Centrum Mechanical Services,https://centrummechanical.com/,Mechanical / HVAC /,PHL,68,dated,0.91,52,polish,landing page + CRO engagement,0,"Pitch a single high-intent landing page, not a full rebuild — their site is decent"
built:83,Charles Schillinger Company,https://cschillinger.com/,"Metal spinning / forming 1329 Ford Road, Bensalem, PA 19020",PHL,64,dated,0.91,38,polish,landing page + CRO engagement,0,"Pitch a single high-intent landing page, not a full rebuild — their site is decent"
built:84,"Cleaned by D&D, LLC",https://www.cleanedbydd.com/,Commercial cleaning,PHL,69,dated,0.91,57,polish,landing page + CRO engagement,0,"Pitch a single high-intent landing page, not a full rebuild — their site is decent"
built:86,"Dunryte Electric, Inc.",https://dunryteelectric.com/,Electrical,PHL,54,dated,0.91,66,rebuild,Tier-A demo site + direct mail QR,0,Queue a site-factory brief (/mirror-and-improve)
built:87,"Ernest D. Menold, Inc.",https://www.menold.com/,General sheet metal,PHL,67,dated,0.91,43,polish,landing page + CRO engagement,0,"Pitch a single high-intent landing page, not a full rebuild — their site is decent"
built:88,Gallagher Fabrication & Machine,https://www.gallagherfab.com/,Fabrication / machining,PHL,63,dated,0.91,62,polish,landing page + CRO engagement,0,"Pitch a single high-intent landing page, not a full rebuild — their site is decent"
built:89,Guaranteed Plumbing & Heating,https://www.guaranteedplumbingandheating.com/,Plumbing / HVAC,PHL,75,unconfirmed,0.91,48,verify,undecided — needs a rendered audit,0,"Run Tier 1 (rendered) audit: no markup faults found, but design was never seen"
built:90,H&G Sign Company,https://www.hgsign.com/,Signage / fabrication,PHL,27,broken,0.36,83,enrich,undecided,0,Confidence 36% is too low to route. Run the Tier 1 rendered audit.
built:91,"JDV Electric, LLC",https://www.jdvelectric.com/,Electrical,PHL,76,unconfirmed,0.91,48,verify,undecided — needs a rendered audit,0,"Run Tier 1 (rendered) audit: no markup faults found, but design was never seen"
built:92,K.A.M. Sheet Metal & Fab,https://www.kamsheetmetal.com/home-1,Sheet metal /,PHL,66,dated,0.91,45,polish,landing page + CRO engagement,0,"Pitch a single high-intent landing page, not a full rebuild — their site is decent"
built:93,Manayunk Plumbing & Heating,https://manayunkplumbingheating.com/,Plumbing / HVAC,PHL,67,dated,0.91,52,polish,landing page + CRO engagement,0,"Pitch a single high-intent landing page, not a full rebuild — their site is decent"
built:94,"Solution Based Plumbing and Heating, Inc.",https://sbphinc.com/,Plumbing / heating,PHL,70,unconfirmed,0.91,51,verify,undecided — needs a rendered audit,0,"Run Tier 1 (rendered) audit: no markup faults found, but design was never seen"
built:95,Strickland Electric,https://strickelectric.com/,Electrical,PHL,65,dated,0.91,60,polish,landing page + CRO engagement,0,"Pitch a single high-intent landing page, not a full rebuild — their site is decent"
built:96,Summers Quality Services,https://www.summersquality.com/,HVAC / plumbing /,PHL,67,dated,0.91,52,polish,landing page + CRO engagement,0,"Pitch a single high-intent landing page, not a full rebuild — their site is decent"
built:98,"Waste Gas Fabricating Company, Inc.",https://wastegas.com/,Heavy steel fabrication,PHL,33,decayed,0.91,80,rebuild,Tier-A demo site + direct mail QR,0,Queue a site-factory brief (/mirror-and-improve)
built:99,"Wilson's Forklift Service, LLC",https://wilsonsforklift.com/,Forklift service,PHL,66,dated,0.91,45,polish,landing page + CRO engagement,0,"Pitch a single high-intent landing page, not a full rebuild — their site is decent"
built:100,Young's Electrical Services Inc.,https://www.youngselectricalservicesinc.com/,Electrical,PHL,70,unconfirmed,0.91,57,verify,undecided — needs a rendered audit,0,"Run Tier 1 (rendered) audit: no markup faults found, but design was never seen"
