prospect_id,business_name,batch,vertical,url_graded,state,signal,band,confidence,viability,lane,priority,pitch_website,outreach_eligible,why,top_gap_1,top_gap_2,top_gap_3,graded_at,expires
PHL-B1-bartram-garden,Bartram's Garden,B1,arts-culture,https://www.bartramsgarden.org/,live,64,dated,1,35,enrich,9,,false,"SIGNAL 64 — dated site, but ability to pay is unknown","No marquee, blink, or jQuery-era carousel: jQuery slow animation",main/header/nav landmarks or skip link: no semantic landmarks,"Clear primary CTA near the top: 4 button-styled links, no CTA copy",2026-08-06,2026-11-04
PHL-B1-dibruno-bros,Di Bruno Bros. Italian Market,B1,retail,https://dibruno.com/,live,77,solid,1,35,adjacent,0,false,false,"SIGNAL 77 — site is solid, the gap is elsewhere","Name, address, phone as selectable text: no phone or address as selectable text",Phone number is a tel: link: no phone number on the page,HTML document under 150KB: 1889KB HTML document,2026-08-06,2027-02-02
PHL-B1-eastern-state,Eastern State Penitentiary,B1,arts-culture,https://easternstate.org/,live,69,solid,0.92,35,adjacent,0,false,false,"SIGNAL 69 — site is solid, the gap is elsewhere",JSON-LD parses with a business type: no JSON-LD,"Modern formats, srcset, no GIF photography: 9 images, none modern-format or responsive",Phone number is a tel: link: no phone number on the page,2026-08-06,2027-02-02
PHL-B1-fantes-kitchen-shop,Fante's Kitchen Shop,B1,retail,https://fantes.com/,live,75,solid,1,35,adjacent,0,false,false,"SIGNAL 75 — site is solid, the gap is elsewhere",JSON-LD parses with a business type: no JSON-LD,"Modern formats, srcset, no GIF photography: 45 images, none modern-format or responsive","Custom properties, grid/flex, fluid type: only flex",2026-08-06,2027-02-02
PHL-B1-frankford-hall,Frankford Hall,B1,restaurant,https://frankfordhall.com/,live,79,solid,1,35,adjacent,0,false,false,"SIGNAL 79 — site is solid, the gap is elsewhere","Modern formats, srcset, no GIF photography: 10 images, none modern-format or responsive","Phone number is a tel: link: phone is text only, not tappable",Meta description present and sized: meta description 193 chars,2026-08-06,2027-02-02
PHL-B1-franklin-fountain,Franklin Fountain,B1,restaurant,https://franklinfountain.com/,blocked,28,weak,0.95,35,manual,0,,false,Bot wall blocked the grade — could be an excellent site,"Custom properties, grid/flex, fluid type: no modern CSS features found",JSON-LD parses with a business type: no JSON-LD,"Modern formats, srcset, no GIF photography: no images at all",2026-08-06,2026-11-04
PHL-B1-genos-steaks,Geno's Steaks,B1,restaurant,https://www.genosteaks.com/,live,91,excellent,0.95,35,hands_off,0,false,false,SIGNAL 91 — already an excellent site,"JSON-LD parses with a business type: JSON-LD present (WebPage, ImageObject, BreadcrumbList, WebSite) but no business type",Hours published on the page: no hours on the page,"Fewer than 15 scripts, none blocking: 46 external scripts, 37 blocking",2026-08-06,2027-02-02
PHL-B1-good-dog-bar,Good Dog Bar,B1,restaurant,https://gooddogbar.com/,live,79,solid,1,35,adjacent,0,false,false,"SIGNAL 79 — site is solid, the gap is elsewhere","JSON-LD parses with a business type: JSON-LD present (WebPage, BreadcrumbList, WebSite) but no business type",Meta description present and sized: no meta description,"Modern formats, srcset, no GIF photography: 6 responsive, no webp/avif",2026-08-06,2027-02-02
PHL-B1-isgro-pastries,Isgro Pastries,B1,bakery,https://www.isgropastries.com/,live,88,excellent,1,35,hands_off,0,false,false,SIGNAL 88 — already an excellent site,"Modern formats, srcset, no GIF photography: 21 responsive, no webp/avif","One h1, real h2 structure: no h1","Fewer than 15 scripts, none blocking: 38 external scripts, 7 blocking",2026-08-06,2027-02-02
PHL-B1-johnny-brendas,Johnny Brenda's,B1,restaurant,https://johnnybrendas.com/,live,84,excellent,1,35,hands_off,0,false,false,SIGNAL 84 — already an excellent site,HTML document under 150KB: 567KB HTML,"Modern formats, srcset, no GIF photography: 5 responsive, no webp/avif","One h1, real h2 structure: no h1",2026-08-06,2027-02-02
PHL-B1-johns-roast-pork,John's Roast Pork,B1,restaurant,https://johnsroastpork.com/,live,73,solid,1,35,adjacent,0,false,false,"SIGNAL 73 — site is solid, the gap is elsewhere",JSON-LD parses with a business type: no JSON-LD,"Name, address, phone as selectable text: no phone or address as selectable text",Phone number is a tel: link: no phone number on the page,2026-08-06,2027-02-02
PHL-B1-la-colombe-rittenhouse,"La Colombe Coffee Roasters, Rittenhouse Square",B1,cafe,https://www.lacolombe.com/,live,77,solid,1,35,adjacent,0,false,false,"SIGNAL 77 — site is solid, the gap is elsewhere","Name, address, phone as selectable text: no phone or address as selectable text",Phone number is a tel: link: no phone number on the page,HTML document under 150KB: 640KB HTML document,2026-08-06,2027-02-02
PHL-B1-magic-gardens,Philadelphia's Magic Gardens,B1,arts-culture,https://www.phillymagicgardens.org/,live,79,solid,1,35,adjacent,0,false,false,"SIGNAL 79 — site is solid, the gap is elsewhere","Phone number is a tel: link: phone is text only, not tappable","Modern formats, srcset, no GIF photography: 5 responsive, no webp/avif",Clear primary CTA near the top: CTA exists but buried,2026-08-06,2027-02-02
PHL-B1-moms-organic-market,"MOM's Organic Market, Center City",B1,retail,https://momsorganicmarket.com/,blocked,28,weak,0.95,35,manual,0,,false,Bot wall blocked the grade — could be an excellent site,"Custom properties, grid/flex, fluid type: no modern CSS features found",JSON-LD parses with a business type: no JSON-LD,"Modern formats, srcset, no GIF photography: no images at all",2026-08-06,2026-11-04
PHL-B1-morris-arboretum,Morris Arboretum,B1,arts-culture,https://www.morrisarboretum.org/,live,76,solid,0.95,35,adjacent,0,false,false,"SIGNAL 76 — site is solid, the gap is elsewhere",JSON-LD parses with a business type: no JSON-LD,"Phone number is a tel: link: phone is text only, not tappable",Meta description present and sized: meta description 37 chars,2026-08-06,2027-02-02
PHL-B1-pats-king-steaks,Pat's King of Steaks,B1,restaurant,https://www.patskingofsteaks.com/,live,76,solid,1,35,adjacent,0,false,false,"SIGNAL 76 — site is solid, the gap is elsewhere",Phone number is a tel: link: no phone number on the page,JSON-LD parses with a business type: JSON-LD present (WebSite) but no business type,Meta description present and sized: meta description 372 chars,2026-08-06,2027-02-02
PHL-B1-philadelphia-record-exchange,Philadelphia Record Exchange,B1,retail,,social-only,,,,35,enrich,25,,false,"Social profile only, no site of their own — confirm ability to pay, then build",,,,2026-08-06,2026-11-04
PHL-B1-reading-terminal,Reading Terminal Market,B1,retail,https://readingterminalmarket.org/,live,64,dated,1,35,enrich,9,,false,"SIGNAL 64 — dated site, but ability to pay is unknown","No marquee, blink, or jQuery-era carousel: jQuery-era slider","Phone number is a tel: link: phone is text only, not tappable","Custom properties, grid/flex, fluid type: only custom properties, aspect-ratio",2026-08-06,2026-11-04
PHL-B1-reanimator-coffee,ReAnimator Coffee,B1,cafe,https://www.reanimatorcoffee.com/,live,64,dated,1,35,enrich,9,,false,"SIGNAL 64 — dated site, but ability to pay is unknown","Name, address, phone as selectable text: no phone or address as selectable text",Phone number is a tel: link: no phone number on the page,"No Flash, framesets, or pre-2013 jQuery: document.write",2026-08-06,2026-11-04
PHL-B1-square-1682,Square 1682,B1,restaurant,https://www.square1682.com/,live,64,dated,0.95,35,enrich,9,,false,"SIGNAL 64 — dated site, but ability to pay is unknown","Modern formats, srcset, no GIF photography: 7 images, none modern-format or responsive","Name, address, phone as selectable text: no phone or address as selectable text",Phone number is a tel: link: no phone number on the page,2026-08-06,2026-11-04
PHL-B1-standard-tap,Standard Tap,B1,restaurant,https://standardtap.com/,js-shell,44,weak,0.95,35,manual,0,,false,"Client-rendered site: static HTML is not the page, needs a render pass","Modern formats, srcset, no GIF photography: 6 images, none modern-format or responsive","Name, address, phone as selectable text: no phone or address as selectable text","Responsive viewport meta: viewport ""initial-scale=1"" is not device-width",2026-08-06,2026-11-04
PHL-B1-suraya,Suraya,B1,restaurant,https://www.surayaphilly.com/,live,83,excellent,1,35,hands_off,0,false,false,SIGNAL 83 — already an excellent site,"Phone number is a tel: link: phone is text only, not tappable","Real page title, not a template default: title 78 chars, truncates in results",Meta description present and sized: meta description 269 chars,2026-08-06,2027-02-02
PHL-B1-termini-bros,Termini Bros.,B1,bakery,https://termini.com/,live,84,excellent,1,35,hands_off,0,false,false,SIGNAL 84 — already an excellent site,"Real page title, not a template default: title 97 chars, truncates in results",HTML document under 150KB: 499KB HTML,Meta description present and sized: meta description 245 chars,2026-08-06,2027-02-02
PHL-B1-victor-cafe,Victor Cafe,B1,restaurant,https://victorcafe.com/,blocked,32,weak,0.95,35,manual,0,,false,Bot wall blocked the grade — could be an excellent site,"Custom properties, grid/flex, fluid type: no modern CSS features found",JSON-LD parses with a business type: no JSON-LD,"Modern formats, srcset, no GIF photography: no images at all",2026-08-06,2026-11-04
PHL-B1-zahav,Zahav,B1,restaurant,https://www.zahavrestaurant.com/,js-shell,68,solid,1,35,manual,0,,false,"Client-rendered site: static HTML is not the page, needs a render pass","Name, address, phone as selectable text: no phone or address as selectable text",Phone number is a tel: link: no phone number on the page,"Real page title, not a template default: title only 5 chars",2026-08-06,2026-11-04
PHL-B2-academy-chiropractic-center,Academy Chiropractic Center,B2,chiropractic,https://www.academychiropracticcenter.com/,live,64,dated,1,35,enrich,9,,false,"SIGNAL 64 — dated site, but ability to pay is unknown","Not a parked page, ADI default, or coming-soon: Wix ADI default",First byte under 1200ms: 6029ms to first byte,"Modern formats, srcset, no GIF photography: 13 responsive, no webp/avif",2026-08-06,2026-11-04
PHL-B2-acupuncture-medical-practice,Acupuncture Medical Practice,B2,physical-therapy,https://acupuncturephilly.com/,live,85,excellent,1,35,hands_off,0,false,false,SIGNAL 85 — already an excellent site,"Phone number is a tel: link: phone is text only, not tappable","Modern formats, srcset, no GIF photography: 19 responsive, no webp/avif",Clear primary CTA near the top: CTA exists but buried,2026-08-06,2027-02-02
PHL-B2-bridesburg-spine-and-injury-clinic,Bridesburg Spine and Injury Clinic,B2,physical-therapy,https://www.bridesburgchiro.com/,live,87,excellent,1,35,hands_off,0,false,false,SIGNAL 87 — already an excellent site,"Modern formats, srcset, no GIF photography: 5 images, none modern-format or responsive",HTML document under 150KB: 758KB HTML document,"Clear primary CTA near the top: 9 button-styled links, no CTA copy",2026-08-06,2027-02-02
PHL-B2-bustleton-services,Bustleton Services,B2,medical,https://www.bustletonservices.com/,live,78,solid,1,35,adjacent,0,false,false,"SIGNAL 78 — site is solid, the gap is elsewhere","Phone number is a tel: link: phone is text only, not tappable",JSON-LD parses with a business type: JSON-LD present (WebSite) but no business type,HTML document under 150KB: 463KB HTML,2026-08-06,2027-02-02
PHL-B2-dependable-concrete,Dependable Concrete,B2,concrete,https://dependableconcrete.com/,live,37,weak,0.95,35,enrich,15,,false,"SIGNAL 37 — weak site, but ability to pay is unknown","Custom properties, grid/flex, fluid type: no modern CSS features found",JSON-LD parses with a business type: no JSON-LD,"Modern formats, srcset, no GIF photography: no images at all",2026-08-06,2026-11-04
PHL-B2-e-and-e-cleaning,E and E Cleaning,B2,cleaning,https://www.eandecleaning.com/,js-shell,64,dated,1,35,manual,0,,false,"Client-rendered site: static HTML is not the page, needs a render pass","Phone number is a tel: link: phone is text only, not tappable","Not a parked page, ADI default, or coming-soon: Wix ADI default",300+ words of genuine body copy: 104 words,2026-08-06,2026-11-04
PHL-B2-farrells-roofing,Farrells Roofing,B2,roofing,https://www.farrellsroofingphiladelphia.com/,live,72,solid,1,35,adjacent,0,false,false,"SIGNAL 72 — site is solid, the gap is elsewhere",HTML document under 150KB: 649KB HTML document,First byte under 1200ms: 4776ms to first byte,"Custom properties, grid/flex, fluid type: only custom properties, grid",2026-08-06,2027-02-02
PHL-B2-greater-philadelphia-chiropractic-center,Greater Philadelphia Chiropractic Center,B2,chiropractic,https://www.philadelphiachiropractic.net/,live,64,dated,0.95,35,enrich,9,,false,"SIGNAL 64 — dated site, but ability to pay is unknown","No marquee, blink, or jQuery-era carousel: jQuery-era slider","Modern formats, srcset, no GIF photography: 2/3 images are GIFs","Real page title, not a template default: title 104 chars, truncates in results",2026-08-06,2026-11-04
PHL-B2-hal-rosenthaler-dmd,Hal Rosenthaler DMD,B2,dental,https://halrosenthalerdmd.com/,live,79,solid,1,35,adjacent,0,false,false,"SIGNAL 79 — site is solid, the gap is elsewhere","Phone number is a tel: link: phone is text only, not tappable","JSON-LD parses with a business type: JSON-LD present (WebPage, BreadcrumbList, WebSite) but no business type",Meta description present and sized: no meta description,2026-08-06,2027-02-02
PHL-B2-lawrence-kassan-podiatry,Lawrence Kassan Podiatry,B2,podiatry,https://www.philadelphiafeet.com/,live,64,dated,1,35,enrich,9,,false,"SIGNAL 64 — dated site, but ability to pay is unknown",JSON-LD parses with a business type: no JSON-LD,"Modern formats, srcset, no GIF photography: 9 images, none modern-format or responsive","Responsive viewport meta: viewport ""initial-scale=1, minimum-scale=1, maximum-scale=5, viewport-fit=cover"" is not device-width",2026-08-06,2026-11-04
PHL-B2-marthas-sophisticated-shine,Marthas Sophisticated Shine,B2,cleaning,https://sophisticatedshine.com/,live,79,solid,1,35,adjacent,0,false,false,"SIGNAL 79 — site is solid, the gap is elsewhere","Custom properties, grid/flex, fluid type: only flex, aspect-ratio","Modern formats, srcset, no GIF photography: 4 responsive, no webp/avif","Name, address, phone as selectable text: only phone + name as text",2026-08-06,2027-02-02
PHL-B2-mayfair-family-chiropractic,Mayfair Family Chiropractic,B2,chiropractic,https://www.mayfairchiro.com/,live,64,dated,1,35,enrich,9,,false,"SIGNAL 64 — dated site, but ability to pay is unknown","Phone number is a tel: link: phone is text only, not tappable","Not a parked page, ADI default, or coming-soon: Wix ADI default",HTML document under 150KB: 1021KB HTML document,2026-08-06,2026-11-04
PHL-B2-mayfair-fence,Mayfair Fence,B2,fence,https://www.mayfairfence.com/,live,68,solid,0.92,35,adjacent,0,false,false,"SIGNAL 68 — site is solid, the gap is elsewhere",JSON-LD parses with a business type: no JSON-LD,"Modern formats, srcset, no GIF photography: 16 images, none modern-format or responsive","Phone number is a tel: link: phone is text only, not tappable",2026-08-06,2027-02-02
PHL-B2-metro-physical-medicine,Metro Physical Medicine,B2,physical-therapy,https://metrophysicalmedicine.com/,live,79,solid,0.97,35,adjacent,0,false,false,"SIGNAL 79 — site is solid, the gap is elsewhere","JSON-LD parses with a business type: JSON-LD present (WebPage, ImageObject, BreadcrumbList, WebSite) but no business type",Meta description present and sized: meta description 235 chars,"Modern formats, srcset, no GIF photography: 9 responsive, no webp/avif",2026-08-06,2027-02-02
PHL-B2-moss-contracting,Moss Contracting,B2,construction,https://mosscontractingllc.com/,live,90,excellent,1,35,hands_off,0,false,false,SIGNAL 90 — already an excellent site,"Modern formats, srcset, no GIF photography: 7 responsive, no webp/avif",Clear primary CTA near the top: CTA exists but buried,Real hero: h1 plus a lead image or video: h1 but no lead image,2026-08-06,2027-02-02
PHL-B2-northeast-family-foot-care,Northeast Family Foot Care,B2,podiatry,https://www.northeastfamilyfootcare.com/,live,64,dated,1,35,enrich,9,,false,"SIGNAL 64 — dated site, but ability to pay is unknown","Real page title, not a template default: title 80 chars, truncates in results","Not a parked page, ADI default, or coming-soon: Wix ADI default","Modern formats, srcset, no GIF photography: 4 responsive, no webp/avif",2026-08-06,2026-11-04
PHL-B2-oxford-rehabilitation-center,Oxford Rehabilitation Center,B2,physical-therapy,https://www.oxfordrehab.com/,live,88,excellent,1,35,hands_off,0,false,false,SIGNAL 88 — already an excellent site,"Modern formats, srcset, no GIF photography: 4 webp/avif, no srcset",Clear primary CTA near the top: CTA exists but buried,"Fewer than 15 scripts, none blocking: 27 external scripts, 0 blocking",2026-08-06,2027-02-02
PHL-B2-patriot-fence-and-ironworks,Patriot Fence and Ironworks,B2,fence,https://www.patriotfenceandironworks.com/,live,64,dated,1,35,enrich,9,,false,"SIGNAL 64 — dated site, but ability to pay is unknown","Phone number is a tel: link: phone is text only, not tappable","Not a parked page, ADI default, or coming-soon: Wix ADI default","Form, booking embed, or contact page: no form, booking, or contact page",2026-08-06,2026-11-04
PHL-B2-philly-medical-and-rehab-associates,Philly Medical and Rehab Associates,B2,physical-therapy,https://www.mypmra.com/,dead,,,,35,enrich,25,,false,"Domain on file does not resolve or serve a page — confirm ability to pay, then build",,,,2026-08-06,2026-11-04
PHL-B2-pt-in-philly,PT IN Philly,B2,physical-therapy,https://www.ptinphilly.com/,live,64,dated,1,35,enrich,9,,false,"SIGNAL 64 — dated site, but ability to pay is unknown","Phone number is a tel: link: phone is text only, not tappable","Not a parked page, ADI default, or coming-soon: Wix ADI default",HTML document under 150KB: 680KB HTML document,2026-08-06,2026-11-04
PHL-B2-rhi-construction,Rhi Construction,B2,construction,https://www.rhihomes.com/,live,64,dated,1,35,enrich,9,,false,"SIGNAL 64 — dated site, but ability to pay is unknown","Not a parked page, ADI default, or coming-soon: Wix ADI default",HTML document under 150KB: 990KB HTML document,Meta description present and sized: meta description 364 chars,2026-08-06,2026-11-04
PHL-B2-rittenhouse-square-chiropractic,Rittenhouse Square Chiropractic,B2,chiropractic,https://rittenhousechiro.com/,live,84,excellent,1,35,hands_off,0,false,false,SIGNAL 84 — already an excellent site,"Phone number is a tel: link: phone is text only, not tappable","Real page title, not a template default: title 79 chars, truncates in results","Modern formats, srcset, no GIF photography: 12 responsive, no webp/avif",2026-08-06,2027-02-02
PHL-B2-rufus-chiropractic-and-wellness,Rufus Chiropractic and Wellness,B2,chiropractic,https://www.rufuschiropractic.com/,live,84,excellent,1,35,hands_off,0,false,false,SIGNAL 84 — already an excellent site,"Modern formats, srcset, no GIF photography: 4 responsive, no webp/avif","One h1, real h2 structure: no h1",Clear primary CTA near the top: CTA exists but buried,2026-08-06,2027-02-02
PHL-B2-scrc-accident-and-injury-center,Scrc Accident and Injury Center,B2,physical-therapy,https://springcrc.com/,dead,,,,35,enrich,25,,false,"Domain on file does not resolve or serve a page — confirm ability to pay, then build",,,,2026-08-06,2026-11-04
PHL-B2-zbc-general-contracting,Zbc General Contracting,B2,construction,https://www.zbccontracting.com/,js-shell,64,dated,1,35,manual,0,,false,"Client-rendered site: static HTML is not the page, needs a render pass","Phone number is a tel: link: phone is text only, not tappable","Real page title, not a template default: title 76 chars, truncates in results","Not a parked page, ADI default, or coming-soon: Wix ADI default",2026-08-06,2026-11-04
PHL-B3-a-positive-response-plumbing-llc,A Positive Response Plumbing LLC,B3,plumbing,,directory-only,,,,35,enrich,25,,false,"Only third-party directory listings — confirm ability to pay, then build",,,,2026-08-06,2026-11-04
PHL-B3-advanced-commercial-interior-inc,Advanced Commercial Interior Inc.,B3,home-services,,directory-only,,,,35,enrich,25,,false,"Only third-party directory listings — confirm ability to pay, then build",,,,2026-08-06,2026-11-04
PHL-B3-anton-s-plumbing-heating-inc,Anton S Plumbing Heating Inc.,B3,plumbing,,directory-only,,,,35,enrich,25,,false,"Only third-party directory listings — confirm ability to pay, then build",,,,2026-08-06,2026-11-04
PHL-B3-bryn-mawr-plumbing-heating-co-inc,Bryn Mawr Plumbing Heating CO Inc.,B3,plumbing,,directory-only,,,,35,enrich,25,,false,"Only third-party directory listings — confirm ability to pay, then build",,,,2026-08-06,2026-11-04
PHL-B3-c-mazzoni-brothers-inc,C Mazzoni Brothers Inc.,B3,home-services,,directory-only,,,,35,enrich,25,,false,"Only third-party directory listings — confirm ability to pay, then build",,,,2026-08-06,2026-11-04
PHL-B3-choice-coating-inc,Choice Coating Inc.,B3,painting,,directory-only,,,,35,enrich,25,,false,"Only third-party directory listings — confirm ability to pay, then build",,,,2026-08-06,2026-11-04
PHL-B3-chris-clement-plumbing-heating,Chris Clement Plumbing Heating,B3,plumbing,,directory-only,,,,35,enrich,25,,false,"Only third-party directory listings — confirm ability to pay, then build",,,,2026-08-06,2026-11-04
PHL-B3-commercial-wallcovering,Commercial Wallcovering,B3,painting,,directory-only,,,,35,enrich,25,,false,"Only third-party directory listings — confirm ability to pay, then build",,,,2026-08-06,2026-11-04
PHL-B3-dan-ferry-plumbing-inc,Dan Ferry Plumbing Inc.,B3,plumbing,,directory-only,,,,35,enrich,25,,false,"Only third-party directory listings — confirm ability to pay, then build",,,,2026-08-06,2026-11-04
PHL-B3-ferguson-plumbing-heating,Ferguson Plumbing Heating,B3,plumbing,,directory-only,,,,35,enrich,25,,false,"Only third-party directory listings — confirm ability to pay, then build",,,,2026-08-06,2026-11-04
PHL-B3-gracies-painting,Gracies Painting,B3,painting,,directory-only,,,,35,enrich,25,,false,"Only third-party directory listings — confirm ability to pay, then build",,,,2026-08-06,2026-11-04
PHL-B3-graham-painting-10-98,Graham Painting 10 98,B3,painting,,directory-only,,,,35,enrich,25,,false,"Only third-party directory listings — confirm ability to pay, then build",,,,2026-08-06,2026-11-04
PHL-B3-integrity-interiors,Integrity Interiors,B3,construction,,directory-only,,,,35,enrich,25,,false,"Only third-party directory listings — confirm ability to pay, then build",,,,2026-08-06,2026-11-04
PHL-B3-james-harper-painting,James Harper Painting,B3,painting,,directory-only,,,,35,enrich,25,,false,"Only third-party directory listings — confirm ability to pay, then build",,,,2026-08-06,2026-11-04
PHL-B3-lynch-plumbing-heating,Lynch Plumbing Heating,B3,plumbing,,directory-only,,,,35,enrich,25,,false,"Only third-party directory listings — confirm ability to pay, then build",,,,2026-08-06,2026-11-04
PHL-B3-mary-cleary-drywall-carpentry-llc,Mary Cleary Drywall Carpentry LLC,B3,construction,,directory-only,,,,35,enrich,25,,false,"Only third-party directory listings — confirm ability to pay, then build",,,,2026-08-06,2026-11-04
PHL-B3-mitchell-painting-llc,Mitchell Painting LLC,B3,painting,,directory-only,,,,35,enrich,25,,false,"Only third-party directory listings — confirm ability to pay, then build",,,,2026-08-06,2026-11-04
PHL-B3-pk2-construction,Pk2 Construction,B3,construction,,directory-only,,,,35,enrich,25,,false,"Only third-party directory listings — confirm ability to pay, then build",,,,2026-08-06,2026-11-04
PHL-B3-prime-interiors-llc,Prime Interiors LLC,B3,construction,,directory-only,,,,35,enrich,25,,false,"Only third-party directory listings — confirm ability to pay, then build",,,,2026-08-06,2026-11-04
PHL-B3-robert-j-spence-plumbing-and-heating,Robert J Spence Plumbing and Heating,B3,plumbing,,directory-only,,,,35,enrich,25,,false,"Only third-party directory listings — confirm ability to pay, then build",,,,2026-08-06,2026-11-04
PHL-B3-sharp-edge-construction-company,Sharp Edge Construction Company,B3,construction,,directory-only,,,,35,enrich,25,,false,"Only third-party directory listings — confirm ability to pay, then build",,,,2026-08-06,2026-11-04
PHL-B3-shooster-development,Shooster Development,B3,construction,,directory-only,,,,35,enrich,25,,false,"Only third-party directory listings — confirm ability to pay, then build",,,,2026-08-06,2026-11-04
PHL-B3-sioutis-coatings-ent-inc,Sioutis Coatings Ent Inc.,B3,painting,,directory-only,,,,35,enrich,25,,false,"Only third-party directory listings — confirm ability to pay, then build",,,,2026-08-06,2026-11-04
PHL-B3-tanglewood-ptg-corp,Tanglewood Ptg Corp,B3,home-services,,directory-only,,,,35,enrich,25,,false,"Only third-party directory listings — confirm ability to pay, then build",,,,2026-08-06,2026-11-04
PHL-B3-trend-painting,Trend Painting,B3,painting,,directory-only,,,,35,enrich,25,,false,"Only third-party directory listings — confirm ability to pay, then build",,,,2026-08-06,2026-11-04
PHL-B4-a-m-electric-inc,A M Electric Inc.,B4,electrical,https://www.amelectricservice.com/,live,81,excellent,0.92,35,hands_off,0,false,false,SIGNAL 81 — already an excellent site,"Phone number is a tel: link: phone is text only, not tappable",JSON-LD parses with a business type: JSON-LD present (Electrician) but no business type,Meta description present and sized: meta description 244 chars,2026-08-06,2027-02-02
PHL-B4-all-phase-electric-co,All Phase Electric CO,B4,electrical,https://allphaseelectricco.com/,live,91,excellent,0.97,35,hands_off,0,false,false,SIGNAL 91 — already an excellent site,"Modern formats, srcset, no GIF photography: 4 responsive, no webp/avif",Address links to a map: no address or directions,Hours published on the page: no hours on the page,2026-08-06,2027-02-02
PHL-B4-apt-heating-and-cooling,Apt Heating and Cooling,B4,hvac,https://www.aptheating.com/,live,62,dated,0.95,35,enrich,9,,false,"SIGNAL 62 — dated site, but ability to pay is unknown",JSON-LD parses with a business type: no JSON-LD,"Modern formats, srcset, no GIF photography: no images at all","Phone number is a tel: link: phone is text only, not tappable",2026-08-06,2026-11-04
PHL-B4-bill-frusco-plumbing-heating-cooling,Bill Frusco Plumbing Heating Cooling,B4,plumbing,https://www.billfrusco.com/,live,93,excellent,1,35,hands_off,0,false,false,SIGNAL 93 — already an excellent site,HTML document under 150KB: 1069KB HTML document,"Modern formats, srcset, no GIF photography: 325 responsive, no webp/avif","One h1, real h2 structure: 28 h1 elements",2026-08-06,2027-02-02
PHL-B4-borden-heating-cooling-inc,Borden Heating Cooling Inc.,B4,hvac,https://bordenco.com/,live,64,dated,1,35,enrich,9,,false,"SIGNAL 64 — dated site, but ability to pay is unknown","Modern formats, srcset, no GIF photography: 24 images, none modern-format or responsive","No Flash, framesets, or pre-2013 jQuery: document.write",Real hero: h1 plus a lead image or video: no h1 and no lead media,2026-08-06,2026-11-04
PHL-B4-brandon-electric-inc,Brandon Electric Inc.,B4,electrical,https://brandonelectricpa.com/,live,83,excellent,1,35,hands_off,0,false,false,SIGNAL 83 — already an excellent site,"Real page title, not a template default: title 239 chars, truncates in results",First byte under 1200ms: 3787ms to first byte,Meta description present and sized: meta description 625 chars,2026-08-06,2027-02-02
PHL-B4-centrum-mechanical-services,Centrum Mechanical Services,B4,home-services,https://centrummechanical.com/,live,64,dated,1,35,enrich,9,,false,"SIGNAL 64 — dated site, but ability to pay is unknown","Modern formats, srcset, no GIF photography: 8 images, none modern-format or responsive","Responsive viewport meta: viewport ""initial-scale=1, maximum-scale=1"" is not device-width","JSON-LD parses with a business type: JSON-LD present (WebPage, BreadcrumbList, WebSite) but no business type",2026-08-06,2026-11-04
PHL-B4-charles-schillinger-company,Charles Schillinger Company,B4,fabrication,https://cschillinger.com/,live,79,solid,1,35,adjacent,0,false,false,"SIGNAL 79 — site is solid, the gap is elsewhere","Modern formats, srcset, no GIF photography: 3/9 images are GIFs",First byte under 1200ms: 5901ms to first byte,Clear primary CTA near the top: CTA exists but buried,2026-08-06,2027-02-02
PHL-B4-cleaned-by-d-d-llc,Cleaned BY D D LLC,B4,cleaning,https://www.cleanedbydd.com/,live,64,dated,1,35,enrich,9,,false,"SIGNAL 64 — dated site, but ability to pay is unknown","Not a parked page, ADI default, or coming-soon: Wix ADI default",HTML document under 150KB: 588KB HTML,JSON-LD parses with a business type: JSON-LD present (WebSite) but no business type,2026-08-06,2026-11-04
PHL-B4-compucraft-fabricators-inc,Compucraft Fabricators Inc.,B4,fabrication,https://www.metalwork.com/,live,70,solid,0.95,35,adjacent,0,false,false,"SIGNAL 70 — site is solid, the gap is elsewhere",JSON-LD parses with a business type: no JSON-LD,"Modern formats, srcset, no GIF photography: 4 images, none modern-format or responsive","Phone number is a tel: link: phone is text only, not tappable",2026-08-06,2027-02-02
PHL-B4-dunryte-electric-inc,Dunryte Electric Inc.,B4,electrical,https://dunryteelectric.com/,live,64,dated,0.92,35,enrich,9,,false,"SIGNAL 64 — dated site, but ability to pay is unknown",JSON-LD parses with a business type: no JSON-LD,"Modern formats, srcset, no GIF photography: 10 images, none modern-format or responsive",No table/frame/font-tag layout: table layout attributes,2026-08-06,2026-11-04
PHL-B4-ernest-d-menold-inc,Ernest D Menold Inc.,B4,fabrication,https://www.menold.com/,live,64,dated,1,35,enrich,9,,false,"SIGNAL 64 — dated site, but ability to pay is unknown","Phone number is a tel: link: phone is text only, not tappable","Not a parked page, ADI default, or coming-soon: Wix ADI default",HTML document under 150KB: 737KB HTML document,2026-08-06,2026-11-04
PHL-B4-gallagher-fabrication-machine,Gallagher Fabrication Machine,B4,fabrication,https://www.gallagherfab.com/,live,64,dated,1,35,enrich,9,,false,"SIGNAL 64 — dated site, but ability to pay is unknown","Phone number is a tel: link: phone is text only, not tappable","Not a parked page, ADI default, or coming-soon: Wix ADI default",More than a single-page brochure: single-page brochure,2026-08-06,2026-11-04
PHL-B4-guaranteed-plumbing-heating,Guaranteed Plumbing Heating,B4,plumbing,https://www.guaranteedplumbingandheating.com/,live,87,excellent,0.97,35,hands_off,0,false,false,SIGNAL 87 — already an excellent site,"Real page title, not a template default: title 95 chars, truncates in results",HTML document under 150KB: 1315KB HTML document,Meta description present and sized: meta description 183 chars,2026-08-06,2027-02-02
PHL-B4-h-g-sign-company,H G Sign Company,B4,fabrication,https://www.hgsign.com/,blocked,26,weak,0.95,35,manual,0,,false,Bot wall blocked the grade — could be an excellent site,"Custom properties, grid/flex, fluid type: no modern CSS features found",JSON-LD parses with a business type: no JSON-LD,"Modern formats, srcset, no GIF photography: no images at all",2026-08-06,2026-11-04
PHL-B4-jdv-electric-llc,Jdv Electric LLC,B4,electrical,https://www.jdvelectric.com/,live,93,excellent,0.97,35,hands_off,0,false,false,SIGNAL 93 — already an excellent site,Address links to a map: no address or directions,"Fewer than 15 scripts, none blocking: 49 external scripts, 2 blocking",Offscreen images lazy-loaded: 0/42 images lazy-loaded,2026-08-06,2027-02-02
PHL-B4-k-a-m-sheet-metal-fab,K A M Sheet Metal Fab,B4,fabrication,https://www.kamsheetmetal.com/,live,64,dated,1,35,enrich,9,,false,"SIGNAL 64 — dated site, but ability to pay is unknown","Not a parked page, ADI default, or coming-soon: Wix ADI default",HTML document under 150KB: 990KB HTML document,JSON-LD parses with a business type: JSON-LD present (WebSite) but no business type,2026-08-06,2026-11-04
PHL-B4-manayunk-plumbing-heating,Manayunk Plumbing Heating,B4,plumbing,https://manayunkplumbingheating.com/,live,85,excellent,1,35,hands_off,0,false,false,SIGNAL 85 — already an excellent site,JSON-LD parses with a business type: no JSON-LD,Meta description present and sized: meta description 187 chars,"Modern formats, srcset, no GIF photography: 2 responsive, no webp/avif",2026-08-06,2027-02-02
PHL-B4-solution-based-plumbing-and-heating-inc,Solution Based Plumbing and Heating Inc.,B4,plumbing,https://sbphinc.com/,live,64,dated,1,35,enrich,9,,false,"SIGNAL 64 — dated site, but ability to pay is unknown","No marquee, blink, or jQuery-era carousel: jQuery-era slider",Meta description present and sized: meta description 195 chars,"Modern formats, srcset, no GIF photography: 14 responsive, no webp/avif",2026-08-06,2026-11-04
PHL-B4-strickland-electric,Strickland Electric,B4,electrical,https://strickelectric.com/,live,89,excellent,1,35,hands_off,0,false,false,SIGNAL 89 — already an excellent site,"JSON-LD parses with a business type: JSON-LD present (WebPage, ImageObject, BreadcrumbList, WebSite) but no business type","Modern formats, srcset, no GIF photography: 34 responsive, no webp/avif",Hours published on the page: no hours on the page,2026-08-06,2027-02-02
PHL-B4-summers-quality-services,Summers Quality Services,B4,home-services,https://www.summersquality.com/,live,36,weak,0.95,35,enrich,15,,false,"SIGNAL 36 — weak site, but ability to pay is unknown","Custom properties, grid/flex, fluid type: no modern CSS features found",JSON-LD parses with a business type: no JSON-LD,"Modern formats, srcset, no GIF photography: no images at all",2026-08-06,2026-11-04
PHL-B4-united-metal-construction-llc,United Metal Construction LLC,B4,fabrication,https://umfab.com/,live,33,weak,0.95,35,enrich,16,,false,"SIGNAL 33 — weak site, but ability to pay is unknown","Custom properties, grid/flex, fluid type: no modern CSS features found",JSON-LD parses with a business type: no JSON-LD,"Modern formats, srcset, no GIF photography: no images at all",2026-08-06,2026-11-04
PHL-B4-waste-gas-fabricating-company-inc,Waste Gas Fabricating Company Inc.,B4,fabrication,https://wastegas.com/,blocked,26,weak,0.95,35,manual,0,,false,Bot wall blocked the grade — could be an excellent site,"Custom properties, grid/flex, fluid type: no modern CSS features found",JSON-LD parses with a business type: no JSON-LD,"Modern formats, srcset, no GIF photography: no images at all",2026-08-06,2026-11-04
PHL-B4-wilson-s-forklift-service-llc,Wilson S Forklift Service LLC,B4,fabrication,https://wilsonsforklift.com/,live,74,solid,1,35,adjacent,0,false,false,"SIGNAL 74 — site is solid, the gap is elsewhere","Phone number is a tel: link: phone is text only, not tappable","JSON-LD parses with a business type: JSON-LD present (WebPage, BreadcrumbList, WebSite) but no business type",First byte under 1200ms: 4142ms to first byte,2026-08-06,2027-02-02
PHL-B4-young-s-electrical-services-inc,Young S Electrical Services Inc.,B4,electrical,https://www.youngselectricalservicesinc.com/,live,44,weak,1,35,enrich,14,,false,"SIGNAL 44 — weak site, but ability to pay is unknown","No marquee, blink, or jQuery-era carousel: jQuery-era slider","Responsive viewport meta: viewport ""initial-scale=1, minimum-scale=1, maximum-scale=5, viewport-fit=cover"" is not device-width","Real page title, not a template default: title 93 chars, truncates in results",2026-08-06,2026-11-04
