prospect_id,business,slug,qr_target_url,live_site,qa_ready,mail_ready
J238-001,Academy Chiropractic Center,academy-chiropractic-center,https://momentum-prospect-radar-next20-2026-08-11.netlify.app/gate/academy-chiropractic-center/?utm_source=directmail&utm_medium=qr&utm_campaign=jesse-238&utm_content=J238-001,https://momentum-prospect-radar-next20-2026-08-11.netlify.app/sites/academy-chiropractic-center/,ready,hold
J238-002,Acupuncture Medical Practice,acupuncture-medical-practice,https://momentum-prospect-radar-next20-2026-08-11.netlify.app/gate/acupuncture-medical-practice/?utm_source=directmail&utm_medium=qr&utm_campaign=jesse-238&utm_content=J238-002,https://momentum-prospect-radar-next20-2026-08-11.netlify.app/sites/acupuncture-medical-practice/,ready,hold
J238-003,"Advanced Commercial Interior, Inc.",advanced-commercial-interior-inc,https://momentum-prospect-radar-next20-2026-08-11.netlify.app/gate/advanced-commercial-interior-inc/?utm_source=directmail&utm_medium=qr&utm_campaign=jesse-238&utm_content=J238-003,https://momentum-prospect-radar-next20-2026-08-11.netlify.app/sites/advanced-commercial-interior-inc/,ready,hold
J238-004,Agnes Edmunds Bridal & Formals,agnes-edmunds-bridal-formals,https://momentum-prospect-radar-next20-2026-08-11.netlify.app/gate/agnes-edmunds-bridal-formals/?utm_source=directmail&utm_medium=qr&utm_campaign=jesse-238&utm_content=J238-004,https://momentum-prospect-radar-next20-2026-08-11.netlify.app/sites/agnes-edmunds-bridal-formals/,ready,hold
J238-005,All Phase Electric Co.,all-phase-electric-co,https://momentum-prospect-radar-next20-2026-08-11.netlify.app/gate/all-phase-electric-co/?utm_source=directmail&utm_medium=qr&utm_campaign=jesse-238&utm_content=J238-005,https://momentum-prospect-radar-next20-2026-08-11.netlify.app/sites/all-phase-electric-co/,ready,hold
J238-006,Al Tacos Locos,al-tacos-locos,https://momentum-prospect-radar-next20-2026-08-11.netlify.app/gate/al-tacos-locos/?utm_source=directmail&utm_medium=qr&utm_campaign=jesse-238&utm_content=J238-006,https://momentum-prospect-radar-next20-2026-08-11.netlify.app/sites/al-tacos-locos/,ready,hold
J238-007,Always Dental Care,always-dental-care,https://momentum-prospect-radar-next20-2026-08-11.netlify.app/gate/always-dental-care/?utm_source=directmail&utm_medium=qr&utm_campaign=jesse-238&utm_content=J238-007,https://momentum-prospect-radar-next20-2026-08-11.netlify.app/sites/always-dental-care/,ready,hold
J238-008,"A.M. Electric, Inc.",a-m-electric-inc,https://momentum-prospect-radar-next20-2026-08-11.netlify.app/gate/a-m-electric-inc/?utm_source=directmail&utm_medium=qr&utm_campaign=jesse-238&utm_content=J238-008,https://momentum-prospect-radar-next20-2026-08-11.netlify.app/sites/a-m-electric-inc/,ready,hold
J238-009,Andorra Family Dentistry,andorra-family-dentistry,https://momentum-prospect-radar-next20-2026-08-11.netlify.app/gate/andorra-family-dentistry/?utm_source=directmail&utm_medium=qr&utm_campaign=jesse-238&utm_content=J238-009,https://momentum-prospect-radar-next20-2026-08-11.netlify.app/sites/andorra-family-dentistry/,ready,hold
J238-010,Anthony Gueriera Jr. Insurance Agency LLC,anthony-gueriera-insurance,https://momentum-prospect-radar-next20-2026-08-11.netlify.app/gate/anthony-gueriera-insurance/?utm_source=directmail&utm_medium=qr&utm_campaign=jesse-238&utm_content=J238-010,https://momentum-prospect-radar-next20-2026-08-11.netlify.app/sites/anthony-gueriera-insurance/,ready,hold
J238-011,Anton's Plumbing & Heating Inc.,anton-s-plumbing-heating-inc,https://momentum-prospect-radar-next20-2026-08-11.netlify.app/gate/anton-s-plumbing-heating-inc/?utm_source=directmail&utm_medium=qr&utm_campaign=jesse-238&utm_content=J238-011,https://momentum-prospect-radar-next20-2026-08-11.netlify.app/sites/anton-s-plumbing-heating-inc/,ready,hold
J238-012,"A POSITIVE RESPONSE PLUMBING, LLC.",a-positive-response-plumbing-llc,https://momentum-prospect-radar-next20-2026-08-11.netlify.app/gate/a-positive-response-plumbing-llc/?utm_source=directmail&utm_medium=qr&utm_campaign=jesse-238&utm_content=J238-012,https://momentum-prospect-radar-next20-2026-08-11.netlify.app/sites/a-positive-response-plumbing-llc/,ready,hold
J238-013,APR Supply Company,apr-supply-company,https://momentum-prospect-radar-next20-2026-08-11.netlify.app/gate/apr-supply-company/?utm_source=directmail&utm_medium=qr&utm_campaign=jesse-238&utm_content=J238-013,https://momentum-prospect-radar-next20-2026-08-11.netlify.app/sites/apr-supply-company/,ready,hold
J238-014,APT Heating and Cooling,apt-heating-and-cooling,https://momentum-prospect-radar-next20-2026-08-11.netlify.app/gate/apt-heating-and-cooling/?utm_source=directmail&utm_medium=qr&utm_campaign=jesse-238&utm_content=J238-014,https://momentum-prospect-radar-next20-2026-08-11.netlify.app/sites/apt-heating-and-cooling/,ready,hold
J238-015,Art City Vets & Urgent Care,art-city-vets,https://momentum-prospect-radar-next20-2026-08-11.netlify.app/gate/art-city-vets/?utm_source=directmail&utm_medium=qr&utm_campaign=jesse-238&utm_content=J238-015,https://momentum-prospect-radar-next20-2026-08-11.netlify.app/sites/art-city-vets/,ready,hold
J238-016,Artisan Wine and Cheese Cellars,artisan-wine-and-cheese-cellars,https://momentum-prospect-radar-next20-2026-08-11.netlify.app/gate/artisan-wine-and-cheese-cellars/?utm_source=directmail&utm_medium=qr&utm_campaign=jesse-238&utm_content=J238-016,https://momentum-prospect-radar-next20-2026-08-11.netlify.app/sites/artisan-wine-and-cheese-cellars/,ready,hold
J238-017,Auger Manufacturing Specialists,auger-manufacturing,https://momentum-prospect-radar-next20-2026-08-11.netlify.app/gate/auger-manufacturing/?utm_source=directmail&utm_medium=qr&utm_campaign=jesse-238&utm_content=J238-017,https://momentum-prospect-radar-next20-2026-08-11.netlify.app/sites/auger-manufacturing/,ready,hold
J238-018,Baldwin's Book Barn,baldwins-book-barn,https://momentum-prospect-radar-next20-2026-08-11.netlify.app/gate/baldwins-book-barn/?utm_source=directmail&utm_medium=qr&utm_campaign=jesse-238&utm_content=J238-018,https://momentum-prospect-radar-next20-2026-08-11.netlify.app/sites/baldwins-book-barn/,ready,hold
J238-019,Bàn Bàn Asian Bistro,ban-ban-asian-bistro,https://momentum-prospect-radar-next20-2026-08-11.netlify.app/gate/ban-ban-asian-bistro/?utm_source=directmail&utm_medium=qr&utm_campaign=jesse-238&utm_content=J238-019,https://momentum-prospect-radar-next20-2026-08-11.netlify.app/sites/ban-ban-asian-bistro/,ready,hold
J238-020,Barnes Financial Group,barnes-financial-group,https://momentum-prospect-radar-next20-2026-08-11.netlify.app/gate/barnes-financial-group/?utm_source=directmail&utm_medium=qr&utm_campaign=jesse-238&utm_content=J238-020,https://momentum-prospect-radar-next20-2026-08-11.netlify.app/sites/barnes-financial-group/,ready,hold
J238-021,Bartram's Garden,bartram-garden,https://momentum-prospect-radar-next20-2026-08-11.netlify.app/gate/bartram-garden/?utm_source=directmail&utm_medium=qr&utm_campaign=jesse-238&utm_content=J238-021,https://momentum-prospect-radar-next20-2026-08-11.netlify.app/sites/bartram-garden/,ready,hold
J238-022,BeBalanced Royersford,be-balanced-hormone,https://momentum-prospect-radar-next20-2026-08-11.netlify.app/gate/be-balanced-hormone/?utm_source=directmail&utm_medium=qr&utm_campaign=jesse-238&utm_content=J238-022,https://momentum-prospect-radar-next20-2026-08-11.netlify.app/sites/be-balanced-hormone/,ready,hold
J238-023,Benjamin Lovell Shoes,benjamin-lovell-shoes,https://momentum-prospect-radar-next20-2026-08-11.netlify.app/gate/benjamin-lovell-shoes/?utm_source=directmail&utm_medium=qr&utm_campaign=jesse-238&utm_content=J238-023,https://momentum-prospect-radar-next20-2026-08-11.netlify.app/sites/benjamin-lovell-shoes/,ready,hold
J238-024,BG Electric Service LLC,bg-electric,https://momentum-prospect-radar-next20-2026-08-11.netlify.app/gate/bg-electric/?utm_source=directmail&utm_medium=qr&utm_campaign=jesse-238&utm_content=J238-024,https://momentum-prospect-radar-next20-2026-08-11.netlify.app/sites/bg-electric/,ready,hold
J238-025,"Big Head Transport, LLC",big-head-transport,https://momentum-prospect-radar-next20-2026-08-11.netlify.app/gate/big-head-transport/?utm_source=directmail&utm_medium=qr&utm_campaign=jesse-238&utm_content=J238-025,https://momentum-prospect-radar-next20-2026-08-11.netlify.app/sites/big-head-transport/,ready,hold
J238-026,"Bill Frusco Plumbing, Heating & Cooling",bill-frusco-plumbing-heating-cooling,https://momentum-prospect-radar-next20-2026-08-11.netlify.app/gate/bill-frusco-plumbing-heating-cooling/?utm_source=directmail&utm_medium=qr&utm_campaign=jesse-238&utm_content=J238-026,https://momentum-prospect-radar-next20-2026-08-11.netlify.app/sites/bill-frusco-plumbing-heating-cooling/,ready,hold
J238-027,"Borden Heating & Cooling, Inc.",borden-heating-cooling-inc,https://momentum-prospect-radar-next20-2026-08-11.netlify.app/gate/borden-heating-cooling-inc/?utm_source=directmail&utm_medium=qr&utm_campaign=jesse-238&utm_content=J238-027,https://momentum-prospect-radar-next20-2026-08-11.netlify.app/sites/borden-heating-cooling-inc/,ready,hold
J238-028,Borsello Landscaping,borsello-landscaping,https://momentum-prospect-radar-next20-2026-08-11.netlify.app/gate/borsello-landscaping/?utm_source=directmail&utm_medium=qr&utm_campaign=jesse-238&utm_content=J238-028,https://momentum-prospect-radar-next20-2026-08-11.netlify.app/sites/borsello-landscaping/,ready,hold
J238-029,Boyle Energy,boyle-energy-heating-air-conditioning-oil-propane,https://momentum-prospect-radar-next20-2026-08-11.netlify.app/gate/boyle-energy-heating-air-conditioning-oil-propane/?utm_source=directmail&utm_medium=qr&utm_campaign=jesse-238&utm_content=J238-029,https://momentum-prospect-radar-next20-2026-08-11.netlify.app/sites/boyle-energy-heating-air-conditioning-oil-propane/,ready,hold
J238-030,BPM Fitness,bpm-fitness,https://momentum-prospect-radar-next20-2026-08-11.netlify.app/gate/bpm-fitness/?utm_source=directmail&utm_medium=qr&utm_campaign=jesse-238&utm_content=J238-030,https://momentum-prospect-radar-next20-2026-08-11.netlify.app/sites/bpm-fitness/,ready,hold
J238-031,"Brandon Electric, Inc.",brandon-electric-inc,https://momentum-prospect-radar-next20-2026-08-11.netlify.app/gate/brandon-electric-inc/?utm_source=directmail&utm_medium=qr&utm_campaign=jesse-238&utm_content=J238-031,https://momentum-prospect-radar-next20-2026-08-11.netlify.app/sites/brandon-electric-inc/,ready,hold
J238-032,Brandywine Auto Parts,brandywine-auto-parts,https://momentum-prospect-radar-next20-2026-08-11.netlify.app/gate/brandywine-auto-parts/?utm_source=directmail&utm_medium=qr&utm_campaign=jesse-238&utm_content=J238-032,https://momentum-prospect-radar-next20-2026-08-11.netlify.app/sites/brandywine-auto-parts/,ready,hold
J238-033,Bridesburg Spine and Injury Clinic,bridesburg-spine-and-injury-clinic,https://momentum-prospect-radar-next20-2026-08-11.netlify.app/gate/bridesburg-spine-and-injury-clinic/?utm_source=directmail&utm_medium=qr&utm_campaign=jesse-238&utm_content=J238-033,https://momentum-prospect-radar-next20-2026-08-11.netlify.app/sites/bridesburg-spine-and-injury-clinic/,ready,hold
J238-034,"Bryn Mawr Plumbing & Heating Co., Inc.",bryn-mawr-plumbing-heating-co-inc,https://momentum-prospect-radar-next20-2026-08-11.netlify.app/gate/bryn-mawr-plumbing-heating-co-inc/?utm_source=directmail&utm_medium=qr&utm_campaign=jesse-238&utm_content=J238-034,https://momentum-prospect-radar-next20-2026-08-11.netlify.app/sites/bryn-mawr-plumbing-heating-co-inc/,ready,hold
J238-035,"Bustleton Services, Inc",bustleton-services,https://momentum-prospect-radar-next20-2026-08-11.netlify.app/gate/bustleton-services/?utm_source=directmail&utm_medium=qr&utm_campaign=jesse-238&utm_content=J238-035,https://momentum-prospect-radar-next20-2026-08-11.netlify.app/sites/bustleton-services/,ready,hold
J238-036,C&C Super Seal,c-and-c-super-seal,https://momentum-prospect-radar-next20-2026-08-11.netlify.app/gate/c-and-c-super-seal/?utm_source=directmail&utm_medium=qr&utm_campaign=jesse-238&utm_content=J238-036,https://momentum-prospect-radar-next20-2026-08-11.netlify.app/sites/c-and-c-super-seal/,ready,hold
J238-037,Captain Car Wash,captain-car-wash,https://momentum-prospect-radar-next20-2026-08-11.netlify.app/gate/captain-car-wash/?utm_source=directmail&utm_medium=qr&utm_campaign=jesse-238&utm_content=J238-037,https://momentum-prospect-radar-next20-2026-08-11.netlify.app/sites/captain-car-wash/,ready,hold
J238-038,Centrum Mechanical Services,centrum-mechanical-services,https://momentum-prospect-radar-next20-2026-08-11.netlify.app/gate/centrum-mechanical-services/?utm_source=directmail&utm_medium=qr&utm_campaign=jesse-238&utm_content=J238-038,https://momentum-prospect-radar-next20-2026-08-11.netlify.app/sites/centrum-mechanical-services/,ready,hold
J238-039,Chadds Ford Animal Hospital,chadds-ford-animal-hospital,https://momentum-prospect-radar-next20-2026-08-11.netlify.app/gate/chadds-ford-animal-hospital/?utm_source=directmail&utm_medium=qr&utm_campaign=jesse-238&utm_content=J238-039,https://momentum-prospect-radar-next20-2026-08-11.netlify.app/sites/chadds-ford-animal-hospital/,ready,hold
J238-040,Charles Schillinger Company,charles-schillinger-company,https://momentum-prospect-radar-next20-2026-08-11.netlify.app/gate/charles-schillinger-company/?utm_source=directmail&utm_medium=qr&utm_campaign=jesse-238&utm_content=J238-040,https://momentum-prospect-radar-next20-2026-08-11.netlify.app/sites/charles-schillinger-company/,ready,hold
J238-041,Chestnut Hill Animal Hospital,chestnut-hill-animal-hospital,https://momentum-prospect-radar-next20-2026-08-11.netlify.app/gate/chestnut-hill-animal-hospital/?utm_source=directmail&utm_medium=qr&utm_campaign=jesse-238&utm_content=J238-041,https://momentum-prospect-radar-next20-2026-08-11.netlify.app/sites/chestnut-hill-animal-hospital/,ready,hold
J238-042,"Choice Coating, Inc.",choice-coating-inc,https://momentum-prospect-radar-next20-2026-08-11.netlify.app/gate/choice-coating-inc/?utm_source=directmail&utm_medium=qr&utm_campaign=jesse-238&utm_content=J238-042,https://momentum-prospect-radar-next20-2026-08-11.netlify.app/sites/choice-coating-inc/,ready,hold
J238-043,Chris Clement Plumbing & Heating,chris-clement-plumbing-heating,https://momentum-prospect-radar-next20-2026-08-11.netlify.app/gate/chris-clement-plumbing-heating/?utm_source=directmail&utm_medium=qr&utm_campaign=jesse-238&utm_content=J238-043,https://momentum-prospect-radar-next20-2026-08-11.netlify.app/sites/chris-clement-plumbing-heating/,ready,hold
J238-044,Ciocca Pre-Owned Autos,ciocca-pre-owned-autos,https://momentum-prospect-radar-next20-2026-08-11.netlify.app/gate/ciocca-pre-owned-autos/?utm_source=directmail&utm_medium=qr&utm_campaign=jesse-238&utm_content=J238-044,https://momentum-prospect-radar-next20-2026-08-11.netlify.app/sites/ciocca-pre-owned-autos/,ready,hold
J238-045,City Electric Supply West Chester,city-electric-supply,https://momentum-prospect-radar-next20-2026-08-11.netlify.app/gate/city-electric-supply/?utm_source=directmail&utm_medium=qr&utm_campaign=jesse-238&utm_content=J238-045,https://momentum-prospect-radar-next20-2026-08-11.netlify.app/sites/city-electric-supply/,ready,hold
J238-046,"Cleaned by D&D, LLC",cleaned-by-d-d-llc,https://momentum-prospect-radar-next20-2026-08-11.netlify.app/gate/cleaned-by-d-d-llc/?utm_source=directmail&utm_medium=qr&utm_campaign=jesse-238&utm_content=J238-046,https://momentum-prospect-radar-next20-2026-08-11.netlify.app/sites/cleaned-by-d-d-llc/,ready,hold
J238-047,C. Mazzoni Brothers Inc.,c-mazzoni-brothers-inc,https://momentum-prospect-radar-next20-2026-08-11.netlify.app/gate/c-mazzoni-brothers-inc/?utm_source=directmail&utm_medium=qr&utm_campaign=jesse-238&utm_content=J238-047,https://momentum-prospect-radar-next20-2026-08-11.netlify.app/sites/c-mazzoni-brothers-inc/,ready,hold
J238-048,Colmar Dentistry For Kids,colmar-dentistry-for-kids,https://momentum-prospect-radar-next20-2026-08-11.netlify.app/gate/colmar-dentistry-for-kids/?utm_source=directmail&utm_medium=qr&utm_campaign=jesse-238&utm_content=J238-048,https://momentum-prospect-radar-next20-2026-08-11.netlify.app/sites/colmar-dentistry-for-kids/,ready,hold
J238-049,Commercial Wallcovering,commercial-wallcovering,https://momentum-prospect-radar-next20-2026-08-11.netlify.app/gate/commercial-wallcovering/?utm_source=directmail&utm_medium=qr&utm_campaign=jesse-238&utm_content=J238-049,https://momentum-prospect-radar-next20-2026-08-11.netlify.app/sites/commercial-wallcovering/,ready,hold
J238-050,"CompuCraft Fabricators, Inc.",compucraft-fabricators-inc,https://momentum-prospect-radar-next20-2026-08-11.netlify.app/gate/compucraft-fabricators-inc/?utm_source=directmail&utm_medium=qr&utm_campaign=jesse-238&utm_content=J238-050,https://momentum-prospect-radar-next20-2026-08-11.netlify.app/sites/compucraft-fabricators-inc/,ready,hold
J238-051,County Line Veterinary Hospital,county-line-veterinary-hospital,https://momentum-prospect-radar-next20-2026-08-11.netlify.app/gate/county-line-veterinary-hospital/?utm_source=directmail&utm_medium=qr&utm_campaign=jesse-238&utm_content=J238-051,https://momentum-prospect-radar-next20-2026-08-11.netlify.app/sites/county-line-veterinary-hospital/,ready,hold
J238-052,Custom IT Solutions,custom-it-solutions,https://momentum-prospect-radar-next20-2026-08-11.netlify.app/gate/custom-it-solutions/?utm_source=directmail&utm_medium=qr&utm_campaign=jesse-238&utm_content=J238-052,https://momentum-prospect-radar-next20-2026-08-11.netlify.app/sites/custom-it-solutions/,ready,hold
J238-053,"Dan Ferry Plumbing, Inc.",dan-ferry-plumbing-inc,https://momentum-prospect-radar-next20-2026-08-11.netlify.app/gate/dan-ferry-plumbing-inc/?utm_source=directmail&utm_medium=qr&utm_campaign=jesse-238&utm_content=J238-053,https://momentum-prospect-radar-next20-2026-08-11.netlify.app/sites/dan-ferry-plumbing-inc/,ready,hold
J238-054,Davidson Fabricating,davidson-fabricating,https://momentum-prospect-radar-next20-2026-08-11.netlify.app/gate/davidson-fabricating/?utm_source=directmail&utm_medium=qr&utm_campaign=jesse-238&utm_content=J238-054,https://momentum-prospect-radar-next20-2026-08-11.netlify.app/sites/davidson-fabricating/,ready,hold
J238-055,Del Chevrolet,del-chevrolet,https://momentum-prospect-radar-next20-2026-08-11.netlify.app/gate/del-chevrolet/?utm_source=directmail&utm_medium=qr&utm_campaign=jesse-238&utm_content=J238-055,https://momentum-prospect-radar-next20-2026-08-11.netlify.app/sites/del-chevrolet/,ready,hold
J238-056,Dentistry for Life,dentistry-for-life,https://momentum-prospect-radar-next20-2026-08-11.netlify.app/gate/dentistry-for-life/?utm_source=directmail&utm_medium=qr&utm_campaign=jesse-238&utm_content=J238-056,https://momentum-prospect-radar-next20-2026-08-11.netlify.app/sites/dentistry-for-life/,ready,hold
J238-057,Dependable Concrete Contractor LLC,dependable-concrete,https://momentum-prospect-radar-next20-2026-08-11.netlify.app/gate/dependable-concrete/?utm_source=directmail&utm_medium=qr&utm_campaign=jesse-238&utm_content=J238-057,https://momentum-prospect-radar-next20-2026-08-11.netlify.app/sites/dependable-concrete/,ready,hold
J238-058,Di Bruno Bros. Italian Market,dibruno-bros,https://momentum-prospect-radar-next20-2026-08-11.netlify.app/gate/dibruno-bros/?utm_source=directmail&utm_medium=qr&utm_campaign=jesse-238&utm_content=J238-058,https://momentum-prospect-radar-next20-2026-08-11.netlify.app/sites/dibruno-bros/,ready,hold
J238-059,Dinse Dental Care,dinse-dental-care,https://momentum-prospect-radar-next20-2026-08-11.netlify.app/gate/dinse-dental-care/?utm_source=directmail&utm_medium=qr&utm_campaign=jesse-238&utm_content=J238-059,https://momentum-prospect-radar-next20-2026-08-11.netlify.app/sites/dinse-dental-care/,ready,hold
J238-060,DreamMaker Bath & Kitchen of Chester County,dreammaker-bath-kitchen,https://momentum-prospect-radar-next20-2026-08-11.netlify.app/gate/dreammaker-bath-kitchen/?utm_source=directmail&utm_medium=qr&utm_campaign=jesse-238&utm_content=J238-060,https://momentum-prospect-radar-next20-2026-08-11.netlify.app/sites/dreammaker-bath-kitchen/,ready,hold
J238-061,Dream Team Home Services,dream-team-hvac,https://momentum-prospect-radar-next20-2026-08-11.netlify.app/gate/dream-team-hvac/?utm_source=directmail&utm_medium=qr&utm_campaign=jesse-238&utm_content=J238-061,https://momentum-prospect-radar-next20-2026-08-11.netlify.app/sites/dream-team-hvac/,ready,hold
J238-062,Orthodontic Associates of Collegeville,dr-weiss-s-office,https://momentum-prospect-radar-next20-2026-08-11.netlify.app/gate/dr-weiss-s-office/?utm_source=directmail&utm_medium=qr&utm_campaign=jesse-238&utm_content=J238-062,https://momentum-prospect-radar-next20-2026-08-11.netlify.app/sites/dr-weiss-s-office/,ready,hold
J238-063,"Dunryte Electric, Inc.",dunryte-electric-inc,https://momentum-prospect-radar-next20-2026-08-11.netlify.app/gate/dunryte-electric-inc/?utm_source=directmail&utm_medium=qr&utm_campaign=jesse-238&utm_content=J238-063,https://momentum-prospect-radar-next20-2026-08-11.netlify.app/sites/dunryte-electric-inc/,ready,hold
J238-064,Dutton Road Veterinary Clinic,dutton-road-veterinary-clinic,https://momentum-prospect-radar-next20-2026-08-11.netlify.app/gate/dutton-road-veterinary-clinic/?utm_source=directmail&utm_medium=qr&utm_campaign=jesse-238&utm_content=J238-064,https://momentum-prospect-radar-next20-2026-08-11.netlify.app/sites/dutton-road-veterinary-clinic/,ready,hold
J238-065,E & E cleaning services,e-and-e-cleaning,https://momentum-prospect-radar-next20-2026-08-11.netlify.app/gate/e-and-e-cleaning/?utm_source=directmail&utm_medium=qr&utm_campaign=jesse-238&utm_content=J238-065,https://momentum-prospect-radar-next20-2026-08-11.netlify.app/sites/e-and-e-cleaning/,ready,hold
J238-066,Eastern Dragon,eastern-dragon,https://momentum-prospect-radar-next20-2026-08-11.netlify.app/gate/eastern-dragon/?utm_source=directmail&utm_medium=qr&utm_campaign=jesse-238&utm_content=J238-066,https://momentum-prospect-radar-next20-2026-08-11.netlify.app/sites/eastern-dragon/,ready,hold
J238-067,Eastern State Penitentiary,eastern-state,https://momentum-prospect-radar-next20-2026-08-11.netlify.app/gate/eastern-state/?utm_source=directmail&utm_medium=qr&utm_campaign=jesse-238&utm_content=J238-067,https://momentum-prospect-radar-next20-2026-08-11.netlify.app/sites/eastern-state/,ready,hold
J238-068,Easy Auto Tag & Insurance,easy-auto-tag-insurance,https://momentum-prospect-radar-next20-2026-08-11.netlify.app/gate/easy-auto-tag-insurance/?utm_source=directmail&utm_medium=qr&utm_campaign=jesse-238&utm_content=J238-068,https://momentum-prospect-radar-next20-2026-08-11.netlify.app/sites/easy-auto-tag-insurance/,ready,hold
J238-069,"Eisenberg, Rothweiler, Winkler, Eisenberg & Jeck",eisenberg-rothweiler,https://momentum-prospect-radar-next20-2026-08-11.netlify.app/gate/eisenberg-rothweiler/?utm_source=directmail&utm_medium=qr&utm_campaign=jesse-238&utm_content=J238-069,https://momentum-prospect-radar-next20-2026-08-11.netlify.app/sites/eisenberg-rothweiler/,ready,hold
J238-070,Electric Direct,electric-direct,https://momentum-prospect-radar-next20-2026-08-11.netlify.app/gate/electric-direct/?utm_source=directmail&utm_medium=qr&utm_campaign=jesse-238&utm_content=J238-070,https://momentum-prospect-radar-next20-2026-08-11.netlify.app/sites/electric-direct/,ready,hold
J238-071,Elite Philly Auto Parts,elite-auto-parts,https://momentum-prospect-radar-next20-2026-08-11.netlify.app/gate/elite-auto-parts/?utm_source=directmail&utm_medium=qr&utm_campaign=jesse-238&utm_content=J238-071,https://momentum-prospect-radar-next20-2026-08-11.netlify.app/sites/elite-auto-parts/,ready,hold
J238-072,Elverson Supply,elverson-supply,https://momentum-prospect-radar-next20-2026-08-11.netlify.app/gate/elverson-supply/?utm_source=directmail&utm_medium=qr&utm_campaign=jesse-238&utm_content=J238-072,https://momentum-prospect-radar-next20-2026-08-11.netlify.app/sites/elverson-supply/,ready,hold
J238-073,Ember & Ale,ember-ale,https://momentum-prospect-radar-next20-2026-08-11.netlify.app/gate/ember-ale/?utm_source=directmail&utm_medium=qr&utm_campaign=jesse-238&utm_content=J238-073,https://momentum-prospect-radar-next20-2026-08-11.netlify.app/sites/ember-ale/,ready,hold
J238-074,EPAM Philadelphia,epam,https://momentum-prospect-radar-next20-2026-08-11.netlify.app/gate/epam/?utm_source=directmail&utm_medium=qr&utm_campaign=jesse-238&utm_content=J238-074,https://momentum-prospect-radar-next20-2026-08-11.netlify.app/sites/epam/,ready,hold
J238-075,"Ernest D. Menold, Inc.",ernest-d-menold-inc,https://momentum-prospect-radar-next20-2026-08-11.netlify.app/gate/ernest-d-menold-inc/?utm_source=directmail&utm_medium=qr&utm_campaign=jesse-238&utm_content=J238-075,https://momentum-prospect-radar-next20-2026-08-11.netlify.app/sites/ernest-d-menold-inc/,ready,hold
J238-076,Euphoria Nail Bar,euphoria-nail-bar,https://momentum-prospect-radar-next20-2026-08-11.netlify.app/gate/euphoria-nail-bar/?utm_source=directmail&utm_medium=qr&utm_campaign=jesse-238&utm_content=J238-076,https://momentum-prospect-radar-next20-2026-08-11.netlify.app/sites/euphoria-nail-bar/,ready,hold
J238-077,Fante's Kitchen Shop,fantes-kitchen-shop,https://momentum-prospect-radar-next20-2026-08-11.netlify.app/gate/fantes-kitchen-shop/?utm_source=directmail&utm_medium=qr&utm_campaign=jesse-238&utm_content=J238-077,https://momentum-prospect-radar-next20-2026-08-11.netlify.app/sites/fantes-kitchen-shop/,ready,hold
J238-078,Farrell's Roofing,farrells-roofing,https://momentum-prospect-radar-next20-2026-08-11.netlify.app/gate/farrells-roofing/?utm_source=directmail&utm_medium=qr&utm_campaign=jesse-238&utm_content=J238-078,https://momentum-prospect-radar-next20-2026-08-11.netlify.app/sites/farrells-roofing/,ready,hold
J238-079,Faulkner Buick GMC,faulkner-buick-gmc,https://momentum-prospect-radar-next20-2026-08-11.netlify.app/gate/faulkner-buick-gmc/?utm_source=directmail&utm_medium=qr&utm_campaign=jesse-238&utm_content=J238-079,https://momentum-prospect-radar-next20-2026-08-11.netlify.app/sites/faulkner-buick-gmc/,ready,hold
J238-080,Ferguson Plumbing & Heating,ferguson-plumbing-heating,https://momentum-prospect-radar-next20-2026-08-11.netlify.app/gate/ferguson-plumbing-heating/?utm_source=directmail&utm_medium=qr&utm_campaign=jesse-238&utm_content=J238-080,https://momentum-prospect-radar-next20-2026-08-11.netlify.app/sites/ferguson-plumbing-heating/,ready,hold
J238-081,Ferrari Philadelphia,ferrari-philadelphia,https://momentum-prospect-radar-next20-2026-08-11.netlify.app/gate/ferrari-philadelphia/?utm_source=directmail&utm_medium=qr&utm_campaign=jesse-238&utm_content=J238-081,https://momentum-prospect-radar-next20-2026-08-11.netlify.app/sites/ferrari-philadelphia/,ready,hold
J238-082,"Field 1 Post, LLC",field-1-post-llc,https://momentum-prospect-radar-next20-2026-08-11.netlify.app/gate/field-1-post-llc/?utm_source=directmail&utm_medium=qr&utm_campaign=jesse-238&utm_content=J238-082,https://momentum-prospect-radar-next20-2026-08-11.netlify.app/sites/field-1-post-llc/,ready,hold
J238-083,Fillman & Sons Floors & More,fillman-and-sons-floors,https://momentum-prospect-radar-next20-2026-08-11.netlify.app/gate/fillman-and-sons-floors/?utm_source=directmail&utm_medium=qr&utm_campaign=jesse-238&utm_content=J238-083,https://momentum-prospect-radar-next20-2026-08-11.netlify.app/sites/fillman-and-sons-floors/,ready,hold
J238-084,Floral and Hardy of Skippack,floral-and-hardy,https://momentum-prospect-radar-next20-2026-08-11.netlify.app/gate/floral-and-hardy/?utm_source=directmail&utm_medium=qr&utm_campaign=jesse-238&utm_content=J238-084,https://momentum-prospect-radar-next20-2026-08-11.netlify.app/sites/floral-and-hardy/,ready,hold
J238-085,Francis Kaufman House,francis-kaufman-house,https://momentum-prospect-radar-next20-2026-08-11.netlify.app/gate/francis-kaufman-house/?utm_source=directmail&utm_medium=qr&utm_campaign=jesse-238&utm_content=J238-085,https://momentum-prospect-radar-next20-2026-08-11.netlify.app/sites/francis-kaufman-house/,ready,hold
J238-086,Frankford Hall,frankford-hall,https://momentum-prospect-radar-next20-2026-08-11.netlify.app/gate/frankford-hall/?utm_source=directmail&utm_medium=qr&utm_campaign=jesse-238&utm_content=J238-086,https://momentum-prospect-radar-next20-2026-08-11.netlify.app/sites/frankford-hall/,ready,hold
J238-087,Franklin Fountain,franklin-fountain,https://momentum-prospect-radar-next20-2026-08-11.netlify.app/gate/franklin-fountain/?utm_source=directmail&utm_medium=qr&utm_campaign=jesse-238&utm_content=J238-087,https://momentum-prospect-radar-next20-2026-08-11.netlify.app/sites/franklin-fountain/,ready,hold
J238-088,Frazer Antiques,frazer-antiques,https://momentum-prospect-radar-next20-2026-08-11.netlify.app/gate/frazer-antiques/?utm_source=directmail&utm_medium=qr&utm_campaign=jesse-238&utm_content=J238-088,https://momentum-prospect-radar-next20-2026-08-11.netlify.app/sites/frazer-antiques/,ready,hold
J238-089,Fredo's Deli,fredo-s-deli,https://momentum-prospect-radar-next20-2026-08-11.netlify.app/gate/fredo-s-deli/?utm_source=directmail&utm_medium=qr&utm_campaign=jesse-238&utm_content=J238-089,https://momentum-prospect-radar-next20-2026-08-11.netlify.app/sites/fredo-s-deli/,ready,hold
J238-090,Gallagher Fabrication & Machine,gallagher-fabrication-machine,https://momentum-prospect-radar-next20-2026-08-11.netlify.app/gate/gallagher-fabrication-machine/?utm_source=directmail&utm_medium=qr&utm_campaign=jesse-238&utm_content=J238-090,https://momentum-prospect-radar-next20-2026-08-11.netlify.app/sites/gallagher-fabrication-machine/,ready,hold
J238-091,Geno's Steaks,genos-steaks,https://momentum-prospect-radar-next20-2026-08-11.netlify.app/gate/genos-steaks/?utm_source=directmail&utm_medium=qr&utm_campaign=jesse-238&utm_content=J238-091,https://momentum-prospect-radar-next20-2026-08-11.netlify.app/sites/genos-steaks/,ready,hold
J238-092,Germantown Dental Group,germantown-dental-group,https://momentum-prospect-radar-next20-2026-08-11.netlify.app/gate/germantown-dental-group/?utm_source=directmail&utm_medium=qr&utm_campaign=jesse-238&utm_content=J238-092,https://momentum-prospect-radar-next20-2026-08-11.netlify.app/sites/germantown-dental-group/,ready,hold
J238-093,Glen Eagle Pediatric Dentistry,glen-eagle-pediatric-dentistry,https://momentum-prospect-radar-next20-2026-08-11.netlify.app/gate/glen-eagle-pediatric-dentistry/?utm_source=directmail&utm_medium=qr&utm_campaign=jesse-238&utm_content=J238-093,https://momentum-prospect-radar-next20-2026-08-11.netlify.app/sites/glen-eagle-pediatric-dentistry/,ready,hold
J238-094,GO2 Tech,go2tech,https://momentum-prospect-radar-next20-2026-08-11.netlify.app/gate/go2tech/?utm_source=directmail&utm_medium=qr&utm_campaign=jesse-238&utm_content=J238-094,https://momentum-prospect-radar-next20-2026-08-11.netlify.app/sites/go2tech/,ready,hold
J238-095,Golden Eagle Jewelers,golden-eagle-jewelry,https://momentum-prospect-radar-next20-2026-08-11.netlify.app/gate/golden-eagle-jewelry/?utm_source=directmail&utm_medium=qr&utm_campaign=jesse-238&utm_content=J238-095,https://momentum-prospect-radar-next20-2026-08-11.netlify.app/sites/golden-eagle-jewelry/,ready,hold
J238-096,Good Dog Bar,good-dog-bar,https://momentum-prospect-radar-next20-2026-08-11.netlify.app/gate/good-dog-bar/?utm_source=directmail&utm_medium=qr&utm_campaign=jesse-238&utm_content=J238-096,https://momentum-prospect-radar-next20-2026-08-11.netlify.app/sites/good-dog-bar/,ready,hold
J238-097,Gracies Painting,gracies-painting,https://momentum-prospect-radar-next20-2026-08-11.netlify.app/gate/gracies-painting/?utm_source=directmail&utm_medium=qr&utm_campaign=jesse-238&utm_content=J238-097,https://momentum-prospect-radar-next20-2026-08-11.netlify.app/sites/gracies-painting/,ready,hold
J238-098,Graham Painting (10/98),graham-painting-10-98,https://momentum-prospect-radar-next20-2026-08-11.netlify.app/gate/graham-painting-10-98/?utm_source=directmail&utm_medium=qr&utm_campaign=jesse-238&utm_content=J238-098,https://momentum-prospect-radar-next20-2026-08-11.netlify.app/sites/graham-painting-10-98/,ready,hold
J238-099,GREATER PHILADELPHIA CHIROPRACTIC CENTER,greater-philadelphia-chiropractic-center,https://momentum-prospect-radar-next20-2026-08-11.netlify.app/gate/greater-philadelphia-chiropractic-center/?utm_source=directmail&utm_medium=qr&utm_campaign=jesse-238&utm_content=J238-099,https://momentum-prospect-radar-next20-2026-08-11.netlify.app/sites/greater-philadelphia-chiropractic-center/,ready,hold
J238-100,Guaranteed Plumbing & Heating,guaranteed-plumbing-heating,https://momentum-prospect-radar-next20-2026-08-11.netlify.app/gate/guaranteed-plumbing-heating/?utm_source=directmail&utm_medium=qr&utm_campaign=jesse-238&utm_content=J238-100,https://momentum-prospect-radar-next20-2026-08-11.netlify.app/sites/guaranteed-plumbing-heating/,ready,hold
J238-101,Hal Rosenthaler DMD,hal-rosenthaler-dmd,https://momentum-prospect-radar-next20-2026-08-11.netlify.app/gate/hal-rosenthaler-dmd/?utm_source=directmail&utm_medium=qr&utm_campaign=jesse-238&utm_content=J238-101,https://momentum-prospect-radar-next20-2026-08-11.netlify.app/sites/hal-rosenthaler-dmd/,ready,hold
J238-102,Hamburg Animal Hospital,hamburg-animal-hospital,https://momentum-prospect-radar-next20-2026-08-11.netlify.app/gate/hamburg-animal-hospital/?utm_source=directmail&utm_medium=qr&utm_campaign=jesse-238&utm_content=J238-102,https://momentum-prospect-radar-next20-2026-08-11.netlify.app/sites/hamburg-animal-hospital/,ready,hold
J238-103,Harry's Hotdogs,harry-s-hotdogs,https://momentum-prospect-radar-next20-2026-08-11.netlify.app/gate/harry-s-hotdogs/?utm_source=directmail&utm_medium=qr&utm_campaign=jesse-238&utm_content=J238-103,https://momentum-prospect-radar-next20-2026-08-11.netlify.app/sites/harry-s-hotdogs/,ready,hold
J238-104,HaverCrown Dental,havercrown-dental,https://momentum-prospect-radar-next20-2026-08-11.netlify.app/gate/havercrown-dental/?utm_source=directmail&utm_medium=qr&utm_campaign=jesse-238&utm_content=J238-104,https://momentum-prospect-radar-next20-2026-08-11.netlify.app/sites/havercrown-dental/,ready,hold
J238-105,Heart & Soul Tattoo,heart-soul-tattoo,https://momentum-prospect-radar-next20-2026-08-11.netlify.app/gate/heart-soul-tattoo/?utm_source=directmail&utm_medium=qr&utm_campaign=jesse-238&utm_content=J238-105,https://momentum-prospect-radar-next20-2026-08-11.netlify.app/sites/heart-soul-tattoo/,ready,hold
J238-106,Johnny Destructo's Hero Complex,hero-complex,https://momentum-prospect-radar-next20-2026-08-11.netlify.app/gate/hero-complex/?utm_source=directmail&utm_medium=qr&utm_campaign=jesse-238&utm_content=J238-106,https://momentum-prospect-radar-next20-2026-08-11.netlify.app/sites/hero-complex/,ready,hold
J238-107,H&G Sign Company,h-g-sign-company,https://momentum-prospect-radar-next20-2026-08-11.netlify.app/gate/h-g-sign-company/?utm_source=directmail&utm_medium=qr&utm_campaign=jesse-238&utm_content=J238-107,https://momentum-prospect-radar-next20-2026-08-11.netlify.app/sites/h-g-sign-company/,ready,hold
J238-108,Highline Motors Aston,highline-motors,https://momentum-prospect-radar-next20-2026-08-11.netlify.app/gate/highline-motors/?utm_source=directmail&utm_medium=qr&utm_campaign=jesse-238&utm_content=J238-108,https://momentum-prospect-radar-next20-2026-08-11.netlify.app/sites/highline-motors/,ready,hold
J238-109,Holiday Hair Quakertown,holiday-hair,https://momentum-prospect-radar-next20-2026-08-11.netlify.app/gate/holiday-hair/?utm_source=directmail&utm_medium=qr&utm_campaign=jesse-238&utm_content=J238-109,https://momentum-prospect-radar-next20-2026-08-11.netlify.app/sites/holiday-hair/,ready,hold
J238-110,Home Furnishing Consignment,home-furnishings-consignment,https://momentum-prospect-radar-next20-2026-08-11.netlify.app/gate/home-furnishings-consignment/?utm_source=directmail&utm_medium=qr&utm_campaign=jesse-238&utm_content=J238-110,https://momentum-prospect-radar-next20-2026-08-11.netlify.app/sites/home-furnishings-consignment/,ready,hold
J238-111,Integrity Interiors,integrity-interiors,https://momentum-prospect-radar-next20-2026-08-11.netlify.app/gate/integrity-interiors/?utm_source=directmail&utm_medium=qr&utm_campaign=jesse-238&utm_content=J238-111,https://momentum-prospect-radar-next20-2026-08-11.netlify.app/sites/integrity-interiors/,ready,hold
J238-112,Isgro Pastries,isgro-pastries,https://momentum-prospect-radar-next20-2026-08-11.netlify.app/gate/isgro-pastries/?utm_source=directmail&utm_medium=qr&utm_campaign=jesse-238&utm_content=J238-112,https://momentum-prospect-radar-next20-2026-08-11.netlify.app/sites/isgro-pastries/,ready,hold
J238-113,IVC Wealth Advisors,ivc-wealth-advisors,https://momentum-prospect-radar-next20-2026-08-11.netlify.app/gate/ivc-wealth-advisors/?utm_source=directmail&utm_medium=qr&utm_campaign=jesse-238&utm_content=J238-113,https://momentum-prospect-radar-next20-2026-08-11.netlify.app/sites/ivc-wealth-advisors/,ready,hold
J238-114,James Harper Painting,james-harper-painting,https://momentum-prospect-radar-next20-2026-08-11.netlify.app/gate/james-harper-painting/?utm_source=directmail&utm_medium=qr&utm_campaign=jesse-238&utm_content=J238-114,https://momentum-prospect-radar-next20-2026-08-11.netlify.app/sites/james-harper-painting/,ready,hold
J238-115,Jarman Sales & Service,jarman-hvac,https://momentum-prospect-radar-next20-2026-08-11.netlify.app/gate/jarman-hvac/?utm_source=directmail&utm_medium=qr&utm_campaign=jesse-238&utm_content=J238-115,https://momentum-prospect-radar-next20-2026-08-11.netlify.app/sites/jarman-hvac/,ready,hold
J238-116,"JDV Electric, LLC",jdv-electric-llc,https://momentum-prospect-radar-next20-2026-08-11.netlify.app/gate/jdv-electric-llc/?utm_source=directmail&utm_medium=qr&utm_campaign=jesse-238&utm_content=J238-116,https://momentum-prospect-radar-next20-2026-08-11.netlify.app/sites/jdv-electric-llc/,ready,hold
J238-117,Johnny Brenda's,johnny-brendas,https://momentum-prospect-radar-next20-2026-08-11.netlify.app/gate/johnny-brendas/?utm_source=directmail&utm_medium=qr&utm_campaign=jesse-238&utm_content=J238-117,https://momentum-prospect-radar-next20-2026-08-11.netlify.app/sites/johnny-brendas/,ready,hold
J238-118,Johnny's Pizza & Pasta,johnnys-pizza,https://momentum-prospect-radar-next20-2026-08-11.netlify.app/gate/johnnys-pizza/?utm_source=directmail&utm_medium=qr&utm_campaign=jesse-238&utm_content=J238-118,https://momentum-prospect-radar-next20-2026-08-11.netlify.app/sites/johnnys-pizza/,ready,hold
J238-119,Johnny's Pizza,johnny-s-pizza,https://momentum-prospect-radar-next20-2026-08-11.netlify.app/gate/johnny-s-pizza/?utm_source=directmail&utm_medium=qr&utm_campaign=jesse-238&utm_content=J238-119,https://momentum-prospect-radar-next20-2026-08-11.netlify.app/sites/johnny-s-pizza/,ready,hold
J238-120,John's Roast Pork,johns-roast-pork,https://momentum-prospect-radar-next20-2026-08-11.netlify.app/gate/johns-roast-pork/?utm_source=directmail&utm_medium=qr&utm_campaign=jesse-238&utm_content=J238-120,https://momentum-prospect-radar-next20-2026-08-11.netlify.app/sites/johns-roast-pork/,ready,hold
J238-121,"J-Pro Pools, Inc.",j-pro-inc,https://momentum-prospect-radar-next20-2026-08-11.netlify.app/gate/j-pro-inc/?utm_source=directmail&utm_medium=qr&utm_campaign=jesse-238&utm_content=J238-121,https://momentum-prospect-radar-next20-2026-08-11.netlify.app/sites/j-pro-inc/,ready,hold
J238-122,Just Tires Media,just-tires,https://momentum-prospect-radar-next20-2026-08-11.netlify.app/gate/just-tires/?utm_source=directmail&utm_medium=qr&utm_campaign=jesse-238&utm_content=J238-122,https://momentum-prospect-radar-next20-2026-08-11.netlify.app/sites/just-tires/,ready,hold
J238-123,K.A.M. Sheet Metal & Fab,k-a-m-sheet-metal-fab,https://momentum-prospect-radar-next20-2026-08-11.netlify.app/gate/k-a-m-sheet-metal-fab/?utm_source=directmail&utm_medium=qr&utm_campaign=jesse-238&utm_content=J238-123,https://momentum-prospect-radar-next20-2026-08-11.netlify.app/sites/k-a-m-sheet-metal-fab/,ready,hold
J238-124,Katana Pittsburgh,katana,https://momentum-prospect-radar-next20-2026-08-11.netlify.app/gate/katana/?utm_source=directmail&utm_medium=qr&utm_campaign=jesse-238&utm_content=J238-124,https://momentum-prospect-radar-next20-2026-08-11.netlify.app/sites/katana/,ready,hold
J238-125,Kehan's Auto Service,kehans-auto-service,https://momentum-prospect-radar-next20-2026-08-11.netlify.app/gate/kehans-auto-service/?utm_source=directmail&utm_medium=qr&utm_campaign=jesse-238&utm_content=J238-125,https://momentum-prospect-radar-next20-2026-08-11.netlify.app/sites/kehans-auto-service/,ready,hold
J238-126,Kinetic Physical Therapy,kinetic-physical-therapy,https://momentum-prospect-radar-next20-2026-08-11.netlify.app/gate/kinetic-physical-therapy/?utm_source=directmail&utm_medium=qr&utm_campaign=jesse-238&utm_content=J238-126,https://momentum-prospect-radar-next20-2026-08-11.netlify.app/sites/kinetic-physical-therapy/,ready,hold
J238-127,"La Colombe Coffee Roasters, Rittenhouse Square",la-colombe-rittenhouse,https://momentum-prospect-radar-next20-2026-08-11.netlify.app/gate/la-colombe-rittenhouse/?utm_source=directmail&utm_medium=qr&utm_campaign=jesse-238&utm_content=J238-127,https://momentum-prospect-radar-next20-2026-08-11.netlify.app/sites/la-colombe-rittenhouse/,ready,hold
J238-128,Lawrence Kassan Podiatry,lawrence-kassan-podiatry,https://momentum-prospect-radar-next20-2026-08-11.netlify.app/gate/lawrence-kassan-podiatry/?utm_source=directmail&utm_medium=qr&utm_campaign=jesse-238&utm_content=J238-128,https://momentum-prospect-radar-next20-2026-08-11.netlify.app/sites/lawrence-kassan-podiatry/,ready,hold
J238-129,Lee's Hoagie House of Horsham,lees-hoagie-house,https://momentum-prospect-radar-next20-2026-08-11.netlify.app/gate/lees-hoagie-house/?utm_source=directmail&utm_medium=qr&utm_campaign=jesse-238&utm_content=J238-129,https://momentum-prospect-radar-next20-2026-08-11.netlify.app/sites/lees-hoagie-house/,ready,hold
J238-130,Legacy Jewelers,legacy-jewelers,https://momentum-prospect-radar-next20-2026-08-11.netlify.app/gate/legacy-jewelers/?utm_source=directmail&utm_medium=qr&utm_campaign=jesse-238&utm_content=J238-130,https://momentum-prospect-radar-next20-2026-08-11.netlify.app/sites/legacy-jewelers/,ready,hold
J238-131,Live Urgent Care King of Prussia,live-urgent-care,https://momentum-prospect-radar-next20-2026-08-11.netlify.app/gate/live-urgent-care/?utm_source=directmail&utm_medium=qr&utm_campaign=jesse-238&utm_content=J238-131,https://momentum-prospect-radar-next20-2026-08-11.netlify.app/sites/live-urgent-care/,ready,hold
J238-132,Apollo Wealth Advisors,lpl-financial,https://momentum-prospect-radar-next20-2026-08-11.netlify.app/gate/lpl-financial/?utm_source=directmail&utm_medium=qr&utm_campaign=jesse-238&utm_content=J238-132,https://momentum-prospect-radar-next20-2026-08-11.netlify.app/sites/lpl-financial/,ready,hold
J238-133,Lynch Plumbing & Heating,lynch-plumbing-heating,https://momentum-prospect-radar-next20-2026-08-11.netlify.app/gate/lynch-plumbing-heating/?utm_source=directmail&utm_medium=qr&utm_campaign=jesse-238&utm_content=J238-133,https://momentum-prospect-radar-next20-2026-08-11.netlify.app/sites/lynch-plumbing-heating/,ready,hold
J238-134,MacLaren Kitchen and Bath,maclaren-kitchen-and-bath,https://momentum-prospect-radar-next20-2026-08-11.netlify.app/gate/maclaren-kitchen-and-bath/?utm_source=directmail&utm_medium=qr&utm_campaign=jesse-238&utm_content=J238-134,https://momentum-prospect-radar-next20-2026-08-11.netlify.app/sites/maclaren-kitchen-and-bath/,ready,hold
J238-135,Philadelphia's Magic Gardens,magic-gardens,https://momentum-prospect-radar-next20-2026-08-11.netlify.app/gate/magic-gardens/?utm_source=directmail&utm_medium=qr&utm_campaign=jesse-238&utm_content=J238-135,https://momentum-prospect-radar-next20-2026-08-11.netlify.app/sites/magic-gardens/,ready,hold
J238-136,Main Line Veterinary Hospital,main-line-veterinary-hospital,https://momentum-prospect-radar-next20-2026-08-11.netlify.app/gate/main-line-veterinary-hospital/?utm_source=directmail&utm_medium=qr&utm_campaign=jesse-238&utm_content=J238-136,https://momentum-prospect-radar-next20-2026-08-11.netlify.app/sites/main-line-veterinary-hospital/,ready,hold
J238-137,Malvern Vision Care,malvern-vision-care,https://momentum-prospect-radar-next20-2026-08-11.netlify.app/gate/malvern-vision-care/?utm_source=directmail&utm_medium=qr&utm_campaign=jesse-238&utm_content=J238-137,https://momentum-prospect-radar-next20-2026-08-11.netlify.app/sites/malvern-vision-care/,ready,hold
J238-138,Manatawny Still Works,manatawny-still-works,https://momentum-prospect-radar-next20-2026-08-11.netlify.app/gate/manatawny-still-works/?utm_source=directmail&utm_medium=qr&utm_campaign=jesse-238&utm_content=J238-138,https://momentum-prospect-radar-next20-2026-08-11.netlify.app/sites/manatawny-still-works/,ready,hold
J238-139,Manayunk Plumbing & Heating,manayunk-plumbing-heating,https://momentum-prospect-radar-next20-2026-08-11.netlify.app/gate/manayunk-plumbing-heating/?utm_source=directmail&utm_medium=qr&utm_campaign=jesse-238&utm_content=J238-139,https://momentum-prospect-radar-next20-2026-08-11.netlify.app/sites/manayunk-plumbing-heating/,ready,hold
J238-140,Martha's Sophisticated Shine,marthas-sophisticated-shine,https://momentum-prospect-radar-next20-2026-08-11.netlify.app/gate/marthas-sophisticated-shine/?utm_source=directmail&utm_medium=qr&utm_campaign=jesse-238&utm_content=J238-140,https://momentum-prospect-radar-next20-2026-08-11.netlify.app/sites/marthas-sophisticated-shine/,ready,hold
J238-141,"Mary Cleary Drywall & Carpentry, LLC",mary-cleary-drywall-carpentry-llc,https://momentum-prospect-radar-next20-2026-08-11.netlify.app/gate/mary-cleary-drywall-carpentry-llc/?utm_source=directmail&utm_medium=qr&utm_campaign=jesse-238&utm_content=J238-141,https://momentum-prospect-radar-next20-2026-08-11.netlify.app/sites/mary-cleary-drywall-carpentry-llc/,ready,hold
J238-142,Mayfair Family Chiropractic Center,mayfair-family-chiropractic,https://momentum-prospect-radar-next20-2026-08-11.netlify.app/gate/mayfair-family-chiropractic/?utm_source=directmail&utm_medium=qr&utm_campaign=jesse-238&utm_content=J238-142,https://momentum-prospect-radar-next20-2026-08-11.netlify.app/sites/mayfair-family-chiropractic/,ready,hold
J238-143,Mayfair Fence,mayfair-fence,https://momentum-prospect-radar-next20-2026-08-11.netlify.app/gate/mayfair-fence/?utm_source=directmail&utm_medium=qr&utm_campaign=jesse-238&utm_content=J238-143,https://momentum-prospect-radar-next20-2026-08-11.netlify.app/sites/mayfair-fence/,ready,hold
J238-144,McMenamin & Margiotti,mcmenamin-margiotti,https://momentum-prospect-radar-next20-2026-08-11.netlify.app/gate/mcmenamin-margiotti/?utm_source=directmail&utm_medium=qr&utm_campaign=jesse-238&utm_content=J238-144,https://momentum-prospect-radar-next20-2026-08-11.netlify.app/sites/mcmenamin-margiotti/,ready,hold
J238-145,Metalmorphose Ironworks,metalmorphose-iron-studio,https://momentum-prospect-radar-next20-2026-08-11.netlify.app/gate/metalmorphose-iron-studio/?utm_source=directmail&utm_medium=qr&utm_campaign=jesse-238&utm_content=J238-145,https://momentum-prospect-radar-next20-2026-08-11.netlify.app/sites/metalmorphose-iron-studio/,ready,hold
J238-146,Metro Physical Medicine,metro-physical-medicine,https://momentum-prospect-radar-next20-2026-08-11.netlify.app/gate/metro-physical-medicine/?utm_source=directmail&utm_medium=qr&utm_campaign=jesse-238&utm_content=J238-146,https://momentum-prospect-radar-next20-2026-08-11.netlify.app/sites/metro-physical-medicine/,ready,hold
J238-147,Ming's Chinese Restaurant,ming-s-chinese,https://momentum-prospect-radar-next20-2026-08-11.netlify.app/gate/ming-s-chinese/?utm_source=directmail&utm_medium=qr&utm_campaign=jesse-238&utm_content=J238-147,https://momentum-prospect-radar-next20-2026-08-11.netlify.app/sites/ming-s-chinese/,ready,hold
J238-148,"Mitchell Painting, LLC",mitchell-painting-llc,https://momentum-prospect-radar-next20-2026-08-11.netlify.app/gate/mitchell-painting-llc/?utm_source=directmail&utm_medium=qr&utm_campaign=jesse-238&utm_content=J238-148,https://momentum-prospect-radar-next20-2026-08-11.netlify.app/sites/mitchell-painting-llc/,ready,hold
J238-149,"MOM's Organic Market, Center City",moms-organic-market,https://momentum-prospect-radar-next20-2026-08-11.netlify.app/gate/moms-organic-market/?utm_source=directmail&utm_medium=qr&utm_campaign=jesse-238&utm_content=J238-149,https://momentum-prospect-radar-next20-2026-08-11.netlify.app/sites/moms-organic-market/,ready,hold
J238-150,Morris Arboretum & Gardens,morris-arboretum,https://momentum-prospect-radar-next20-2026-08-11.netlify.app/gate/morris-arboretum/?utm_source=directmail&utm_medium=qr&utm_campaign=jesse-238&utm_content=J238-150,https://momentum-prospect-radar-next20-2026-08-11.netlify.app/sites/morris-arboretum/,ready,hold
J238-151,Morton Electric Pool & Spa,morton-electric-pool-spa,https://momentum-prospect-radar-next20-2026-08-11.netlify.app/gate/morton-electric-pool-spa/?utm_source=directmail&utm_medium=qr&utm_campaign=jesse-238&utm_content=J238-151,https://momentum-prospect-radar-next20-2026-08-11.netlify.app/sites/morton-electric-pool-spa/,ready,hold
J238-152,Moss Contracting,moss-contracting,https://momentum-prospect-radar-next20-2026-08-11.netlify.app/gate/moss-contracting/?utm_source=directmail&utm_medium=qr&utm_campaign=jesse-238&utm_content=J238-152,https://momentum-prospect-radar-next20-2026-08-11.netlify.app/sites/moss-contracting/,ready,hold
J238-153,Narberth Pizza and Steaks,narberth-pizza,https://momentum-prospect-radar-next20-2026-08-11.netlify.app/gate/narberth-pizza/?utm_source=directmail&utm_medium=qr&utm_campaign=jesse-238&utm_content=J238-153,https://momentum-prospect-radar-next20-2026-08-11.netlify.app/sites/narberth-pizza/,ready,hold
J238-154,The New Pennsburg Diner,new-pennsburg-diner,https://momentum-prospect-radar-next20-2026-08-11.netlify.app/gate/new-pennsburg-diner/?utm_source=directmail&utm_medium=qr&utm_campaign=jesse-238&utm_content=J238-154,https://momentum-prospect-radar-next20-2026-08-11.netlify.app/sites/new-pennsburg-diner/,ready,hold
J238-155,Nicky's Thai Kitchen Downtown,nicky-s-thai-kitchen,https://momentum-prospect-radar-next20-2026-08-11.netlify.app/gate/nicky-s-thai-kitchen/?utm_source=directmail&utm_medium=qr&utm_campaign=jesse-238&utm_content=J238-155,https://momentum-prospect-radar-next20-2026-08-11.netlify.app/sites/nicky-s-thai-kitchen/,ready,hold
J238-156,Northeast Family Foot Care,northeast-family-foot-care,https://momentum-prospect-radar-next20-2026-08-11.netlify.app/gate/northeast-family-foot-care/?utm_source=directmail&utm_medium=qr&utm_campaign=jesse-238&utm_content=J238-156,https://momentum-prospect-radar-next20-2026-08-11.netlify.app/sites/northeast-family-foot-care/,ready,hold
J238-157,Nottingham Creamery,nottingham-creamery,https://momentum-prospect-radar-next20-2026-08-11.netlify.app/gate/nottingham-creamery/?utm_source=directmail&utm_medium=qr&utm_campaign=jesse-238&utm_content=J238-157,https://momentum-prospect-radar-next20-2026-08-11.netlify.app/sites/nottingham-creamery/,ready,hold
J238-158,NovaCare Rehabilitation Conshohocken,novacare,https://momentum-prospect-radar-next20-2026-08-11.netlify.app/gate/novacare/?utm_source=directmail&utm_medium=qr&utm_campaign=jesse-238&utm_content=J238-158,https://momentum-prospect-radar-next20-2026-08-11.netlify.app/sites/novacare/,ready,hold
J238-159,Oaks Italian Deli And Pizzeria,oaks-italian-deli,https://momentum-prospect-radar-next20-2026-08-11.netlify.app/gate/oaks-italian-deli/?utm_source=directmail&utm_medium=qr&utm_campaign=jesse-238&utm_content=J238-159,https://momentum-prospect-radar-next20-2026-08-11.netlify.app/sites/oaks-italian-deli/,ready,hold
J238-160,"O'Donnell, Weiss & Mattei, P.C.",o-donnell-weiss-mattei-p-c,https://momentum-prospect-radar-next20-2026-08-11.netlify.app/gate/o-donnell-weiss-mattei-p-c/?utm_source=directmail&utm_medium=qr&utm_campaign=jesse-238&utm_content=J238-160,https://momentum-prospect-radar-next20-2026-08-11.netlify.app/sites/o-donnell-weiss-mattei-p-c/,ready,hold
J238-161,Ooka Hibachi and Sushi,ooka-hibachi-and-sushi,https://momentum-prospect-radar-next20-2026-08-11.netlify.app/gate/ooka-hibachi-and-sushi/?utm_source=directmail&utm_medium=qr&utm_campaign=jesse-238&utm_content=J238-161,https://momentum-prospect-radar-next20-2026-08-11.netlify.app/sites/ooka-hibachi-and-sushi/,ready,hold
J238-162,OpenArc,openarc,https://momentum-prospect-radar-next20-2026-08-11.netlify.app/gate/openarc/?utm_source=directmail&utm_medium=qr&utm_campaign=jesse-238&utm_content=J238-162,https://momentum-prospect-radar-next20-2026-08-11.netlify.app/sites/openarc/,ready,hold
J238-163,OSS Health,oss-health,https://momentum-prospect-radar-next20-2026-08-11.netlify.app/gate/oss-health/?utm_source=directmail&utm_medium=qr&utm_campaign=jesse-238&utm_content=J238-163,https://momentum-prospect-radar-next20-2026-08-11.netlify.app/sites/oss-health/,ready,hold
J238-164,Frederick W. Oster Fine Violins,oster-fine-violins,https://momentum-prospect-radar-next20-2026-08-11.netlify.app/gate/oster-fine-violins/?utm_source=directmail&utm_medium=qr&utm_campaign=jesse-238&utm_content=J238-164,https://momentum-prospect-radar-next20-2026-08-11.netlify.app/sites/oster-fine-violins/,ready,hold
J238-165,Oxford Rehabilitation Center,oxford-rehabilitation-center,https://momentum-prospect-radar-next20-2026-08-11.netlify.app/gate/oxford-rehabilitation-center/?utm_source=directmail&utm_medium=qr&utm_campaign=jesse-238&utm_content=J238-165,https://momentum-prospect-radar-next20-2026-08-11.netlify.app/sites/oxford-rehabilitation-center/,ready,hold
J238-166,"Patriot Fence & Ironworks, LLC.",patriot-fence-and-ironworks,https://momentum-prospect-radar-next20-2026-08-11.netlify.app/gate/patriot-fence-and-ironworks/?utm_source=directmail&utm_medium=qr&utm_campaign=jesse-238&utm_content=J238-166,https://momentum-prospect-radar-next20-2026-08-11.netlify.app/sites/patriot-fence-and-ironworks/,ready,hold
J238-167,Pat's King of Steaks,pats-king-steaks,https://momentum-prospect-radar-next20-2026-08-11.netlify.app/gate/pats-king-steaks/?utm_source=directmail&utm_medium=qr&utm_campaign=jesse-238&utm_content=J238-167,https://momentum-prospect-radar-next20-2026-08-11.netlify.app/sites/pats-king-steaks/,ready,hold
J238-168,Peking Gourmet,peking-gourmet,https://momentum-prospect-radar-next20-2026-08-11.netlify.app/gate/peking-gourmet/?utm_source=directmail&utm_medium=qr&utm_campaign=jesse-238&utm_content=J238-168,https://momentum-prospect-radar-next20-2026-08-11.netlify.app/sites/peking-gourmet/,ready,hold
J238-169,Pennsylvania Dental Group,pennsylvania-dental-group,https://momentum-prospect-radar-next20-2026-08-11.netlify.app/gate/pennsylvania-dental-group/?utm_source=directmail&utm_medium=qr&utm_campaign=jesse-238&utm_content=J238-169,https://momentum-prospect-radar-next20-2026-08-11.netlify.app/sites/pennsylvania-dental-group/,ready,hold
J238-170,Philadelphia Auto Accident Injury Attorney,philadelphia-auto-accident-injury-attorney,https://momentum-prospect-radar-next20-2026-08-11.netlify.app/gate/philadelphia-auto-accident-injury-attorney/?utm_source=directmail&utm_medium=qr&utm_campaign=jesse-238&utm_content=J238-170,https://momentum-prospect-radar-next20-2026-08-11.netlify.app/sites/philadelphia-auto-accident-injury-attorney/,ready,hold
J238-171,Philadelphia Garage,philadelphia-garage,https://momentum-prospect-radar-next20-2026-08-11.netlify.app/gate/philadelphia-garage/?utm_source=directmail&utm_medium=qr&utm_campaign=jesse-238&utm_content=J238-171,https://momentum-prospect-radar-next20-2026-08-11.netlify.app/sites/philadelphia-garage/,ready,hold
J238-172,Philadelphia Record Exchange,philadelphia-record-exchange,https://momentum-prospect-radar-next20-2026-08-11.netlify.app/gate/philadelphia-record-exchange/?utm_source=directmail&utm_medium=qr&utm_campaign=jesse-238&utm_content=J238-172,https://momentum-prospect-radar-next20-2026-08-11.netlify.app/sites/philadelphia-record-exchange/,ready,hold
J238-173,Philly Medical and Rehab Associates,philly-medical-and-rehab-associates,https://momentum-prospect-radar-next20-2026-08-11.netlify.app/gate/philly-medical-and-rehab-associates/?utm_source=directmail&utm_medium=qr&utm_campaign=jesse-238&utm_content=J238-173,https://momentum-prospect-radar-next20-2026-08-11.netlify.app/sites/philly-medical-and-rehab-associates/,ready,hold
J238-174,Pipe Xpress,pipe-xpress,https://momentum-prospect-radar-next20-2026-08-11.netlify.app/gate/pipe-xpress/?utm_source=directmail&utm_medium=qr&utm_campaign=jesse-238&utm_content=J238-174,https://momentum-prospect-radar-next20-2026-08-11.netlify.app/sites/pipe-xpress/,ready,hold
J238-175,Pizza Peddler,pizza-peddler,https://momentum-prospect-radar-next20-2026-08-11.netlify.app/gate/pizza-peddler/?utm_source=directmail&utm_medium=qr&utm_campaign=jesse-238&utm_content=J238-175,https://momentum-prospect-radar-next20-2026-08-11.netlify.app/sites/pizza-peddler/,ready,hold
J238-176,PK2 Construction,pk2-construction,https://momentum-prospect-radar-next20-2026-08-11.netlify.app/gate/pk2-construction/?utm_source=directmail&utm_medium=qr&utm_campaign=jesse-238&utm_content=J238-176,https://momentum-prospect-radar-next20-2026-08-11.netlify.app/sites/pk2-construction/,ready,hold
J238-177,Plastic & Reconstructive Surgical Solutions,plastic-surgery-solutions,https://momentum-prospect-radar-next20-2026-08-11.netlify.app/gate/plastic-surgery-solutions/?utm_source=directmail&utm_medium=qr&utm_campaign=jesse-238&utm_content=J238-177,https://momentum-prospect-radar-next20-2026-08-11.netlify.app/sites/plastic-surgery-solutions/,ready,hold
J238-178,"Prime Interiors, LLC",prime-interiors-llc,https://momentum-prospect-radar-next20-2026-08-11.netlify.app/gate/prime-interiors-llc/?utm_source=directmail&utm_medium=qr&utm_campaign=jesse-238&utm_content=J238-178,https://momentum-prospect-radar-next20-2026-08-11.netlify.app/sites/prime-interiors-llc/,ready,hold
J238-179,Pro Nails,pro-nails,https://momentum-prospect-radar-next20-2026-08-11.netlify.app/gate/pro-nails/?utm_source=directmail&utm_medium=qr&utm_campaign=jesse-238&utm_content=J238-179,https://momentum-prospect-radar-next20-2026-08-11.netlify.app/sites/pro-nails/,ready,hold
J238-180,PT in Philly,pt-in-philly,https://momentum-prospect-radar-next20-2026-08-11.netlify.app/gate/pt-in-philly/?utm_source=directmail&utm_medium=qr&utm_campaign=jesse-238&utm_content=J238-180,https://momentum-prospect-radar-next20-2026-08-11.netlify.app/sites/pt-in-philly/,ready,hold
J238-181,Radiance Dental,radiance-dental,https://momentum-prospect-radar-next20-2026-08-11.netlify.app/gate/radiance-dental/?utm_source=directmail&utm_medium=qr&utm_campaign=jesse-238&utm_content=J238-181,https://momentum-prospect-radar-next20-2026-08-11.netlify.app/sites/radiance-dental/,ready,hold
J238-182,Rally House Collegeville,rally-house-collegeville,https://momentum-prospect-radar-next20-2026-08-11.netlify.app/gate/rally-house-collegeville/?utm_source=directmail&utm_medium=qr&utm_campaign=jesse-238&utm_content=J238-182,https://momentum-prospect-radar-next20-2026-08-11.netlify.app/sites/rally-house-collegeville/,ready,hold
J238-183,Reading Terminal Market,reading-terminal,https://momentum-prospect-radar-next20-2026-08-11.netlify.app/gate/reading-terminal/?utm_source=directmail&utm_medium=qr&utm_campaign=jesse-238&utm_content=J238-183,https://momentum-prospect-radar-next20-2026-08-11.netlify.app/sites/reading-terminal/,ready,hold
J238-184,ReAnimator Coffee,reanimator-coffee,https://momentum-prospect-radar-next20-2026-08-11.netlify.app/gate/reanimator-coffee/?utm_source=directmail&utm_medium=qr&utm_campaign=jesse-238&utm_content=J238-184,https://momentum-prospect-radar-next20-2026-08-11.netlify.app/sites/reanimator-coffee/,ready,hold
J238-185,Reardon Dental Exton,reardon-dental,https://momentum-prospect-radar-next20-2026-08-11.netlify.app/gate/reardon-dental/?utm_source=directmail&utm_medium=qr&utm_campaign=jesse-238&utm_content=J238-185,https://momentum-prospect-radar-next20-2026-08-11.netlify.app/sites/reardon-dental/,ready,hold
J238-186,Red Hill Greenhouses & Florist,red-hill-greenhouses-florist,https://momentum-prospect-radar-next20-2026-08-11.netlify.app/gate/red-hill-greenhouses-florist/?utm_source=directmail&utm_medium=qr&utm_campaign=jesse-238&utm_content=J238-186,https://momentum-prospect-radar-next20-2026-08-11.netlify.app/sites/red-hill-greenhouses-florist/,ready,hold
J238-187,RHI Construction Inc.,rhi-construction,https://momentum-prospect-radar-next20-2026-08-11.netlify.app/gate/rhi-construction/?utm_source=directmail&utm_medium=qr&utm_campaign=jesse-238&utm_content=J238-187,https://momentum-prospect-radar-next20-2026-08-11.netlify.app/sites/rhi-construction/,ready,hold
J238-188,Riley Rodzianko & Clymer LLP,riley-rodzianko-and-clymer-llp,https://momentum-prospect-radar-next20-2026-08-11.netlify.app/gate/riley-rodzianko-and-clymer-llp/?utm_source=directmail&utm_medium=qr&utm_campaign=jesse-238&utm_content=J238-188,https://momentum-prospect-radar-next20-2026-08-11.netlify.app/sites/riley-rodzianko-and-clymer-llp/,ready,hold
J238-189,Rittenhouse Square Chiro,rittenhouse-square-chiropractic,https://momentum-prospect-radar-next20-2026-08-11.netlify.app/gate/rittenhouse-square-chiropractic/?utm_source=directmail&utm_medium=qr&utm_campaign=jesse-238&utm_content=J238-189,https://momentum-prospect-radar-next20-2026-08-11.netlify.app/sites/rittenhouse-square-chiropractic/,ready,hold
J238-190,Robert J. Spence Plumbing and Heating,robert-j-spence-plumbing-and-heating,https://momentum-prospect-radar-next20-2026-08-11.netlify.app/gate/robert-j-spence-plumbing-and-heating/?utm_source=directmail&utm_medium=qr&utm_campaign=jesse-238&utm_content=J238-190,https://momentum-prospect-radar-next20-2026-08-11.netlify.app/sites/robert-j-spence-plumbing-and-heating/,ready,hold
J238-191,Rocco's Brick Oven Pizzeria,rocco-s-brick-oven-pizzeria,https://momentum-prospect-radar-next20-2026-08-11.netlify.app/gate/rocco-s-brick-oven-pizzeria/?utm_source=directmail&utm_medium=qr&utm_campaign=jesse-238&utm_content=J238-191,https://momentum-prospect-radar-next20-2026-08-11.netlify.app/sites/rocco-s-brick-oven-pizzeria/,ready,hold
J238-192,Rufus Chiropractic and Wellness,rufus-chiropractic-and-wellness,https://momentum-prospect-radar-next20-2026-08-11.netlify.app/gate/rufus-chiropractic-and-wellness/?utm_source=directmail&utm_medium=qr&utm_campaign=jesse-238&utm_content=J238-192,https://momentum-prospect-radar-next20-2026-08-11.netlify.app/sites/rufus-chiropractic-and-wellness/,ready,hold
J238-193,Salter's Fireplace,salters-fireplace,https://momentum-prospect-radar-next20-2026-08-11.netlify.app/gate/salters-fireplace/?utm_source=directmail&utm_medium=qr&utm_campaign=jesse-238&utm_content=J238-193,https://momentum-prospect-radar-next20-2026-08-11.netlify.app/sites/salters-fireplace/,ready,hold
J238-194,Sciacca Service Center,sciacca-service-center,https://momentum-prospect-radar-next20-2026-08-11.netlify.app/gate/sciacca-service-center/?utm_source=directmail&utm_medium=qr&utm_campaign=jesse-238&utm_content=J238-194,https://momentum-prospect-radar-next20-2026-08-11.netlify.app/sites/sciacca-service-center/,ready,hold
J238-195,Scott Lot,scott-lot,https://momentum-prospect-radar-next20-2026-08-11.netlify.app/gate/scott-lot/?utm_source=directmail&utm_medium=qr&utm_campaign=jesse-238&utm_content=J238-195,https://momentum-prospect-radar-next20-2026-08-11.netlify.app/sites/scott-lot/,ready,hold
J238-196,SCRC Accident & Injury Center,scrc-accident-and-injury-center,https://momentum-prospect-radar-next20-2026-08-11.netlify.app/gate/scrc-accident-and-injury-center/?utm_source=directmail&utm_medium=qr&utm_campaign=jesse-238&utm_content=J238-196,https://momentum-prospect-radar-next20-2026-08-11.netlify.app/sites/scrc-accident-and-injury-center/,ready,hold
J238-197,Seiler & Drury,seiler-drury,https://momentum-prospect-radar-next20-2026-08-11.netlify.app/gate/seiler-drury/?utm_source=directmail&utm_medium=qr&utm_campaign=jesse-238&utm_content=J238-197,https://momentum-prospect-radar-next20-2026-08-11.netlify.app/sites/seiler-drury/,ready,hold
J238-198,Sesame Inn,sesame-inn,https://momentum-prospect-radar-next20-2026-08-11.netlify.app/gate/sesame-inn/?utm_source=directmail&utm_medium=qr&utm_campaign=jesse-238&utm_content=J238-198,https://momentum-prospect-radar-next20-2026-08-11.netlify.app/sites/sesame-inn/,ready,hold
J238-199,Sharp Edge Construction Company,sharp-edge-construction-company,https://momentum-prospect-radar-next20-2026-08-11.netlify.app/gate/sharp-edge-construction-company/?utm_source=directmail&utm_medium=qr&utm_campaign=jesse-238&utm_content=J238-199,https://momentum-prospect-radar-next20-2026-08-11.netlify.app/sites/sharp-edge-construction-company/,ready,hold
J238-200,Shooster Development,shooster-development,https://momentum-prospect-radar-next20-2026-08-11.netlify.app/gate/shooster-development/?utm_source=directmail&utm_medium=qr&utm_campaign=jesse-238&utm_content=J238-200,https://momentum-prospect-radar-next20-2026-08-11.netlify.app/sites/shooster-development/,ready,hold
J238-201,"Sioutis Coatings Ent., Inc.",sioutis-coatings-ent-inc,https://momentum-prospect-radar-next20-2026-08-11.netlify.app/gate/sioutis-coatings-ent-inc/?utm_source=directmail&utm_medium=qr&utm_campaign=jesse-238&utm_content=J238-201,https://momentum-prospect-radar-next20-2026-08-11.netlify.app/sites/sioutis-coatings-ent-inc/,ready,hold
J238-202,Snyder Online Marketing,snyder-online-marketing,https://momentum-prospect-radar-next20-2026-08-11.netlify.app/gate/snyder-online-marketing/?utm_source=directmail&utm_medium=qr&utm_campaign=jesse-238&utm_content=J238-202,https://momentum-prospect-radar-next20-2026-08-11.netlify.app/sites/snyder-online-marketing/,ready,hold
J238-203,"Solution Based Plumbing and Heating, Inc.",solution-based-plumbing-and-heating-inc,https://momentum-prospect-radar-next20-2026-08-11.netlify.app/gate/solution-based-plumbing-and-heating-inc/?utm_source=directmail&utm_medium=qr&utm_campaign=jesse-238&utm_content=J238-203,https://momentum-prospect-radar-next20-2026-08-11.netlify.app/sites/solution-based-plumbing-and-heating-inc/,ready,hold
J238-204,Southampton Hot Tub,southampton-hot-tub,https://momentum-prospect-radar-next20-2026-08-11.netlify.app/gate/southampton-hot-tub/?utm_source=directmail&utm_medium=qr&utm_campaign=jesse-238&utm_content=J238-204,https://momentum-prospect-radar-next20-2026-08-11.netlify.app/sites/southampton-hot-tub/,ready,hold
J238-205,Square 1682,square-1682,https://momentum-prospect-radar-next20-2026-08-11.netlify.app/gate/square-1682/?utm_source=directmail&utm_medium=qr&utm_campaign=jesse-238&utm_content=J238-205,https://momentum-prospect-radar-next20-2026-08-11.netlify.app/sites/square-1682/,ready,hold
J238-206,Standard Tap,standard-tap,https://momentum-prospect-radar-next20-2026-08-11.netlify.app/gate/standard-tap/?utm_source=directmail&utm_medium=qr&utm_campaign=jesse-238&utm_content=J238-206,https://momentum-prospect-radar-next20-2026-08-11.netlify.app/sites/standard-tap/,ready,hold
J238-207,Strickland Electric,strickland-electric,https://momentum-prospect-radar-next20-2026-08-11.netlify.app/gate/strickland-electric/?utm_source=directmail&utm_medium=qr&utm_campaign=jesse-238&utm_content=J238-207,https://momentum-prospect-radar-next20-2026-08-11.netlify.app/sites/strickland-electric/,ready,hold
J238-208,Summers Quality Services,summers-quality-services,https://momentum-prospect-radar-next20-2026-08-11.netlify.app/gate/summers-quality-services/?utm_source=directmail&utm_medium=qr&utm_campaign=jesse-238&utm_content=J238-208,https://momentum-prospect-radar-next20-2026-08-11.netlify.app/sites/summers-quality-services/,ready,hold
J238-209,Suraya,suraya,https://momentum-prospect-radar-next20-2026-08-11.netlify.app/gate/suraya/?utm_source=directmail&utm_medium=qr&utm_campaign=jesse-238&utm_content=J238-209,https://momentum-prospect-radar-next20-2026-08-11.netlify.app/sites/suraya/,ready,hold
J238-210,Tanglewood PTG. Corp.,tanglewood-ptg-corp,https://momentum-prospect-radar-next20-2026-08-11.netlify.app/gate/tanglewood-ptg-corp/?utm_source=directmail&utm_medium=qr&utm_campaign=jesse-238&utm_content=J238-210,https://momentum-prospect-radar-next20-2026-08-11.netlify.app/sites/tanglewood-ptg-corp/,ready,hold
J238-211,Termini Brothers Bakery,termini-bros,https://momentum-prospect-radar-next20-2026-08-11.netlify.app/gate/termini-bros/?utm_source=directmail&utm_medium=qr&utm_campaign=jesse-238&utm_content=J238-211,https://momentum-prospect-radar-next20-2026-08-11.netlify.app/sites/termini-bros/,ready,hold
J238-212,The Edge Fitness Clubs Media,the-edge-fitness-clubs,https://momentum-prospect-radar-next20-2026-08-11.netlify.app/gate/the-edge-fitness-clubs/?utm_source=directmail&utm_medium=qr&utm_campaign=jesse-238&utm_content=J238-212,https://momentum-prospect-radar-next20-2026-08-11.netlify.app/sites/the-edge-fitness-clubs/,ready,hold
J238-213,Theory Outlet at Philadelphia Premium Outlets,theory,https://momentum-prospect-radar-next20-2026-08-11.netlify.app/gate/theory/?utm_source=directmail&utm_medium=qr&utm_campaign=jesse-238&utm_content=J238-213,https://momentum-prospect-radar-next20-2026-08-11.netlify.app/sites/theory/,ready,hold
J238-214,The Restaurant Store Plymouth Meeting,the-restaurant-store,https://momentum-prospect-radar-next20-2026-08-11.netlify.app/gate/the-restaurant-store/?utm_source=directmail&utm_medium=qr&utm_campaign=jesse-238&utm_content=J238-214,https://momentum-prospect-radar-next20-2026-08-11.netlify.app/sites/the-restaurant-store/,ready,hold
J238-215,THR Insurance,thr-insurance,https://momentum-prospect-radar-next20-2026-08-11.netlify.app/gate/thr-insurance/?utm_source=directmail&utm_medium=qr&utm_campaign=jesse-238&utm_content=J238-215,https://momentum-prospect-radar-next20-2026-08-11.netlify.app/sites/thr-insurance/,ready,hold
J238-216,THR Insurance Agency,thr-insurance-agency,https://momentum-prospect-radar-next20-2026-08-11.netlify.app/gate/thr-insurance-agency/?utm_source=directmail&utm_medium=qr&utm_campaign=jesse-238&utm_content=J238-216,https://momentum-prospect-radar-next20-2026-08-11.netlify.app/sites/thr-insurance-agency/,ready,hold
J238-217,TM Prestige Home Cash Buyer,tm-prestige-home-cash-buyer,https://momentum-prospect-radar-next20-2026-08-11.netlify.app/gate/tm-prestige-home-cash-buyer/?utm_source=directmail&utm_medium=qr&utm_campaign=jesse-238&utm_content=J238-217,https://momentum-prospect-radar-next20-2026-08-11.netlify.app/sites/tm-prestige-home-cash-buyer/,ready,hold
J238-218,Towne Book Center & Wine Bar,towne-book-center-wine-bar,https://momentum-prospect-radar-next20-2026-08-11.netlify.app/gate/towne-book-center-wine-bar/?utm_source=directmail&utm_medium=qr&utm_campaign=jesse-238&utm_content=J238-218,https://momentum-prospect-radar-next20-2026-08-11.netlify.app/sites/towne-book-center-wine-bar/,ready,hold
J238-219,Train and Nourish,train-and-nourish,https://momentum-prospect-radar-next20-2026-08-11.netlify.app/gate/train-and-nourish/?utm_source=directmail&utm_medium=qr&utm_campaign=jesse-238&utm_content=J238-219,https://momentum-prospect-radar-next20-2026-08-11.netlify.app/sites/train-and-nourish/,ready,hold
J238-220,Trend Auto Trader,trend-auto-trader,https://momentum-prospect-radar-next20-2026-08-11.netlify.app/gate/trend-auto-trader/?utm_source=directmail&utm_medium=qr&utm_campaign=jesse-238&utm_content=J238-220,https://momentum-prospect-radar-next20-2026-08-11.netlify.app/sites/trend-auto-trader/,ready,hold
J238-221,Trend Painting,trend-painting,https://momentum-prospect-radar-next20-2026-08-11.netlify.app/gate/trend-painting/?utm_source=directmail&utm_medium=qr&utm_campaign=jesse-238&utm_content=J238-221,https://momentum-prospect-radar-next20-2026-08-11.netlify.app/sites/trend-painting/,ready,hold
J238-222,Udis & Conn Orthodontics,udis-conn-orthodontics,https://momentum-prospect-radar-next20-2026-08-11.netlify.app/gate/udis-conn-orthodontics/?utm_source=directmail&utm_medium=qr&utm_campaign=jesse-238&utm_content=J238-222,https://momentum-prospect-radar-next20-2026-08-11.netlify.app/sites/udis-conn-orthodontics/,ready,hold
J238-223,United Metal Construction LLC,united-metal-construction-llc,https://momentum-prospect-radar-next20-2026-08-11.netlify.app/gate/united-metal-construction-llc/?utm_source=directmail&utm_medium=qr&utm_campaign=jesse-238&utm_content=J238-223,https://momentum-prospect-radar-next20-2026-08-11.netlify.app/sites/united-metal-construction-llc/,ready,hold
J238-224,UNO Pizzeria & Grill Oaks,uno-chicago-style-pizza,https://momentum-prospect-radar-next20-2026-08-11.netlify.app/gate/uno-chicago-style-pizza/?utm_source=directmail&utm_medium=qr&utm_campaign=jesse-238&utm_content=J238-224,https://momentum-prospect-radar-next20-2026-08-11.netlify.app/sites/uno-chicago-style-pizza/,ready,hold
J238-225,UrgentVet Pottstown,urgentvet-pottstown,https://momentum-prospect-radar-next20-2026-08-11.netlify.app/gate/urgentvet-pottstown/?utm_source=directmail&utm_medium=qr&utm_campaign=jesse-238&utm_content=J238-225,https://momentum-prospect-radar-next20-2026-08-11.netlify.app/sites/urgentvet-pottstown/,ready,hold
J238-226,L. A. Verruni Landscaping,verruni-landscaping,https://momentum-prospect-radar-next20-2026-08-11.netlify.app/gate/verruni-landscaping/?utm_source=directmail&utm_medium=qr&utm_campaign=jesse-238&utm_content=J238-226,https://momentum-prospect-radar-next20-2026-08-11.netlify.app/sites/verruni-landscaping/,ready,hold
J238-227,Victor Cafe,victor-cafe,https://momentum-prospect-radar-next20-2026-08-11.netlify.app/gate/victor-cafe/?utm_source=directmail&utm_medium=qr&utm_campaign=jesse-238&utm_content=J238-227,https://momentum-prospect-radar-next20-2026-08-11.netlify.app/sites/victor-cafe/,ready,hold
J238-228,"Waste Gas Fabricating Company, Inc.",waste-gas-fabricating-company-inc,https://momentum-prospect-radar-next20-2026-08-11.netlify.app/gate/waste-gas-fabricating-company-inc/?utm_source=directmail&utm_medium=qr&utm_campaign=jesse-238&utm_content=J238-228,https://momentum-prospect-radar-next20-2026-08-11.netlify.app/sites/waste-gas-fabricating-company-inc/,ready,hold
J238-229,Welcome Dental,welcome-dental,https://momentum-prospect-radar-next20-2026-08-11.netlify.app/gate/welcome-dental/?utm_source=directmail&utm_medium=qr&utm_campaign=jesse-238&utm_content=J238-229,https://momentum-prospect-radar-next20-2026-08-11.netlify.app/sites/welcome-dental/,ready,hold
J238-230,Whitelands Animal Hospital,whitelands-animal-hospital,https://momentum-prospect-radar-next20-2026-08-11.netlify.app/gate/whitelands-animal-hospital/?utm_source=directmail&utm_medium=qr&utm_campaign=jesse-238&utm_content=J238-230,https://momentum-prospect-radar-next20-2026-08-11.netlify.app/sites/whitelands-animal-hospital/,ready,hold
J238-231,Wholly Grounds Coffeehouse,wholly-grounds,https://momentum-prospect-radar-next20-2026-08-11.netlify.app/gate/wholly-grounds/?utm_source=directmail&utm_medium=qr&utm_campaign=jesse-238&utm_content=J238-231,https://momentum-prospect-radar-next20-2026-08-11.netlify.app/sites/wholly-grounds/,ready,hold
J238-232,"Wilson's Forklift Service, LLC",wilson-s-forklift-service-llc,https://momentum-prospect-radar-next20-2026-08-11.netlify.app/gate/wilson-s-forklift-service-llc/?utm_source=directmail&utm_medium=qr&utm_campaign=jesse-238&utm_content=J238-232,https://momentum-prospect-radar-next20-2026-08-11.netlify.app/sites/wilson-s-forklift-service-llc/,ready,hold
J238-233,WJA Landscaping,wja-landscaping,https://momentum-prospect-radar-next20-2026-08-11.netlify.app/gate/wja-landscaping/?utm_source=directmail&utm_medium=qr&utm_campaign=jesse-238&utm_content=J238-233,https://momentum-prospect-radar-next20-2026-08-11.netlify.app/sites/wja-landscaping/,ready,hold
J238-234,Wynnewood Eye Care,wynnewood-eyecare,https://momentum-prospect-radar-next20-2026-08-11.netlify.app/gate/wynnewood-eyecare/?utm_source=directmail&utm_medium=qr&utm_campaign=jesse-238&utm_content=J238-234,https://momentum-prospect-radar-next20-2026-08-11.netlify.app/sites/wynnewood-eyecare/,ready,hold
J238-235,Young's Electrical Services Inc.,young-s-electrical-services-inc,https://momentum-prospect-radar-next20-2026-08-11.netlify.app/gate/young-s-electrical-services-inc/?utm_source=directmail&utm_medium=qr&utm_campaign=jesse-238&utm_content=J238-235,https://momentum-prospect-radar-next20-2026-08-11.netlify.app/sites/young-s-electrical-services-inc/,ready,hold
J238-236,Zahav,zahav,https://momentum-prospect-radar-next20-2026-08-11.netlify.app/gate/zahav/?utm_source=directmail&utm_medium=qr&utm_campaign=jesse-238&utm_content=J238-236,https://momentum-prospect-radar-next20-2026-08-11.netlify.app/sites/zahav/,ready,hold
J238-237,ZBC General Contracting,zbc-general-contracting,https://momentum-prospect-radar-next20-2026-08-11.netlify.app/gate/zbc-general-contracting/?utm_source=directmail&utm_medium=qr&utm_campaign=jesse-238&utm_content=J238-237,https://momentum-prospect-radar-next20-2026-08-11.netlify.app/sites/zbc-general-contracting/,ready,hold
J238-238,Zuber Realty,zuber-realty,https://momentum-prospect-radar-next20-2026-08-11.netlify.app/gate/zuber-realty/?utm_source=directmail&utm_medium=qr&utm_campaign=jesse-238&utm_content=J238-238,https://momentum-prospect-radar-next20-2026-08-11.netlify.app/sites/zuber-realty/,ready,hold
