prospect_id,business,vertical,live_site,qr_target_url,qa_ready,mail_ready,approved_by,has_email,batch
J238-001,Academy Chiropractic Center,Medical & Healthcare,https://momentum-prospect-radar-next20-2026-08-11.netlify.app/sites/academy-chiropractic-center/,https://momentum-prospect-radar-next20-2026-08-11.netlify.app/gate/academy-chiropractic-center/?utm_source=directmail&utm_medium=qr&utm_campaign=jesse-238&utm_content=J238-001,ready,hold,,no,Philadelphia W31 verified 25
J238-002,Acupuncture Medical Practice,Medical & Healthcare,https://momentum-prospect-radar-next20-2026-08-11.netlify.app/sites/acupuncture-medical-practice/,https://momentum-prospect-radar-next20-2026-08-11.netlify.app/gate/acupuncture-medical-practice/?utm_source=directmail&utm_medium=qr&utm_campaign=jesse-238&utm_content=J238-002,ready,hold,,yes,Philadelphia W31 verified 25
J238-003,"Advanced Commercial Interior, Inc.",Plumbing / sewer,https://momentum-prospect-radar-next20-2026-08-11.netlify.app/sites/advanced-commercial-interior-inc/,https://momentum-prospect-radar-next20-2026-08-11.netlify.app/gate/advanced-commercial-interior-inc/?utm_source=directmail&utm_medium=qr&utm_campaign=jesse-238&utm_content=J238-003,ready,hold,,yes,Philadelphia Batch 3
J238-004,Agnes Edmunds Bridal & Formals,Business,https://momentum-prospect-radar-next20-2026-08-11.netlify.app/sites/agnes-edmunds-bridal-formals/,https://momentum-prospect-radar-next20-2026-08-11.netlify.app/gate/agnes-edmunds-bridal-formals/?utm_source=directmail&utm_medium=qr&utm_campaign=jesse-238&utm_content=J238-004,ready,hold,,no,radar-next15-20260810-050919
J238-005,All Phase Electric Co.,Electrical,https://momentum-prospect-radar-next20-2026-08-11.netlify.app/sites/all-phase-electric-co/,https://momentum-prospect-radar-next20-2026-08-11.netlify.app/gate/all-phase-electric-co/?utm_source=directmail&utm_medium=qr&utm_campaign=jesse-238&utm_content=J238-005,ready,hold,,yes,Philadelphia Batch 4
J238-006,Al Tacos Locos,Business,https://momentum-prospect-radar-next20-2026-08-11.netlify.app/sites/al-tacos-locos/,https://momentum-prospect-radar-next20-2026-08-11.netlify.app/gate/al-tacos-locos/?utm_source=directmail&utm_medium=qr&utm_campaign=jesse-238&utm_content=J238-006,ready,hold,,no,radar-next15-20260810-110919
J238-007,Always Dental Care,Business,https://momentum-prospect-radar-next20-2026-08-11.netlify.app/sites/always-dental-care/,https://momentum-prospect-radar-next20-2026-08-11.netlify.app/gate/always-dental-care/?utm_source=directmail&utm_medium=qr&utm_campaign=jesse-238&utm_content=J238-007,ready,hold,,no,phl-2026-w34
J238-008,"A.M. Electric, Inc.",Electrical,https://momentum-prospect-radar-next20-2026-08-11.netlify.app/sites/a-m-electric-inc/,https://momentum-prospect-radar-next20-2026-08-11.netlify.app/gate/a-m-electric-inc/?utm_source=directmail&utm_medium=qr&utm_campaign=jesse-238&utm_content=J238-008,ready,hold,,yes,Philadelphia Batch 4
J238-009,Andorra Family Dentistry,Business,https://momentum-prospect-radar-next20-2026-08-11.netlify.app/sites/andorra-family-dentistry/,https://momentum-prospect-radar-next20-2026-08-11.netlify.app/gate/andorra-family-dentistry/?utm_source=directmail&utm_medium=qr&utm_campaign=jesse-238&utm_content=J238-009,ready,hold,,no,phl-2026-w33
J238-010,Anthony Gueriera Jr. Insurance Agency LLC,Business,https://momentum-prospect-radar-next20-2026-08-11.netlify.app/sites/anthony-gueriera-insurance/,https://momentum-prospect-radar-next20-2026-08-11.netlify.app/gate/anthony-gueriera-insurance/?utm_source=directmail&utm_medium=qr&utm_campaign=jesse-238&utm_content=J238-010,ready,hold,,no,Cinematic builds 169-178
J238-011,Anton's Plumbing & Heating Inc.,Plumbing / sewer,https://momentum-prospect-radar-next20-2026-08-11.netlify.app/sites/anton-s-plumbing-heating-inc/,https://momentum-prospect-radar-next20-2026-08-11.netlify.app/gate/anton-s-plumbing-heating-inc/?utm_source=directmail&utm_medium=qr&utm_campaign=jesse-238&utm_content=J238-011,ready,hold,,yes,Philadelphia Batch 3
J238-012,"A POSITIVE RESPONSE PLUMBING, LLC.",Painting / drywall,https://momentum-prospect-radar-next20-2026-08-11.netlify.app/sites/a-positive-response-plumbing-llc/,https://momentum-prospect-radar-next20-2026-08-11.netlify.app/gate/a-positive-response-plumbing-llc/?utm_source=directmail&utm_medium=qr&utm_campaign=jesse-238&utm_content=J238-012,ready,hold,,yes,Philadelphia Batch 3
J238-013,APR Supply Company,Business,https://momentum-prospect-radar-next20-2026-08-11.netlify.app/sites/apr-supply-company/,https://momentum-prospect-radar-next20-2026-08-11.netlify.app/gate/apr-supply-company/?utm_source=directmail&utm_medium=qr&utm_campaign=jesse-238&utm_content=J238-013,ready,hold,,no,radar-next15-20260810-050919
J238-014,APT Heating and Cooling,HVAC,https://momentum-prospect-radar-next20-2026-08-11.netlify.app/sites/apt-heating-and-cooling/,https://momentum-prospect-radar-next20-2026-08-11.netlify.app/gate/apt-heating-and-cooling/?utm_source=directmail&utm_medium=qr&utm_campaign=jesse-238&utm_content=J238-014,ready,hold,,yes,Philadelphia Batch 4
J238-015,Art City Vets & Urgent Care,Business,https://momentum-prospect-radar-next20-2026-08-11.netlify.app/sites/art-city-vets/,https://momentum-prospect-radar-next20-2026-08-11.netlify.app/gate/art-city-vets/?utm_source=directmail&utm_medium=qr&utm_campaign=jesse-238&utm_content=J238-015,ready,hold,,no,Telegram 3D Next 10
J238-016,Artisan Wine and Cheese Cellars,Business,https://momentum-prospect-radar-next20-2026-08-11.netlify.app/sites/artisan-wine-and-cheese-cellars/,https://momentum-prospect-radar-next20-2026-08-11.netlify.app/gate/artisan-wine-and-cheese-cellars/?utm_source=directmail&utm_medium=qr&utm_campaign=jesse-238&utm_content=J238-016,ready,hold,,no,Current Next 20
J238-017,Auger Manufacturing Specialists,Business,https://momentum-prospect-radar-next20-2026-08-11.netlify.app/sites/auger-manufacturing/,https://momentum-prospect-radar-next20-2026-08-11.netlify.app/gate/auger-manufacturing/?utm_source=directmail&utm_medium=qr&utm_campaign=jesse-238&utm_content=J238-017,ready,hold,,no,phl-2026-w34
J238-018,Baldwin's Book Barn,Business,https://momentum-prospect-radar-next20-2026-08-11.netlify.app/sites/baldwins-book-barn/,https://momentum-prospect-radar-next20-2026-08-11.netlify.app/gate/baldwins-book-barn/?utm_source=directmail&utm_medium=qr&utm_campaign=jesse-238&utm_content=J238-018,ready,hold,,no,Telegram 3D Next 10
J238-019,Bàn Bàn Asian Bistro,Business,https://momentum-prospect-radar-next20-2026-08-11.netlify.app/sites/ban-ban-asian-bistro/,https://momentum-prospect-radar-next20-2026-08-11.netlify.app/gate/ban-ban-asian-bistro/?utm_source=directmail&utm_medium=qr&utm_campaign=jesse-238&utm_content=J238-019,ready,hold,,no,Cinematic builds 169-178
J238-020,Barnes Financial Group,Business,https://momentum-prospect-radar-next20-2026-08-11.netlify.app/sites/barnes-financial-group/,https://momentum-prospect-radar-next20-2026-08-11.netlify.app/gate/barnes-financial-group/?utm_source=directmail&utm_medium=qr&utm_campaign=jesse-238&utm_content=J238-020,ready,hold,,no,phl-2026-w34
J238-021,Bartram's Garden,Botanical Garden,https://momentum-prospect-radar-next20-2026-08-11.netlify.app/sites/bartram-garden/,https://momentum-prospect-radar-next20-2026-08-11.netlify.app/gate/bartram-garden/?utm_source=directmail&utm_medium=qr&utm_campaign=jesse-238&utm_content=J238-021,ready,hold,,yes,Philadelphia Batch 1 · restored canonical routes
J238-022,BeBalanced Royersford,Business,https://momentum-prospect-radar-next20-2026-08-11.netlify.app/sites/be-balanced-hormone/,https://momentum-prospect-radar-next20-2026-08-11.netlify.app/gate/be-balanced-hormone/?utm_source=directmail&utm_medium=qr&utm_campaign=jesse-238&utm_content=J238-022,ready,hold,,no,phl-2026-w34
J238-023,Benjamin Lovell Shoes,Business,https://momentum-prospect-radar-next20-2026-08-11.netlify.app/sites/benjamin-lovell-shoes/,https://momentum-prospect-radar-next20-2026-08-11.netlify.app/gate/benjamin-lovell-shoes/?utm_source=directmail&utm_medium=qr&utm_campaign=jesse-238&utm_content=J238-023,ready,hold,,no,phl-2026-w33
J238-024,BG Electric Service LLC,Business,https://momentum-prospect-radar-next20-2026-08-11.netlify.app/sites/bg-electric/,https://momentum-prospect-radar-next20-2026-08-11.netlify.app/gate/bg-electric/?utm_source=directmail&utm_medium=qr&utm_campaign=jesse-238&utm_content=J238-024,ready,hold,,no,phl-2026-w34
J238-025,"Big Head Transport, LLC",Business,https://momentum-prospect-radar-next20-2026-08-11.netlify.app/sites/big-head-transport/,https://momentum-prospect-radar-next20-2026-08-11.netlify.app/gate/big-head-transport/?utm_source=directmail&utm_medium=qr&utm_campaign=jesse-238&utm_content=J238-025,ready,hold,,no,Cinematic builds 169-178
J238-026,"Bill Frusco Plumbing, Heating & Cooling",Plumbing / HVAC / commercial,https://momentum-prospect-radar-next20-2026-08-11.netlify.app/sites/bill-frusco-plumbing-heating-cooling/,https://momentum-prospect-radar-next20-2026-08-11.netlify.app/gate/bill-frusco-plumbing-heating-cooling/?utm_source=directmail&utm_medium=qr&utm_campaign=jesse-238&utm_content=J238-026,ready,hold,,no,Philadelphia Batch 4
J238-027,"Borden Heating & Cooling, Inc.",HVAC,https://momentum-prospect-radar-next20-2026-08-11.netlify.app/sites/borden-heating-cooling-inc/,https://momentum-prospect-radar-next20-2026-08-11.netlify.app/gate/borden-heating-cooling-inc/?utm_source=directmail&utm_medium=qr&utm_campaign=jesse-238&utm_content=J238-027,ready,hold,,no,Philadelphia Batch 4
J238-028,Borsello Landscaping,Business,https://momentum-prospect-radar-next20-2026-08-11.netlify.app/sites/borsello-landscaping/,https://momentum-prospect-radar-next20-2026-08-11.netlify.app/gate/borsello-landscaping/?utm_source=directmail&utm_medium=qr&utm_campaign=jesse-238&utm_content=J238-028,ready,hold,,no,radar-next15-20260810-050919
J238-029,Boyle Energy,Business,https://momentum-prospect-radar-next20-2026-08-11.netlify.app/sites/boyle-energy-heating-air-conditioning-oil-propane/,https://momentum-prospect-radar-next20-2026-08-11.netlify.app/gate/boyle-energy-heating-air-conditioning-oil-propane/?utm_source=directmail&utm_medium=qr&utm_campaign=jesse-238&utm_content=J238-029,ready,hold,,no,radar-next15-20260809-170919
J238-030,BPM Fitness,Business,https://momentum-prospect-radar-next20-2026-08-11.netlify.app/sites/bpm-fitness/,https://momentum-prospect-radar-next20-2026-08-11.netlify.app/gate/bpm-fitness/?utm_source=directmail&utm_medium=qr&utm_campaign=jesse-238&utm_content=J238-030,ready,hold,,no,phl-2026-w34
J238-031,"Brandon Electric, Inc.",Electrical,https://momentum-prospect-radar-next20-2026-08-11.netlify.app/sites/brandon-electric-inc/,https://momentum-prospect-radar-next20-2026-08-11.netlify.app/gate/brandon-electric-inc/?utm_source=directmail&utm_medium=qr&utm_campaign=jesse-238&utm_content=J238-031,ready,hold,,no,Philadelphia Batch 4
J238-032,Brandywine Auto Parts,Business,https://momentum-prospect-radar-next20-2026-08-11.netlify.app/sites/brandywine-auto-parts/,https://momentum-prospect-radar-next20-2026-08-11.netlify.app/gate/brandywine-auto-parts/?utm_source=directmail&utm_medium=qr&utm_campaign=jesse-238&utm_content=J238-032,ready,hold,,no,radar-next15-20260810-110919
J238-033,Bridesburg Spine and Injury Clinic,Medical & Healthcare,https://momentum-prospect-radar-next20-2026-08-11.netlify.app/sites/bridesburg-spine-and-injury-clinic/,https://momentum-prospect-radar-next20-2026-08-11.netlify.app/gate/bridesburg-spine-and-injury-clinic/?utm_source=directmail&utm_medium=qr&utm_campaign=jesse-238&utm_content=J238-033,ready,hold,,no,Philadelphia W31 verified 25
J238-034,"Bryn Mawr Plumbing & Heating Co., Inc.",Plumbing / sewer,https://momentum-prospect-radar-next20-2026-08-11.netlify.app/sites/bryn-mawr-plumbing-heating-co-inc/,https://momentum-prospect-radar-next20-2026-08-11.netlify.app/gate/bryn-mawr-plumbing-heating-co-inc/?utm_source=directmail&utm_medium=qr&utm_campaign=jesse-238&utm_content=J238-034,ready,hold,,yes,Philadelphia Batch 3
J238-035,"Bustleton Services, Inc",Home Services,https://momentum-prospect-radar-next20-2026-08-11.netlify.app/sites/bustleton-services/,https://momentum-prospect-radar-next20-2026-08-11.netlify.app/gate/bustleton-services/?utm_source=directmail&utm_medium=qr&utm_campaign=jesse-238&utm_content=J238-035,ready,hold,,yes,Philadelphia W31 verified 25
J238-036,C&C Super Seal,Business,https://momentum-prospect-radar-next20-2026-08-11.netlify.app/sites/c-and-c-super-seal/,https://momentum-prospect-radar-next20-2026-08-11.netlify.app/gate/c-and-c-super-seal/?utm_source=directmail&utm_medium=qr&utm_campaign=jesse-238&utm_content=J238-036,ready,hold,,no,Radar Impeccable Five
J238-037,Captain Car Wash,Business,https://momentum-prospect-radar-next20-2026-08-11.netlify.app/sites/captain-car-wash/,https://momentum-prospect-radar-next20-2026-08-11.netlify.app/gate/captain-car-wash/?utm_source=directmail&utm_medium=qr&utm_campaign=jesse-238&utm_content=J238-037,ready,hold,,no,radar-next15-20260809-170919
J238-038,Centrum Mechanical Services,Mechanical / HVAC / plumbing,https://momentum-prospect-radar-next20-2026-08-11.netlify.app/sites/centrum-mechanical-services/,https://momentum-prospect-radar-next20-2026-08-11.netlify.app/gate/centrum-mechanical-services/?utm_source=directmail&utm_medium=qr&utm_campaign=jesse-238&utm_content=J238-038,ready,hold,,no,Philadelphia Batch 4
J238-039,Chadds Ford Animal Hospital,Business,https://momentum-prospect-radar-next20-2026-08-11.netlify.app/sites/chadds-ford-animal-hospital/,https://momentum-prospect-radar-next20-2026-08-11.netlify.app/gate/chadds-ford-animal-hospital/?utm_source=directmail&utm_medium=qr&utm_campaign=jesse-238&utm_content=J238-039,ready,hold,,no,Current Next 20
J238-040,Charles Schillinger Company,Metal spinning / forming,https://momentum-prospect-radar-next20-2026-08-11.netlify.app/sites/charles-schillinger-company/,https://momentum-prospect-radar-next20-2026-08-11.netlify.app/gate/charles-schillinger-company/?utm_source=directmail&utm_medium=qr&utm_campaign=jesse-238&utm_content=J238-040,ready,hold,,no,Philadelphia Batch 4
J238-041,Chestnut Hill Animal Hospital,Business,https://momentum-prospect-radar-next20-2026-08-11.netlify.app/sites/chestnut-hill-animal-hospital/,https://momentum-prospect-radar-next20-2026-08-11.netlify.app/gate/chestnut-hill-animal-hospital/?utm_source=directmail&utm_medium=qr&utm_campaign=jesse-238&utm_content=J238-041,ready,hold,,no,phl-2026-w34
J238-042,"Choice Coating, Inc.",Plumbing / sewer,https://momentum-prospect-radar-next20-2026-08-11.netlify.app/sites/choice-coating-inc/,https://momentum-prospect-radar-next20-2026-08-11.netlify.app/gate/choice-coating-inc/?utm_source=directmail&utm_medium=qr&utm_campaign=jesse-238&utm_content=J238-042,ready,hold,,yes,Philadelphia Batch 3
J238-043,Chris Clement Plumbing & Heating,Painting / drywall,https://momentum-prospect-radar-next20-2026-08-11.netlify.app/sites/chris-clement-plumbing-heating/,https://momentum-prospect-radar-next20-2026-08-11.netlify.app/gate/chris-clement-plumbing-heating/?utm_source=directmail&utm_medium=qr&utm_campaign=jesse-238&utm_content=J238-043,ready,hold,,yes,Philadelphia Batch 3
J238-044,Ciocca Pre-Owned Autos,Business,https://momentum-prospect-radar-next20-2026-08-11.netlify.app/sites/ciocca-pre-owned-autos/,https://momentum-prospect-radar-next20-2026-08-11.netlify.app/gate/ciocca-pre-owned-autos/?utm_source=directmail&utm_medium=qr&utm_campaign=jesse-238&utm_content=J238-044,ready,hold,,no,Current Next 20
J238-045,City Electric Supply West Chester,Business,https://momentum-prospect-radar-next20-2026-08-11.netlify.app/sites/city-electric-supply/,https://momentum-prospect-radar-next20-2026-08-11.netlify.app/gate/city-electric-supply/?utm_source=directmail&utm_medium=qr&utm_campaign=jesse-238&utm_content=J238-045,ready,hold,,no,radar-next15-20260810-050919
J238-046,"Cleaned by D&D, LLC",Commercial cleaning,https://momentum-prospect-radar-next20-2026-08-11.netlify.app/sites/cleaned-by-d-d-llc/,https://momentum-prospect-radar-next20-2026-08-11.netlify.app/gate/cleaned-by-d-d-llc/?utm_source=directmail&utm_medium=qr&utm_campaign=jesse-238&utm_content=J238-046,ready,hold,,yes,Philadelphia Batch 4
J238-047,C. Mazzoni Brothers Inc.,Painting / drywall,https://momentum-prospect-radar-next20-2026-08-11.netlify.app/sites/c-mazzoni-brothers-inc/,https://momentum-prospect-radar-next20-2026-08-11.netlify.app/gate/c-mazzoni-brothers-inc/?utm_source=directmail&utm_medium=qr&utm_campaign=jesse-238&utm_content=J238-047,ready,hold,,yes,Philadelphia Batch 3
J238-048,Colmar Dentistry For Kids,Business,https://momentum-prospect-radar-next20-2026-08-11.netlify.app/sites/colmar-dentistry-for-kids/,https://momentum-prospect-radar-next20-2026-08-11.netlify.app/gate/colmar-dentistry-for-kids/?utm_source=directmail&utm_medium=qr&utm_campaign=jesse-238&utm_content=J238-048,ready,hold,,no,phl-2026-w34
J238-049,Commercial Wallcovering,Plumbing / sewer,https://momentum-prospect-radar-next20-2026-08-11.netlify.app/sites/commercial-wallcovering/,https://momentum-prospect-radar-next20-2026-08-11.netlify.app/gate/commercial-wallcovering/?utm_source=directmail&utm_medium=qr&utm_campaign=jesse-238&utm_content=J238-049,ready,hold,,yes,Philadelphia Batch 3
J238-050,"CompuCraft Fabricators, Inc.",Precision sheet metal,https://momentum-prospect-radar-next20-2026-08-11.netlify.app/sites/compucraft-fabricators-inc/,https://momentum-prospect-radar-next20-2026-08-11.netlify.app/gate/compucraft-fabricators-inc/?utm_source=directmail&utm_medium=qr&utm_campaign=jesse-238&utm_content=J238-050,ready,hold,,yes,Philadelphia Batch 4
J238-051,County Line Veterinary Hospital,Business,https://momentum-prospect-radar-next20-2026-08-11.netlify.app/sites/county-line-veterinary-hospital/,https://momentum-prospect-radar-next20-2026-08-11.netlify.app/gate/county-line-veterinary-hospital/?utm_source=directmail&utm_medium=qr&utm_campaign=jesse-238&utm_content=J238-051,ready,hold,,no,phl-2026-w34
J238-052,Custom IT Solutions,Business,https://momentum-prospect-radar-next20-2026-08-11.netlify.app/sites/custom-it-solutions/,https://momentum-prospect-radar-next20-2026-08-11.netlify.app/gate/custom-it-solutions/?utm_source=directmail&utm_medium=qr&utm_campaign=jesse-238&utm_content=J238-052,ready,hold,,no,radar-next15-20260809-230919
J238-053,"Dan Ferry Plumbing, Inc.",Plumbing / sewer,https://momentum-prospect-radar-next20-2026-08-11.netlify.app/sites/dan-ferry-plumbing-inc/,https://momentum-prospect-radar-next20-2026-08-11.netlify.app/gate/dan-ferry-plumbing-inc/?utm_source=directmail&utm_medium=qr&utm_campaign=jesse-238&utm_content=J238-053,ready,hold,,yes,Philadelphia Batch 3
J238-054,Davidson Fabricating,Business,https://momentum-prospect-radar-next20-2026-08-11.netlify.app/sites/davidson-fabricating/,https://momentum-prospect-radar-next20-2026-08-11.netlify.app/gate/davidson-fabricating/?utm_source=directmail&utm_medium=qr&utm_campaign=jesse-238&utm_content=J238-054,ready,hold,,no,phl-2026-w33
J238-055,Del Chevrolet,Business,https://momentum-prospect-radar-next20-2026-08-11.netlify.app/sites/del-chevrolet/,https://momentum-prospect-radar-next20-2026-08-11.netlify.app/gate/del-chevrolet/?utm_source=directmail&utm_medium=qr&utm_campaign=jesse-238&utm_content=J238-055,ready,hold,,no,Current Next 20
J238-056,Dentistry for Life,Business,https://momentum-prospect-radar-next20-2026-08-11.netlify.app/sites/dentistry-for-life/,https://momentum-prospect-radar-next20-2026-08-11.netlify.app/gate/dentistry-for-life/?utm_source=directmail&utm_medium=qr&utm_campaign=jesse-238&utm_content=J238-056,ready,hold,,no,Telegram 3D Next 10
J238-057,Dependable Concrete Contractor LLC,Home Services,https://momentum-prospect-radar-next20-2026-08-11.netlify.app/sites/dependable-concrete/,https://momentum-prospect-radar-next20-2026-08-11.netlify.app/gate/dependable-concrete/?utm_source=directmail&utm_medium=qr&utm_campaign=jesse-238&utm_content=J238-057,ready,hold,,yes,Philadelphia Batch 2
J238-058,Di Bruno Bros. Italian Market,Specialty Foods,https://momentum-prospect-radar-next20-2026-08-11.netlify.app/sites/dibruno-bros/,https://momentum-prospect-radar-next20-2026-08-11.netlify.app/gate/dibruno-bros/?utm_source=directmail&utm_medium=qr&utm_campaign=jesse-238&utm_content=J238-058,ready,hold,,yes,Philadelphia Batch 1 · restored canonical routes
J238-059,Dinse Dental Care,Business,https://momentum-prospect-radar-next20-2026-08-11.netlify.app/sites/dinse-dental-care/,https://momentum-prospect-radar-next20-2026-08-11.netlify.app/gate/dinse-dental-care/?utm_source=directmail&utm_medium=qr&utm_campaign=jesse-238&utm_content=J238-059,ready,hold,,no,Current Next 20
J238-060,DreamMaker Bath & Kitchen of Chester County,Business,https://momentum-prospect-radar-next20-2026-08-11.netlify.app/sites/dreammaker-bath-kitchen/,https://momentum-prospect-radar-next20-2026-08-11.netlify.app/gate/dreammaker-bath-kitchen/?utm_source=directmail&utm_medium=qr&utm_campaign=jesse-238&utm_content=J238-060,ready,hold,,no,phl-2026-w34
J238-061,Dream Team Home Services,Business,https://momentum-prospect-radar-next20-2026-08-11.netlify.app/sites/dream-team-hvac/,https://momentum-prospect-radar-next20-2026-08-11.netlify.app/gate/dream-team-hvac/?utm_source=directmail&utm_medium=qr&utm_campaign=jesse-238&utm_content=J238-061,ready,hold,,no,phl-2026-w33
J238-062,Orthodontic Associates of Collegeville,Business,https://momentum-prospect-radar-next20-2026-08-11.netlify.app/sites/dr-weiss-s-office/,https://momentum-prospect-radar-next20-2026-08-11.netlify.app/gate/dr-weiss-s-office/?utm_source=directmail&utm_medium=qr&utm_campaign=jesse-238&utm_content=J238-062,ready,hold,,no,radar-next15-20260809-170919
J238-063,"Dunryte Electric, Inc.",Electrical,https://momentum-prospect-radar-next20-2026-08-11.netlify.app/sites/dunryte-electric-inc/,https://momentum-prospect-radar-next20-2026-08-11.netlify.app/gate/dunryte-electric-inc/?utm_source=directmail&utm_medium=qr&utm_campaign=jesse-238&utm_content=J238-063,ready,hold,,yes,Philadelphia Batch 4
J238-064,Dutton Road Veterinary Clinic,Business,https://momentum-prospect-radar-next20-2026-08-11.netlify.app/sites/dutton-road-veterinary-clinic/,https://momentum-prospect-radar-next20-2026-08-11.netlify.app/gate/dutton-road-veterinary-clinic/?utm_source=directmail&utm_medium=qr&utm_campaign=jesse-238&utm_content=J238-064,ready,hold,,no,phl-2026-w33
J238-065,E & E cleaning services,Home Services,https://momentum-prospect-radar-next20-2026-08-11.netlify.app/sites/e-and-e-cleaning/,https://momentum-prospect-radar-next20-2026-08-11.netlify.app/gate/e-and-e-cleaning/?utm_source=directmail&utm_medium=qr&utm_campaign=jesse-238&utm_content=J238-065,ready,hold,,yes,Philadelphia W31 verified 25
J238-066,Eastern Dragon,Business,https://momentum-prospect-radar-next20-2026-08-11.netlify.app/sites/eastern-dragon/,https://momentum-prospect-radar-next20-2026-08-11.netlify.app/gate/eastern-dragon/?utm_source=directmail&utm_medium=qr&utm_campaign=jesse-238&utm_content=J238-066,ready,hold,,no,phl-2026-w33
J238-067,Eastern State Penitentiary,Historic Site,https://momentum-prospect-radar-next20-2026-08-11.netlify.app/sites/eastern-state/,https://momentum-prospect-radar-next20-2026-08-11.netlify.app/gate/eastern-state/?utm_source=directmail&utm_medium=qr&utm_campaign=jesse-238&utm_content=J238-067,ready,hold,,yes,Philadelphia Batch 1 · restored canonical routes
J238-068,Easy Auto Tag & Insurance,Business,https://momentum-prospect-radar-next20-2026-08-11.netlify.app/sites/easy-auto-tag-insurance/,https://momentum-prospect-radar-next20-2026-08-11.netlify.app/gate/easy-auto-tag-insurance/?utm_source=directmail&utm_medium=qr&utm_campaign=jesse-238&utm_content=J238-068,ready,hold,,no,phl-2026-w34
J238-069,"Eisenberg, Rothweiler, Winkler, Eisenberg & Jeck",Business,https://momentum-prospect-radar-next20-2026-08-11.netlify.app/sites/eisenberg-rothweiler/,https://momentum-prospect-radar-next20-2026-08-11.netlify.app/gate/eisenberg-rothweiler/?utm_source=directmail&utm_medium=qr&utm_campaign=jesse-238&utm_content=J238-069,ready,hold,,no,phl-2026-w34
J238-070,Electric Direct,Business,https://momentum-prospect-radar-next20-2026-08-11.netlify.app/sites/electric-direct/,https://momentum-prospect-radar-next20-2026-08-11.netlify.app/gate/electric-direct/?utm_source=directmail&utm_medium=qr&utm_campaign=jesse-238&utm_content=J238-070,ready,hold,,no,phl-2026-w33
J238-071,Elite Philly Auto Parts,Business,https://momentum-prospect-radar-next20-2026-08-11.netlify.app/sites/elite-auto-parts/,https://momentum-prospect-radar-next20-2026-08-11.netlify.app/gate/elite-auto-parts/?utm_source=directmail&utm_medium=qr&utm_campaign=jesse-238&utm_content=J238-071,ready,hold,,no,Cinematic builds 169-178
J238-072,Elverson Supply,Business,https://momentum-prospect-radar-next20-2026-08-11.netlify.app/sites/elverson-supply/,https://momentum-prospect-radar-next20-2026-08-11.netlify.app/gate/elverson-supply/?utm_source=directmail&utm_medium=qr&utm_campaign=jesse-238&utm_content=J238-072,ready,hold,,no,phl-2026-w33
J238-073,Ember & Ale,Business,https://momentum-prospect-radar-next20-2026-08-11.netlify.app/sites/ember-ale/,https://momentum-prospect-radar-next20-2026-08-11.netlify.app/gate/ember-ale/?utm_source=directmail&utm_medium=qr&utm_campaign=jesse-238&utm_content=J238-073,ready,hold,,no,radar-next15-20260810-110919
J238-074,EPAM Philadelphia,Business,https://momentum-prospect-radar-next20-2026-08-11.netlify.app/sites/epam/,https://momentum-prospect-radar-next20-2026-08-11.netlify.app/gate/epam/?utm_source=directmail&utm_medium=qr&utm_campaign=jesse-238&utm_content=J238-074,ready,hold,,no,radar-next15-20260810-050919
J238-075,"Ernest D. Menold, Inc.",General sheet metal,https://momentum-prospect-radar-next20-2026-08-11.netlify.app/sites/ernest-d-menold-inc/,https://momentum-prospect-radar-next20-2026-08-11.netlify.app/gate/ernest-d-menold-inc/?utm_source=directmail&utm_medium=qr&utm_campaign=jesse-238&utm_content=J238-075,ready,hold,,yes,Philadelphia Batch 4
J238-076,Euphoria Nail Bar,Business,https://momentum-prospect-radar-next20-2026-08-11.netlify.app/sites/euphoria-nail-bar/,https://momentum-prospect-radar-next20-2026-08-11.netlify.app/gate/euphoria-nail-bar/?utm_source=directmail&utm_medium=qr&utm_campaign=jesse-238&utm_content=J238-076,ready,hold,,no,radar-next15-20260809-230919
J238-077,Fante's Kitchen Shop,Kitchenware,https://momentum-prospect-radar-next20-2026-08-11.netlify.app/sites/fantes-kitchen-shop/,https://momentum-prospect-radar-next20-2026-08-11.netlify.app/gate/fantes-kitchen-shop/?utm_source=directmail&utm_medium=qr&utm_campaign=jesse-238&utm_content=J238-077,ready,hold,,yes,Philadelphia Batch 1 · restored canonical routes
J238-078,Farrell's Roofing,Home Services,https://momentum-prospect-radar-next20-2026-08-11.netlify.app/sites/farrells-roofing/,https://momentum-prospect-radar-next20-2026-08-11.netlify.app/gate/farrells-roofing/?utm_source=directmail&utm_medium=qr&utm_campaign=jesse-238&utm_content=J238-078,ready,hold,,yes,Philadelphia W31 verified 25
J238-079,Faulkner Buick GMC,Business,https://momentum-prospect-radar-next20-2026-08-11.netlify.app/sites/faulkner-buick-gmc/,https://momentum-prospect-radar-next20-2026-08-11.netlify.app/gate/faulkner-buick-gmc/?utm_source=directmail&utm_medium=qr&utm_campaign=jesse-238&utm_content=J238-079,ready,hold,,no,Current Next 20
J238-080,Ferguson Plumbing & Heating,Painting / drywall,https://momentum-prospect-radar-next20-2026-08-11.netlify.app/sites/ferguson-plumbing-heating/,https://momentum-prospect-radar-next20-2026-08-11.netlify.app/gate/ferguson-plumbing-heating/?utm_source=directmail&utm_medium=qr&utm_campaign=jesse-238&utm_content=J238-080,ready,hold,,yes,Philadelphia Batch 3
J238-081,Ferrari Philadelphia,Business,https://momentum-prospect-radar-next20-2026-08-11.netlify.app/sites/ferrari-philadelphia/,https://momentum-prospect-radar-next20-2026-08-11.netlify.app/gate/ferrari-philadelphia/?utm_source=directmail&utm_medium=qr&utm_campaign=jesse-238&utm_content=J238-081,ready,hold,,no,radar-next15-20260809-230919
J238-082,"Field 1 Post, LLC",Business,https://momentum-prospect-radar-next20-2026-08-11.netlify.app/sites/field-1-post-llc/,https://momentum-prospect-radar-next20-2026-08-11.netlify.app/gate/field-1-post-llc/?utm_source=directmail&utm_medium=qr&utm_campaign=jesse-238&utm_content=J238-082,ready,hold,,no,radar-next15-20260809-170919
J238-083,Fillman & Sons Floors & More,Business,https://momentum-prospect-radar-next20-2026-08-11.netlify.app/sites/fillman-and-sons-floors/,https://momentum-prospect-radar-next20-2026-08-11.netlify.app/gate/fillman-and-sons-floors/?utm_source=directmail&utm_medium=qr&utm_campaign=jesse-238&utm_content=J238-083,ready,hold,,no,phl-2026-w34
J238-084,Floral and Hardy of Skippack,Business,https://momentum-prospect-radar-next20-2026-08-11.netlify.app/sites/floral-and-hardy/,https://momentum-prospect-radar-next20-2026-08-11.netlify.app/gate/floral-and-hardy/?utm_source=directmail&utm_medium=qr&utm_campaign=jesse-238&utm_content=J238-084,ready,hold,,no,phl-2026-w33
J238-085,Francis Kaufman House,Business,https://momentum-prospect-radar-next20-2026-08-11.netlify.app/sites/francis-kaufman-house/,https://momentum-prospect-radar-next20-2026-08-11.netlify.app/gate/francis-kaufman-house/?utm_source=directmail&utm_medium=qr&utm_campaign=jesse-238&utm_content=J238-085,ready,hold,,no,radar-next15-20260810-110919
J238-086,Frankford Hall,Beer Garden,https://momentum-prospect-radar-next20-2026-08-11.netlify.app/sites/frankford-hall/,https://momentum-prospect-radar-next20-2026-08-11.netlify.app/gate/frankford-hall/?utm_source=directmail&utm_medium=qr&utm_campaign=jesse-238&utm_content=J238-086,ready,hold,,yes,Philadelphia Batch 1 · restored canonical routes
J238-087,Franklin Fountain,Ice Cream & Sweets,https://momentum-prospect-radar-next20-2026-08-11.netlify.app/sites/franklin-fountain/,https://momentum-prospect-radar-next20-2026-08-11.netlify.app/gate/franklin-fountain/?utm_source=directmail&utm_medium=qr&utm_campaign=jesse-238&utm_content=J238-087,ready,hold,,yes,Philadelphia Batch 1 · restored canonical routes
J238-088,Frazer Antiques,Business,https://momentum-prospect-radar-next20-2026-08-11.netlify.app/sites/frazer-antiques/,https://momentum-prospect-radar-next20-2026-08-11.netlify.app/gate/frazer-antiques/?utm_source=directmail&utm_medium=qr&utm_campaign=jesse-238&utm_content=J238-088,ready,hold,,no,Telegram 3D Next 10
J238-089,Fredo's Deli,Business,https://momentum-prospect-radar-next20-2026-08-11.netlify.app/sites/fredo-s-deli/,https://momentum-prospect-radar-next20-2026-08-11.netlify.app/gate/fredo-s-deli/?utm_source=directmail&utm_medium=qr&utm_campaign=jesse-238&utm_content=J238-089,ready,hold,,no,Current Next 20
J238-090,Gallagher Fabrication & Machine,Fabrication / machining,https://momentum-prospect-radar-next20-2026-08-11.netlify.app/sites/gallagher-fabrication-machine/,https://momentum-prospect-radar-next20-2026-08-11.netlify.app/gate/gallagher-fabrication-machine/?utm_source=directmail&utm_medium=qr&utm_campaign=jesse-238&utm_content=J238-090,ready,hold,,yes,Philadelphia Batch 4
J238-091,Geno's Steaks,Restaurant,https://momentum-prospect-radar-next20-2026-08-11.netlify.app/sites/genos-steaks/,https://momentum-prospect-radar-next20-2026-08-11.netlify.app/gate/genos-steaks/?utm_source=directmail&utm_medium=qr&utm_campaign=jesse-238&utm_content=J238-091,ready,hold,,yes,Philadelphia Batch 1 · restored canonical routes
J238-092,Germantown Dental Group,Business,https://momentum-prospect-radar-next20-2026-08-11.netlify.app/sites/germantown-dental-group/,https://momentum-prospect-radar-next20-2026-08-11.netlify.app/gate/germantown-dental-group/?utm_source=directmail&utm_medium=qr&utm_campaign=jesse-238&utm_content=J238-092,ready,hold,,no,Cinematic builds 169-178
J238-093,Glen Eagle Pediatric Dentistry,Business,https://momentum-prospect-radar-next20-2026-08-11.netlify.app/sites/glen-eagle-pediatric-dentistry/,https://momentum-prospect-radar-next20-2026-08-11.netlify.app/gate/glen-eagle-pediatric-dentistry/?utm_source=directmail&utm_medium=qr&utm_campaign=jesse-238&utm_content=J238-093,ready,hold,,no,phl-2026-w34
J238-094,GO2 Tech,Business,https://momentum-prospect-radar-next20-2026-08-11.netlify.app/sites/go2tech/,https://momentum-prospect-radar-next20-2026-08-11.netlify.app/gate/go2tech/?utm_source=directmail&utm_medium=qr&utm_campaign=jesse-238&utm_content=J238-094,ready,hold,,no,phl-2026-w33
J238-095,Golden Eagle Jewelers,Business,https://momentum-prospect-radar-next20-2026-08-11.netlify.app/sites/golden-eagle-jewelry/,https://momentum-prospect-radar-next20-2026-08-11.netlify.app/gate/golden-eagle-jewelry/?utm_source=directmail&utm_medium=qr&utm_campaign=jesse-238&utm_content=J238-095,ready,hold,,no,Cinematic builds 166-168
J238-096,Good Dog Bar,Bar & Restaurant,https://momentum-prospect-radar-next20-2026-08-11.netlify.app/sites/good-dog-bar/,https://momentum-prospect-radar-next20-2026-08-11.netlify.app/gate/good-dog-bar/?utm_source=directmail&utm_medium=qr&utm_campaign=jesse-238&utm_content=J238-096,ready,hold,,no,Philadelphia Batch 1 · restored canonical routes
J238-097,Gracies Painting,Painting / drywall,https://momentum-prospect-radar-next20-2026-08-11.netlify.app/sites/gracies-painting/,https://momentum-prospect-radar-next20-2026-08-11.netlify.app/gate/gracies-painting/?utm_source=directmail&utm_medium=qr&utm_campaign=jesse-238&utm_content=J238-097,ready,hold,,yes,Philadelphia Batch 3
J238-098,Graham Painting (10/98),Painting / drywall,https://momentum-prospect-radar-next20-2026-08-11.netlify.app/sites/graham-painting-10-98/,https://momentum-prospect-radar-next20-2026-08-11.netlify.app/gate/graham-painting-10-98/?utm_source=directmail&utm_medium=qr&utm_campaign=jesse-238&utm_content=J238-098,ready,hold,,yes,Philadelphia Batch 3
J238-099,GREATER PHILADELPHIA CHIROPRACTIC CENTER,Medical & Healthcare,https://momentum-prospect-radar-next20-2026-08-11.netlify.app/sites/greater-philadelphia-chiropractic-center/,https://momentum-prospect-radar-next20-2026-08-11.netlify.app/gate/greater-philadelphia-chiropractic-center/?utm_source=directmail&utm_medium=qr&utm_campaign=jesse-238&utm_content=J238-099,ready,hold,,no,Philadelphia W31 verified 25
J238-100,Guaranteed Plumbing & Heating,Plumbing / HVAC,https://momentum-prospect-radar-next20-2026-08-11.netlify.app/sites/guaranteed-plumbing-heating/,https://momentum-prospect-radar-next20-2026-08-11.netlify.app/gate/guaranteed-plumbing-heating/?utm_source=directmail&utm_medium=qr&utm_campaign=jesse-238&utm_content=J238-100,ready,hold,,no,Philadelphia Batch 4
J238-101,Hal Rosenthaler DMD,Medical & Healthcare,https://momentum-prospect-radar-next20-2026-08-11.netlify.app/sites/hal-rosenthaler-dmd/,https://momentum-prospect-radar-next20-2026-08-11.netlify.app/gate/hal-rosenthaler-dmd/?utm_source=directmail&utm_medium=qr&utm_campaign=jesse-238&utm_content=J238-101,ready,hold,,yes,Philadelphia W31 verified 25
J238-102,Hamburg Animal Hospital,Business,https://momentum-prospect-radar-next20-2026-08-11.netlify.app/sites/hamburg-animal-hospital/,https://momentum-prospect-radar-next20-2026-08-11.netlify.app/gate/hamburg-animal-hospital/?utm_source=directmail&utm_medium=qr&utm_campaign=jesse-238&utm_content=J238-102,ready,hold,,no,Current Next 20
J238-103,Harry's Hotdogs,Business,https://momentum-prospect-radar-next20-2026-08-11.netlify.app/sites/harry-s-hotdogs/,https://momentum-prospect-radar-next20-2026-08-11.netlify.app/gate/harry-s-hotdogs/?utm_source=directmail&utm_medium=qr&utm_campaign=jesse-238&utm_content=J238-103,ready,hold,,no,Current Next 20
J238-104,HaverCrown Dental,Business,https://momentum-prospect-radar-next20-2026-08-11.netlify.app/sites/havercrown-dental/,https://momentum-prospect-radar-next20-2026-08-11.netlify.app/gate/havercrown-dental/?utm_source=directmail&utm_medium=qr&utm_campaign=jesse-238&utm_content=J238-104,ready,hold,,no,phl-2026-w34
J238-105,Heart & Soul Tattoo,Business,https://momentum-prospect-radar-next20-2026-08-11.netlify.app/sites/heart-soul-tattoo/,https://momentum-prospect-radar-next20-2026-08-11.netlify.app/gate/heart-soul-tattoo/?utm_source=directmail&utm_medium=qr&utm_campaign=jesse-238&utm_content=J238-105,ready,hold,,no,radar-next15-20260809-230919
J238-106,Johnny Destructo's Hero Complex,Business,https://momentum-prospect-radar-next20-2026-08-11.netlify.app/sites/hero-complex/,https://momentum-prospect-radar-next20-2026-08-11.netlify.app/gate/hero-complex/?utm_source=directmail&utm_medium=qr&utm_campaign=jesse-238&utm_content=J238-106,ready,hold,,no,radar-next15-20260809-170919
J238-107,H&G Sign Company,Signage / fabrication,https://momentum-prospect-radar-next20-2026-08-11.netlify.app/sites/h-g-sign-company/,https://momentum-prospect-radar-next20-2026-08-11.netlify.app/gate/h-g-sign-company/?utm_source=directmail&utm_medium=qr&utm_campaign=jesse-238&utm_content=J238-107,ready,hold,,yes,Philadelphia Batch 4
J238-108,Highline Motors Aston,Business,https://momentum-prospect-radar-next20-2026-08-11.netlify.app/sites/highline-motors/,https://momentum-prospect-radar-next20-2026-08-11.netlify.app/gate/highline-motors/?utm_source=directmail&utm_medium=qr&utm_campaign=jesse-238&utm_content=J238-108,ready,hold,,no,radar-next15-20260809-170919
J238-109,Holiday Hair Quakertown,Business,https://momentum-prospect-radar-next20-2026-08-11.netlify.app/sites/holiday-hair/,https://momentum-prospect-radar-next20-2026-08-11.netlify.app/gate/holiday-hair/?utm_source=directmail&utm_medium=qr&utm_campaign=jesse-238&utm_content=J238-109,ready,hold,,no,radar-next15-20260810-110919
J238-110,Home Furnishing Consignment,Business,https://momentum-prospect-radar-next20-2026-08-11.netlify.app/sites/home-furnishings-consignment/,https://momentum-prospect-radar-next20-2026-08-11.netlify.app/gate/home-furnishings-consignment/?utm_source=directmail&utm_medium=qr&utm_campaign=jesse-238&utm_content=J238-110,ready,hold,,no,phl-2026-w33
J238-111,Integrity Interiors,Painting / drywall,https://momentum-prospect-radar-next20-2026-08-11.netlify.app/sites/integrity-interiors/,https://momentum-prospect-radar-next20-2026-08-11.netlify.app/gate/integrity-interiors/?utm_source=directmail&utm_medium=qr&utm_campaign=jesse-238&utm_content=J238-111,ready,hold,,yes,Philadelphia Batch 3
J238-112,Isgro Pastries,Bakery,https://momentum-prospect-radar-next20-2026-08-11.netlify.app/sites/isgro-pastries/,https://momentum-prospect-radar-next20-2026-08-11.netlify.app/gate/isgro-pastries/?utm_source=directmail&utm_medium=qr&utm_campaign=jesse-238&utm_content=J238-112,ready,hold,,yes,Philadelphia Batch 1 · restored canonical routes
J238-113,IVC Wealth Advisors,Business,https://momentum-prospect-radar-next20-2026-08-11.netlify.app/sites/ivc-wealth-advisors/,https://momentum-prospect-radar-next20-2026-08-11.netlify.app/gate/ivc-wealth-advisors/?utm_source=directmail&utm_medium=qr&utm_campaign=jesse-238&utm_content=J238-113,ready,hold,,no,radar-next15-20260810-050919
J238-114,James Harper Painting,Plumbing / sewer,https://momentum-prospect-radar-next20-2026-08-11.netlify.app/sites/james-harper-painting/,https://momentum-prospect-radar-next20-2026-08-11.netlify.app/gate/james-harper-painting/?utm_source=directmail&utm_medium=qr&utm_campaign=jesse-238&utm_content=J238-114,ready,hold,,yes,Philadelphia Batch 3
J238-115,Jarman Sales & Service,Business,https://momentum-prospect-radar-next20-2026-08-11.netlify.app/sites/jarman-hvac/,https://momentum-prospect-radar-next20-2026-08-11.netlify.app/gate/jarman-hvac/?utm_source=directmail&utm_medium=qr&utm_campaign=jesse-238&utm_content=J238-115,ready,hold,,no,phl-2026-w34
J238-116,"JDV Electric, LLC",Electrical,https://momentum-prospect-radar-next20-2026-08-11.netlify.app/sites/jdv-electric-llc/,https://momentum-prospect-radar-next20-2026-08-11.netlify.app/gate/jdv-electric-llc/?utm_source=directmail&utm_medium=qr&utm_campaign=jesse-238&utm_content=J238-116,ready,hold,,no,Philadelphia Batch 4
J238-117,Johnny Brenda's,Restaurant & Music Venue,https://momentum-prospect-radar-next20-2026-08-11.netlify.app/sites/johnny-brendas/,https://momentum-prospect-radar-next20-2026-08-11.netlify.app/gate/johnny-brendas/?utm_source=directmail&utm_medium=qr&utm_campaign=jesse-238&utm_content=J238-117,ready,hold,,no,Philadelphia Batch 1 · restored canonical routes
J238-118,Johnny's Pizza & Pasta,Business,https://momentum-prospect-radar-next20-2026-08-11.netlify.app/sites/johnnys-pizza/,https://momentum-prospect-radar-next20-2026-08-11.netlify.app/gate/johnnys-pizza/?utm_source=directmail&utm_medium=qr&utm_campaign=jesse-238&utm_content=J238-118,ready,hold,,no,phl-2026-w33
J238-119,Johnny's Pizza,Business,https://momentum-prospect-radar-next20-2026-08-11.netlify.app/sites/johnny-s-pizza/,https://momentum-prospect-radar-next20-2026-08-11.netlify.app/gate/johnny-s-pizza/?utm_source=directmail&utm_medium=qr&utm_campaign=jesse-238&utm_content=J238-119,ready,hold,,no,radar-next15-20260809-230919
J238-120,John's Roast Pork,Restaurant,https://momentum-prospect-radar-next20-2026-08-11.netlify.app/sites/johns-roast-pork/,https://momentum-prospect-radar-next20-2026-08-11.netlify.app/gate/johns-roast-pork/?utm_source=directmail&utm_medium=qr&utm_campaign=jesse-238&utm_content=J238-120,ready,hold,,no,Philadelphia Batch 1 · restored canonical routes
J238-121,"J-Pro Pools, Inc.",Business,https://momentum-prospect-radar-next20-2026-08-11.netlify.app/sites/j-pro-inc/,https://momentum-prospect-radar-next20-2026-08-11.netlify.app/gate/j-pro-inc/?utm_source=directmail&utm_medium=qr&utm_campaign=jesse-238&utm_content=J238-121,ready,hold,,no,radar-next15-20260810-050919
J238-122,Just Tires Media,Business,https://momentum-prospect-radar-next20-2026-08-11.netlify.app/sites/just-tires/,https://momentum-prospect-radar-next20-2026-08-11.netlify.app/gate/just-tires/?utm_source=directmail&utm_medium=qr&utm_campaign=jesse-238&utm_content=J238-122,ready,hold,,no,radar-next15-20260809-230919
J238-123,K.A.M. Sheet Metal & Fab,Sheet metal / fabrication,https://momentum-prospect-radar-next20-2026-08-11.netlify.app/sites/k-a-m-sheet-metal-fab/,https://momentum-prospect-radar-next20-2026-08-11.netlify.app/gate/k-a-m-sheet-metal-fab/?utm_source=directmail&utm_medium=qr&utm_campaign=jesse-238&utm_content=J238-123,ready,hold,,yes,Philadelphia Batch 4
J238-124,Katana Pittsburgh,Business,https://momentum-prospect-radar-next20-2026-08-11.netlify.app/sites/katana/,https://momentum-prospect-radar-next20-2026-08-11.netlify.app/gate/katana/?utm_source=directmail&utm_medium=qr&utm_campaign=jesse-238&utm_content=J238-124,ready,hold,,no,Current Next 20
J238-125,Kehan's Auto Service,Business,https://momentum-prospect-radar-next20-2026-08-11.netlify.app/sites/kehans-auto-service/,https://momentum-prospect-radar-next20-2026-08-11.netlify.app/gate/kehans-auto-service/?utm_source=directmail&utm_medium=qr&utm_campaign=jesse-238&utm_content=J238-125,ready,hold,,no,Cinematic builds 169-178
J238-126,Kinetic Physical Therapy,Business,https://momentum-prospect-radar-next20-2026-08-11.netlify.app/sites/kinetic-physical-therapy/,https://momentum-prospect-radar-next20-2026-08-11.netlify.app/gate/kinetic-physical-therapy/?utm_source=directmail&utm_medium=qr&utm_campaign=jesse-238&utm_content=J238-126,ready,hold,,no,radar-next15-20260809-170919
J238-127,"La Colombe Coffee Roasters, Rittenhouse Square",Coffee Roaster,https://momentum-prospect-radar-next20-2026-08-11.netlify.app/sites/la-colombe-rittenhouse/,https://momentum-prospect-radar-next20-2026-08-11.netlify.app/gate/la-colombe-rittenhouse/?utm_source=directmail&utm_medium=qr&utm_campaign=jesse-238&utm_content=J238-127,ready,hold,,yes,Philadelphia Batch 1 · restored canonical routes
J238-128,Lawrence Kassan Podiatry,Medical & Healthcare,https://momentum-prospect-radar-next20-2026-08-11.netlify.app/sites/lawrence-kassan-podiatry/,https://momentum-prospect-radar-next20-2026-08-11.netlify.app/gate/lawrence-kassan-podiatry/?utm_source=directmail&utm_medium=qr&utm_campaign=jesse-238&utm_content=J238-128,ready,hold,,no,Philadelphia W31 verified 25
J238-129,Lee's Hoagie House of Horsham,Business,https://momentum-prospect-radar-next20-2026-08-11.netlify.app/sites/lees-hoagie-house/,https://momentum-prospect-radar-next20-2026-08-11.netlify.app/gate/lees-hoagie-house/?utm_source=directmail&utm_medium=qr&utm_campaign=jesse-238&utm_content=J238-129,ready,hold,,no,Cinematic builds 169-178
J238-130,Legacy Jewelers,Business,https://momentum-prospect-radar-next20-2026-08-11.netlify.app/sites/legacy-jewelers/,https://momentum-prospect-radar-next20-2026-08-11.netlify.app/gate/legacy-jewelers/?utm_source=directmail&utm_medium=qr&utm_campaign=jesse-238&utm_content=J238-130,ready,hold,,no,Current Next 20
J238-131,Live Urgent Care King of Prussia,Business,https://momentum-prospect-radar-next20-2026-08-11.netlify.app/sites/live-urgent-care/,https://momentum-prospect-radar-next20-2026-08-11.netlify.app/gate/live-urgent-care/?utm_source=directmail&utm_medium=qr&utm_campaign=jesse-238&utm_content=J238-131,ready,hold,,no,phl-2026-w34
J238-132,Apollo Wealth Advisors,Business,https://momentum-prospect-radar-next20-2026-08-11.netlify.app/sites/lpl-financial/,https://momentum-prospect-radar-next20-2026-08-11.netlify.app/gate/lpl-financial/?utm_source=directmail&utm_medium=qr&utm_campaign=jesse-238&utm_content=J238-132,ready,hold,,no,radar-next15-20260809-230919
J238-133,Lynch Plumbing & Heating,Painting / drywall,https://momentum-prospect-radar-next20-2026-08-11.netlify.app/sites/lynch-plumbing-heating/,https://momentum-prospect-radar-next20-2026-08-11.netlify.app/gate/lynch-plumbing-heating/?utm_source=directmail&utm_medium=qr&utm_campaign=jesse-238&utm_content=J238-133,ready,hold,,yes,Philadelphia Batch 3
J238-134,MacLaren Kitchen and Bath,Business,https://momentum-prospect-radar-next20-2026-08-11.netlify.app/sites/maclaren-kitchen-and-bath/,https://momentum-prospect-radar-next20-2026-08-11.netlify.app/gate/maclaren-kitchen-and-bath/?utm_source=directmail&utm_medium=qr&utm_campaign=jesse-238&utm_content=J238-134,ready,hold,,no,phl-2026-w33
J238-135,Philadelphia's Magic Gardens,Arts & Culture,https://momentum-prospect-radar-next20-2026-08-11.netlify.app/sites/magic-gardens/,https://momentum-prospect-radar-next20-2026-08-11.netlify.app/gate/magic-gardens/?utm_source=directmail&utm_medium=qr&utm_campaign=jesse-238&utm_content=J238-135,ready,hold,,yes,Philadelphia Batch 1 · restored canonical routes
J238-136,Main Line Veterinary Hospital,Business,https://momentum-prospect-radar-next20-2026-08-11.netlify.app/sites/main-line-veterinary-hospital/,https://momentum-prospect-radar-next20-2026-08-11.netlify.app/gate/main-line-veterinary-hospital/?utm_source=directmail&utm_medium=qr&utm_campaign=jesse-238&utm_content=J238-136,ready,hold,,no,Telegram 3D Next 10
J238-137,Malvern Vision Care,Business,https://momentum-prospect-radar-next20-2026-08-11.netlify.app/sites/malvern-vision-care/,https://momentum-prospect-radar-next20-2026-08-11.netlify.app/gate/malvern-vision-care/?utm_source=directmail&utm_medium=qr&utm_campaign=jesse-238&utm_content=J238-137,ready,hold,,no,phl-2026-w34
J238-138,Manatawny Still Works,Business,https://momentum-prospect-radar-next20-2026-08-11.netlify.app/sites/manatawny-still-works/,https://momentum-prospect-radar-next20-2026-08-11.netlify.app/gate/manatawny-still-works/?utm_source=directmail&utm_medium=qr&utm_campaign=jesse-238&utm_content=J238-138,ready,hold,,no,radar-next15-20260809-230919
J238-139,Manayunk Plumbing & Heating,Plumbing / HVAC,https://momentum-prospect-radar-next20-2026-08-11.netlify.app/sites/manayunk-plumbing-heating/,https://momentum-prospect-radar-next20-2026-08-11.netlify.app/gate/manayunk-plumbing-heating/?utm_source=directmail&utm_medium=qr&utm_campaign=jesse-238&utm_content=J238-139,ready,hold,,no,Philadelphia Batch 4
J238-140,Martha's Sophisticated Shine,Home Services,https://momentum-prospect-radar-next20-2026-08-11.netlify.app/sites/marthas-sophisticated-shine/,https://momentum-prospect-radar-next20-2026-08-11.netlify.app/gate/marthas-sophisticated-shine/?utm_source=directmail&utm_medium=qr&utm_campaign=jesse-238&utm_content=J238-140,ready,hold,,yes,Philadelphia W31 verified 25
J238-141,"Mary Cleary Drywall & Carpentry, LLC",Painting / drywall,https://momentum-prospect-radar-next20-2026-08-11.netlify.app/sites/mary-cleary-drywall-carpentry-llc/,https://momentum-prospect-radar-next20-2026-08-11.netlify.app/gate/mary-cleary-drywall-carpentry-llc/?utm_source=directmail&utm_medium=qr&utm_campaign=jesse-238&utm_content=J238-141,ready,hold,,yes,Philadelphia Batch 3
J238-142,Mayfair Family Chiropractic Center,Medical & Healthcare,https://momentum-prospect-radar-next20-2026-08-11.netlify.app/sites/mayfair-family-chiropractic/,https://momentum-prospect-radar-next20-2026-08-11.netlify.app/gate/mayfair-family-chiropractic/?utm_source=directmail&utm_medium=qr&utm_campaign=jesse-238&utm_content=J238-142,ready,hold,,no,Philadelphia W31 verified 25
J238-143,Mayfair Fence,Home Services,https://momentum-prospect-radar-next20-2026-08-11.netlify.app/sites/mayfair-fence/,https://momentum-prospect-radar-next20-2026-08-11.netlify.app/gate/mayfair-fence/?utm_source=directmail&utm_medium=qr&utm_campaign=jesse-238&utm_content=J238-143,ready,hold,,yes,Philadelphia W31 verified 25
J238-144,McMenamin & Margiotti,Business,https://momentum-prospect-radar-next20-2026-08-11.netlify.app/sites/mcmenamin-margiotti/,https://momentum-prospect-radar-next20-2026-08-11.netlify.app/gate/mcmenamin-margiotti/?utm_source=directmail&utm_medium=qr&utm_campaign=jesse-238&utm_content=J238-144,ready,hold,,no,phl-2026-w34
J238-145,Metalmorphose Ironworks,Business,https://momentum-prospect-radar-next20-2026-08-11.netlify.app/sites/metalmorphose-iron-studio/,https://momentum-prospect-radar-next20-2026-08-11.netlify.app/gate/metalmorphose-iron-studio/?utm_source=directmail&utm_medium=qr&utm_campaign=jesse-238&utm_content=J238-145,ready,hold,,no,phl-2026-w33
J238-146,Metro Physical Medicine,Medical & Healthcare,https://momentum-prospect-radar-next20-2026-08-11.netlify.app/sites/metro-physical-medicine/,https://momentum-prospect-radar-next20-2026-08-11.netlify.app/gate/metro-physical-medicine/?utm_source=directmail&utm_medium=qr&utm_campaign=jesse-238&utm_content=J238-146,ready,hold,,no,Philadelphia W31 verified 25
J238-147,Ming's Chinese Restaurant,Business,https://momentum-prospect-radar-next20-2026-08-11.netlify.app/sites/ming-s-chinese/,https://momentum-prospect-radar-next20-2026-08-11.netlify.app/gate/ming-s-chinese/?utm_source=directmail&utm_medium=qr&utm_campaign=jesse-238&utm_content=J238-147,ready,hold,,no,radar-next15-20260810-110919
J238-148,"Mitchell Painting, LLC",Construction / remodeling,https://momentum-prospect-radar-next20-2026-08-11.netlify.app/sites/mitchell-painting-llc/,https://momentum-prospect-radar-next20-2026-08-11.netlify.app/gate/mitchell-painting-llc/?utm_source=directmail&utm_medium=qr&utm_campaign=jesse-238&utm_content=J238-148,ready,hold,,yes,Philadelphia Batch 3
J238-149,"MOM's Organic Market, Center City",Natural Grocery,https://momentum-prospect-radar-next20-2026-08-11.netlify.app/sites/moms-organic-market/,https://momentum-prospect-radar-next20-2026-08-11.netlify.app/gate/moms-organic-market/?utm_source=directmail&utm_medium=qr&utm_campaign=jesse-238&utm_content=J238-149,ready,hold,,no,Philadelphia Batch 1 · restored canonical routes
J238-150,Morris Arboretum & Gardens,Botanical Garden,https://momentum-prospect-radar-next20-2026-08-11.netlify.app/sites/morris-arboretum/,https://momentum-prospect-radar-next20-2026-08-11.netlify.app/gate/morris-arboretum/?utm_source=directmail&utm_medium=qr&utm_campaign=jesse-238&utm_content=J238-150,ready,hold,,yes,Philadelphia Batch 1 · restored canonical routes
J238-151,Morton Electric Pool & Spa,Business,https://momentum-prospect-radar-next20-2026-08-11.netlify.app/sites/morton-electric-pool-spa/,https://momentum-prospect-radar-next20-2026-08-11.netlify.app/gate/morton-electric-pool-spa/?utm_source=directmail&utm_medium=qr&utm_campaign=jesse-238&utm_content=J238-151,ready,hold,,no,Cinematic builds 166-168
J238-152,Moss Contracting,Home Services,https://momentum-prospect-radar-next20-2026-08-11.netlify.app/sites/moss-contracting/,https://momentum-prospect-radar-next20-2026-08-11.netlify.app/gate/moss-contracting/?utm_source=directmail&utm_medium=qr&utm_campaign=jesse-238&utm_content=J238-152,ready,hold,,yes,Philadelphia W31 verified 25
J238-153,Narberth Pizza and Steaks,Business,https://momentum-prospect-radar-next20-2026-08-11.netlify.app/sites/narberth-pizza/,https://momentum-prospect-radar-next20-2026-08-11.netlify.app/gate/narberth-pizza/?utm_source=directmail&utm_medium=qr&utm_campaign=jesse-238&utm_content=J238-153,ready,hold,,no,radar-next15-20260810-050919
J238-154,The New Pennsburg Diner,Business,https://momentum-prospect-radar-next20-2026-08-11.netlify.app/sites/new-pennsburg-diner/,https://momentum-prospect-radar-next20-2026-08-11.netlify.app/gate/new-pennsburg-diner/?utm_source=directmail&utm_medium=qr&utm_campaign=jesse-238&utm_content=J238-154,ready,hold,,no,phl-2026-w33
J238-155,Nicky's Thai Kitchen Downtown,Business,https://momentum-prospect-radar-next20-2026-08-11.netlify.app/sites/nicky-s-thai-kitchen/,https://momentum-prospect-radar-next20-2026-08-11.netlify.app/gate/nicky-s-thai-kitchen/?utm_source=directmail&utm_medium=qr&utm_campaign=jesse-238&utm_content=J238-155,ready,hold,,no,Current Next 20
J238-156,Northeast Family Foot Care,Medical & Healthcare,https://momentum-prospect-radar-next20-2026-08-11.netlify.app/sites/northeast-family-foot-care/,https://momentum-prospect-radar-next20-2026-08-11.netlify.app/gate/northeast-family-foot-care/?utm_source=directmail&utm_medium=qr&utm_campaign=jesse-238&utm_content=J238-156,ready,hold,,no,Philadelphia W31 verified 25
J238-157,Nottingham Creamery,Business,https://momentum-prospect-radar-next20-2026-08-11.netlify.app/sites/nottingham-creamery/,https://momentum-prospect-radar-next20-2026-08-11.netlify.app/gate/nottingham-creamery/?utm_source=directmail&utm_medium=qr&utm_campaign=jesse-238&utm_content=J238-157,ready,hold,,no,Current Next 20
J238-158,NovaCare Rehabilitation Conshohocken,Business,https://momentum-prospect-radar-next20-2026-08-11.netlify.app/sites/novacare/,https://momentum-prospect-radar-next20-2026-08-11.netlify.app/gate/novacare/?utm_source=directmail&utm_medium=qr&utm_campaign=jesse-238&utm_content=J238-158,ready,hold,,no,radar-next15-20260810-050919
J238-159,Oaks Italian Deli And Pizzeria,Business,https://momentum-prospect-radar-next20-2026-08-11.netlify.app/sites/oaks-italian-deli/,https://momentum-prospect-radar-next20-2026-08-11.netlify.app/gate/oaks-italian-deli/?utm_source=directmail&utm_medium=qr&utm_campaign=jesse-238&utm_content=J238-159,ready,hold,,no,phl-2026-w33
J238-160,"O'Donnell, Weiss & Mattei, P.C.",Business,https://momentum-prospect-radar-next20-2026-08-11.netlify.app/sites/o-donnell-weiss-mattei-p-c/,https://momentum-prospect-radar-next20-2026-08-11.netlify.app/gate/o-donnell-weiss-mattei-p-c/?utm_source=directmail&utm_medium=qr&utm_campaign=jesse-238&utm_content=J238-160,ready,hold,,no,radar-next15-20260810-050919
J238-161,Ooka Hibachi and Sushi,Business,https://momentum-prospect-radar-next20-2026-08-11.netlify.app/sites/ooka-hibachi-and-sushi/,https://momentum-prospect-radar-next20-2026-08-11.netlify.app/gate/ooka-hibachi-and-sushi/?utm_source=directmail&utm_medium=qr&utm_campaign=jesse-238&utm_content=J238-161,ready,hold,,no,radar-next15-20260810-110919
J238-162,OpenArc,Business,https://momentum-prospect-radar-next20-2026-08-11.netlify.app/sites/openarc/,https://momentum-prospect-radar-next20-2026-08-11.netlify.app/gate/openarc/?utm_source=directmail&utm_medium=qr&utm_campaign=jesse-238&utm_content=J238-162,ready,hold,,no,Current Next 20
J238-163,OSS Health,Business,https://momentum-prospect-radar-next20-2026-08-11.netlify.app/sites/oss-health/,https://momentum-prospect-radar-next20-2026-08-11.netlify.app/gate/oss-health/?utm_source=directmail&utm_medium=qr&utm_campaign=jesse-238&utm_content=J238-163,ready,hold,,no,Current Next 20
J238-164,Frederick W. Oster Fine Violins,Business,https://momentum-prospect-radar-next20-2026-08-11.netlify.app/sites/oster-fine-violins/,https://momentum-prospect-radar-next20-2026-08-11.netlify.app/gate/oster-fine-violins/?utm_source=directmail&utm_medium=qr&utm_campaign=jesse-238&utm_content=J238-164,ready,hold,,no,phl-2026-w33
J238-165,Oxford Rehabilitation Center,Medical & Healthcare,https://momentum-prospect-radar-next20-2026-08-11.netlify.app/sites/oxford-rehabilitation-center/,https://momentum-prospect-radar-next20-2026-08-11.netlify.app/gate/oxford-rehabilitation-center/?utm_source=directmail&utm_medium=qr&utm_campaign=jesse-238&utm_content=J238-165,ready,hold,,no,Philadelphia W31 verified 25
J238-166,"Patriot Fence & Ironworks, LLC.",Home Services,https://momentum-prospect-radar-next20-2026-08-11.netlify.app/sites/patriot-fence-and-ironworks/,https://momentum-prospect-radar-next20-2026-08-11.netlify.app/gate/patriot-fence-and-ironworks/?utm_source=directmail&utm_medium=qr&utm_campaign=jesse-238&utm_content=J238-166,ready,hold,,no,Philadelphia W31 verified 25
J238-167,Pat's King of Steaks,Restaurant,https://momentum-prospect-radar-next20-2026-08-11.netlify.app/sites/pats-king-steaks/,https://momentum-prospect-radar-next20-2026-08-11.netlify.app/gate/pats-king-steaks/?utm_source=directmail&utm_medium=qr&utm_campaign=jesse-238&utm_content=J238-167,ready,hold,,no,Philadelphia Batch 1 · restored canonical routes
J238-168,Peking Gourmet,Business,https://momentum-prospect-radar-next20-2026-08-11.netlify.app/sites/peking-gourmet/,https://momentum-prospect-radar-next20-2026-08-11.netlify.app/gate/peking-gourmet/?utm_source=directmail&utm_medium=qr&utm_campaign=jesse-238&utm_content=J238-168,ready,hold,,no,phl-2026-w33
J238-169,Pennsylvania Dental Group,Business,https://momentum-prospect-radar-next20-2026-08-11.netlify.app/sites/pennsylvania-dental-group/,https://momentum-prospect-radar-next20-2026-08-11.netlify.app/gate/pennsylvania-dental-group/?utm_source=directmail&utm_medium=qr&utm_campaign=jesse-238&utm_content=J238-169,ready,hold,,no,phl-2026-w34
J238-170,Philadelphia Auto Accident Injury Attorney,Business,https://momentum-prospect-radar-next20-2026-08-11.netlify.app/sites/philadelphia-auto-accident-injury-attorney/,https://momentum-prospect-radar-next20-2026-08-11.netlify.app/gate/philadelphia-auto-accident-injury-attorney/?utm_source=directmail&utm_medium=qr&utm_campaign=jesse-238&utm_content=J238-170,ready,hold,,no,radar-next15-20260809-230919
J238-171,Philadelphia Garage,Business,https://momentum-prospect-radar-next20-2026-08-11.netlify.app/sites/philadelphia-garage/,https://momentum-prospect-radar-next20-2026-08-11.netlify.app/gate/philadelphia-garage/?utm_source=directmail&utm_medium=qr&utm_campaign=jesse-238&utm_content=J238-171,ready,hold,,no,phl-2026-w33
J238-172,Philadelphia Record Exchange,Record Store,https://momentum-prospect-radar-next20-2026-08-11.netlify.app/sites/philadelphia-record-exchange/,https://momentum-prospect-radar-next20-2026-08-11.netlify.app/gate/philadelphia-record-exchange/?utm_source=directmail&utm_medium=qr&utm_campaign=jesse-238&utm_content=J238-172,ready,hold,,no,Philadelphia Batch 1 · restored canonical routes
J238-173,Philly Medical and Rehab Associates,Medical & Healthcare,https://momentum-prospect-radar-next20-2026-08-11.netlify.app/sites/philly-medical-and-rehab-associates/,https://momentum-prospect-radar-next20-2026-08-11.netlify.app/gate/philly-medical-and-rehab-associates/?utm_source=directmail&utm_medium=qr&utm_campaign=jesse-238&utm_content=J238-173,ready,hold,,yes,Philadelphia W31 verified 25
J238-174,Pipe Xpress,Business,https://momentum-prospect-radar-next20-2026-08-11.netlify.app/sites/pipe-xpress/,https://momentum-prospect-radar-next20-2026-08-11.netlify.app/gate/pipe-xpress/?utm_source=directmail&utm_medium=qr&utm_campaign=jesse-238&utm_content=J238-174,ready,hold,,no,phl-2026-w33
J238-175,Pizza Peddler,Business,https://momentum-prospect-radar-next20-2026-08-11.netlify.app/sites/pizza-peddler/,https://momentum-prospect-radar-next20-2026-08-11.netlify.app/gate/pizza-peddler/?utm_source=directmail&utm_medium=qr&utm_campaign=jesse-238&utm_content=J238-175,ready,hold,,no,Telegram 3D Next 10
J238-176,PK2 Construction,Painting / drywall,https://momentum-prospect-radar-next20-2026-08-11.netlify.app/sites/pk2-construction/,https://momentum-prospect-radar-next20-2026-08-11.netlify.app/gate/pk2-construction/?utm_source=directmail&utm_medium=qr&utm_campaign=jesse-238&utm_content=J238-176,ready,hold,,yes,Philadelphia Batch 3
J238-177,Plastic & Reconstructive Surgical Solutions,Business,https://momentum-prospect-radar-next20-2026-08-11.netlify.app/sites/plastic-surgery-solutions/,https://momentum-prospect-radar-next20-2026-08-11.netlify.app/gate/plastic-surgery-solutions/?utm_source=directmail&utm_medium=qr&utm_campaign=jesse-238&utm_content=J238-177,ready,hold,,no,phl-2026-w34
J238-178,"Prime Interiors, LLC",Plumbing / sewer,https://momentum-prospect-radar-next20-2026-08-11.netlify.app/sites/prime-interiors-llc/,https://momentum-prospect-radar-next20-2026-08-11.netlify.app/gate/prime-interiors-llc/?utm_source=directmail&utm_medium=qr&utm_campaign=jesse-238&utm_content=J238-178,ready,hold,,yes,Philadelphia Batch 3
J238-179,Pro Nails,Business,https://momentum-prospect-radar-next20-2026-08-11.netlify.app/sites/pro-nails/,https://momentum-prospect-radar-next20-2026-08-11.netlify.app/gate/pro-nails/?utm_source=directmail&utm_medium=qr&utm_campaign=jesse-238&utm_content=J238-179,ready,hold,,no,phl-2026-w33
J238-180,PT in Philly,Medical & Healthcare,https://momentum-prospect-radar-next20-2026-08-11.netlify.app/sites/pt-in-philly/,https://momentum-prospect-radar-next20-2026-08-11.netlify.app/gate/pt-in-philly/?utm_source=directmail&utm_medium=qr&utm_campaign=jesse-238&utm_content=J238-180,ready,hold,,yes,Philadelphia W31 verified 25
J238-181,Radiance Dental,Business,https://momentum-prospect-radar-next20-2026-08-11.netlify.app/sites/radiance-dental/,https://momentum-prospect-radar-next20-2026-08-11.netlify.app/gate/radiance-dental/?utm_source=directmail&utm_medium=qr&utm_campaign=jesse-238&utm_content=J238-181,ready,hold,,no,Current Next 20
J238-182,Rally House Collegeville,Business,https://momentum-prospect-radar-next20-2026-08-11.netlify.app/sites/rally-house-collegeville/,https://momentum-prospect-radar-next20-2026-08-11.netlify.app/gate/rally-house-collegeville/?utm_source=directmail&utm_medium=qr&utm_campaign=jesse-238&utm_content=J238-182,ready,hold,,no,radar-next15-20260810-050919
J238-183,Reading Terminal Market,Public Market,https://momentum-prospect-radar-next20-2026-08-11.netlify.app/sites/reading-terminal/,https://momentum-prospect-radar-next20-2026-08-11.netlify.app/gate/reading-terminal/?utm_source=directmail&utm_medium=qr&utm_campaign=jesse-238&utm_content=J238-183,ready,hold,,yes,Philadelphia Batch 1 · restored canonical routes
J238-184,ReAnimator Coffee,Coffee,https://momentum-prospect-radar-next20-2026-08-11.netlify.app/sites/reanimator-coffee/,https://momentum-prospect-radar-next20-2026-08-11.netlify.app/gate/reanimator-coffee/?utm_source=directmail&utm_medium=qr&utm_campaign=jesse-238&utm_content=J238-184,ready,hold,,yes,Philadelphia Batch 1 · restored canonical routes
J238-185,Reardon Dental Exton,Business,https://momentum-prospect-radar-next20-2026-08-11.netlify.app/sites/reardon-dental/,https://momentum-prospect-radar-next20-2026-08-11.netlify.app/gate/reardon-dental/?utm_source=directmail&utm_medium=qr&utm_campaign=jesse-238&utm_content=J238-185,ready,hold,,no,Current Next 20
J238-186,Red Hill Greenhouses & Florist,Business,https://momentum-prospect-radar-next20-2026-08-11.netlify.app/sites/red-hill-greenhouses-florist/,https://momentum-prospect-radar-next20-2026-08-11.netlify.app/gate/red-hill-greenhouses-florist/?utm_source=directmail&utm_medium=qr&utm_campaign=jesse-238&utm_content=J238-186,ready,hold,,no,radar-next15-20260810-050919
J238-187,RHI Construction Inc.,Home Services,https://momentum-prospect-radar-next20-2026-08-11.netlify.app/sites/rhi-construction/,https://momentum-prospect-radar-next20-2026-08-11.netlify.app/gate/rhi-construction/?utm_source=directmail&utm_medium=qr&utm_campaign=jesse-238&utm_content=J238-187,ready,hold,,yes,Philadelphia W31 verified 25
J238-188,Riley Rodzianko & Clymer LLP,Business,https://momentum-prospect-radar-next20-2026-08-11.netlify.app/sites/riley-rodzianko-and-clymer-llp/,https://momentum-prospect-radar-next20-2026-08-11.netlify.app/gate/riley-rodzianko-and-clymer-llp/?utm_source=directmail&utm_medium=qr&utm_campaign=jesse-238&utm_content=J238-188,ready,hold,,no,Current Next 20
J238-189,Rittenhouse Square Chiro,Business,https://momentum-prospect-radar-next20-2026-08-11.netlify.app/sites/rittenhouse-square-chiropractic/,https://momentum-prospect-radar-next20-2026-08-11.netlify.app/gate/rittenhouse-square-chiropractic/?utm_source=directmail&utm_medium=qr&utm_campaign=jesse-238&utm_content=J238-189,ready,hold,,no,Philadelphia W31 verified 25
J238-190,Robert J. Spence Plumbing and Heating,Construction / remodeling,https://momentum-prospect-radar-next20-2026-08-11.netlify.app/sites/robert-j-spence-plumbing-and-heating/,https://momentum-prospect-radar-next20-2026-08-11.netlify.app/gate/robert-j-spence-plumbing-and-heating/?utm_source=directmail&utm_medium=qr&utm_campaign=jesse-238&utm_content=J238-190,ready,hold,,yes,Philadelphia Batch 3
J238-191,Rocco's Brick Oven Pizzeria,Business,https://momentum-prospect-radar-next20-2026-08-11.netlify.app/sites/rocco-s-brick-oven-pizzeria/,https://momentum-prospect-radar-next20-2026-08-11.netlify.app/gate/rocco-s-brick-oven-pizzeria/?utm_source=directmail&utm_medium=qr&utm_campaign=jesse-238&utm_content=J238-191,ready,hold,,no,radar-next15-20260810-110919
J238-192,Rufus Chiropractic and Wellness,Medical & Healthcare,https://momentum-prospect-radar-next20-2026-08-11.netlify.app/sites/rufus-chiropractic-and-wellness/,https://momentum-prospect-radar-next20-2026-08-11.netlify.app/gate/rufus-chiropractic-and-wellness/?utm_source=directmail&utm_medium=qr&utm_campaign=jesse-238&utm_content=J238-192,ready,hold,,no,Philadelphia W31 verified 25
J238-193,Salter's Fireplace,Business,https://momentum-prospect-radar-next20-2026-08-11.netlify.app/sites/salters-fireplace/,https://momentum-prospect-radar-next20-2026-08-11.netlify.app/gate/salters-fireplace/?utm_source=directmail&utm_medium=qr&utm_campaign=jesse-238&utm_content=J238-193,ready,hold,,no,phl-2026-w33
J238-194,Sciacca Service Center,Business,https://momentum-prospect-radar-next20-2026-08-11.netlify.app/sites/sciacca-service-center/,https://momentum-prospect-radar-next20-2026-08-11.netlify.app/gate/sciacca-service-center/?utm_source=directmail&utm_medium=qr&utm_campaign=jesse-238&utm_content=J238-194,ready,hold,,no,phl-2026-w34
J238-195,Scott Lot,Business,https://momentum-prospect-radar-next20-2026-08-11.netlify.app/sites/scott-lot/,https://momentum-prospect-radar-next20-2026-08-11.netlify.app/gate/scott-lot/?utm_source=directmail&utm_medium=qr&utm_campaign=jesse-238&utm_content=J238-195,ready,hold,,no,Current Next 20
J238-196,SCRC Accident & Injury Center,Home Services,https://momentum-prospect-radar-next20-2026-08-11.netlify.app/sites/scrc-accident-and-injury-center/,https://momentum-prospect-radar-next20-2026-08-11.netlify.app/gate/scrc-accident-and-injury-center/?utm_source=directmail&utm_medium=qr&utm_campaign=jesse-238&utm_content=J238-196,ready,hold,,no,Philadelphia W31 verified 25
J238-197,Seiler & Drury,Business,https://momentum-prospect-radar-next20-2026-08-11.netlify.app/sites/seiler-drury/,https://momentum-prospect-radar-next20-2026-08-11.netlify.app/gate/seiler-drury/?utm_source=directmail&utm_medium=qr&utm_campaign=jesse-238&utm_content=J238-197,ready,hold,,no,radar-next15-20260810-110919
J238-198,Sesame Inn,Business,https://momentum-prospect-radar-next20-2026-08-11.netlify.app/sites/sesame-inn/,https://momentum-prospect-radar-next20-2026-08-11.netlify.app/gate/sesame-inn/?utm_source=directmail&utm_medium=qr&utm_campaign=jesse-238&utm_content=J238-198,ready,hold,,no,Current Next 20
J238-199,Sharp Edge Construction Company,Painting / drywall,https://momentum-prospect-radar-next20-2026-08-11.netlify.app/sites/sharp-edge-construction-company/,https://momentum-prospect-radar-next20-2026-08-11.netlify.app/gate/sharp-edge-construction-company/?utm_source=directmail&utm_medium=qr&utm_campaign=jesse-238&utm_content=J238-199,ready,hold,,yes,Philadelphia Batch 3
J238-200,Shooster Development,Painting / drywall,https://momentum-prospect-radar-next20-2026-08-11.netlify.app/sites/shooster-development/,https://momentum-prospect-radar-next20-2026-08-11.netlify.app/gate/shooster-development/?utm_source=directmail&utm_medium=qr&utm_campaign=jesse-238&utm_content=J238-200,ready,hold,,yes,Philadelphia Batch 3
J238-201,"Sioutis Coatings Ent., Inc.",Painting / drywall,https://momentum-prospect-radar-next20-2026-08-11.netlify.app/sites/sioutis-coatings-ent-inc/,https://momentum-prospect-radar-next20-2026-08-11.netlify.app/gate/sioutis-coatings-ent-inc/?utm_source=directmail&utm_medium=qr&utm_campaign=jesse-238&utm_content=J238-201,ready,hold,,yes,Philadelphia Batch 3
J238-202,Snyder Online Marketing,Business,https://momentum-prospect-radar-next20-2026-08-11.netlify.app/sites/snyder-online-marketing/,https://momentum-prospect-radar-next20-2026-08-11.netlify.app/gate/snyder-online-marketing/?utm_source=directmail&utm_medium=qr&utm_campaign=jesse-238&utm_content=J238-202,ready,hold,,no,radar-next15-20260809-230919
J238-203,"Solution Based Plumbing and Heating, Inc.",Plumbing / heating,https://momentum-prospect-radar-next20-2026-08-11.netlify.app/sites/solution-based-plumbing-and-heating-inc/,https://momentum-prospect-radar-next20-2026-08-11.netlify.app/gate/solution-based-plumbing-and-heating-inc/?utm_source=directmail&utm_medium=qr&utm_campaign=jesse-238&utm_content=J238-203,ready,hold,,no,Philadelphia Batch 4
J238-204,Southampton Hot Tub,Business,https://momentum-prospect-radar-next20-2026-08-11.netlify.app/sites/southampton-hot-tub/,https://momentum-prospect-radar-next20-2026-08-11.netlify.app/gate/southampton-hot-tub/?utm_source=directmail&utm_medium=qr&utm_campaign=jesse-238&utm_content=J238-204,ready,hold,,no,phl-2026-w33
J238-205,Square 1682,Restaurant,https://momentum-prospect-radar-next20-2026-08-11.netlify.app/sites/square-1682/,https://momentum-prospect-radar-next20-2026-08-11.netlify.app/gate/square-1682/?utm_source=directmail&utm_medium=qr&utm_campaign=jesse-238&utm_content=J238-205,ready,hold,,no,Philadelphia Batch 1 · restored canonical routes
J238-206,Standard Tap,Gastropub,https://momentum-prospect-radar-next20-2026-08-11.netlify.app/sites/standard-tap/,https://momentum-prospect-radar-next20-2026-08-11.netlify.app/gate/standard-tap/?utm_source=directmail&utm_medium=qr&utm_campaign=jesse-238&utm_content=J238-206,ready,hold,,yes,Philadelphia Batch 1 · restored canonical routes
J238-207,Strickland Electric,Electrical,https://momentum-prospect-radar-next20-2026-08-11.netlify.app/sites/strickland-electric/,https://momentum-prospect-radar-next20-2026-08-11.netlify.app/gate/strickland-electric/?utm_source=directmail&utm_medium=qr&utm_campaign=jesse-238&utm_content=J238-207,ready,hold,,yes,Philadelphia Batch 4
J238-208,Summers Quality Services,HVAC / plumbing / electrical,https://momentum-prospect-radar-next20-2026-08-11.netlify.app/sites/summers-quality-services/,https://momentum-prospect-radar-next20-2026-08-11.netlify.app/gate/summers-quality-services/?utm_source=directmail&utm_medium=qr&utm_campaign=jesse-238&utm_content=J238-208,ready,hold,,no,Philadelphia Batch 4
J238-209,Suraya,Restaurant,https://momentum-prospect-radar-next20-2026-08-11.netlify.app/sites/suraya/,https://momentum-prospect-radar-next20-2026-08-11.netlify.app/gate/suraya/?utm_source=directmail&utm_medium=qr&utm_campaign=jesse-238&utm_content=J238-209,ready,hold,,yes,Philadelphia Batch 1 · restored canonical routes
J238-210,Tanglewood PTG. Corp.,Painting / drywall,https://momentum-prospect-radar-next20-2026-08-11.netlify.app/sites/tanglewood-ptg-corp/,https://momentum-prospect-radar-next20-2026-08-11.netlify.app/gate/tanglewood-ptg-corp/?utm_source=directmail&utm_medium=qr&utm_campaign=jesse-238&utm_content=J238-210,ready,hold,,yes,Philadelphia Batch 3
J238-211,Termini Brothers Bakery,Bakery,https://momentum-prospect-radar-next20-2026-08-11.netlify.app/sites/termini-bros/,https://momentum-prospect-radar-next20-2026-08-11.netlify.app/gate/termini-bros/?utm_source=directmail&utm_medium=qr&utm_campaign=jesse-238&utm_content=J238-211,ready,hold,,yes,Philadelphia Batch 1 · restored canonical routes
J238-212,The Edge Fitness Clubs Media,Business,https://momentum-prospect-radar-next20-2026-08-11.netlify.app/sites/the-edge-fitness-clubs/,https://momentum-prospect-radar-next20-2026-08-11.netlify.app/gate/the-edge-fitness-clubs/?utm_source=directmail&utm_medium=qr&utm_campaign=jesse-238&utm_content=J238-212,ready,hold,,no,radar-next15-20260809-170919
J238-213,Theory Outlet at Philadelphia Premium Outlets,Business,https://momentum-prospect-radar-next20-2026-08-11.netlify.app/sites/theory/,https://momentum-prospect-radar-next20-2026-08-11.netlify.app/gate/theory/?utm_source=directmail&utm_medium=qr&utm_campaign=jesse-238&utm_content=J238-213,ready,hold,,no,radar-next15-20260809-170919
J238-214,The Restaurant Store Plymouth Meeting,Business,https://momentum-prospect-radar-next20-2026-08-11.netlify.app/sites/the-restaurant-store/,https://momentum-prospect-radar-next20-2026-08-11.netlify.app/gate/the-restaurant-store/?utm_source=directmail&utm_medium=qr&utm_campaign=jesse-238&utm_content=J238-214,ready,hold,,no,radar-next15-20260810-110919
J238-215,THR Insurance,Business,https://momentum-prospect-radar-next20-2026-08-11.netlify.app/sites/thr-insurance/,https://momentum-prospect-radar-next20-2026-08-11.netlify.app/gate/thr-insurance/?utm_source=directmail&utm_medium=qr&utm_campaign=jesse-238&utm_content=J238-215,ready,hold,,no,phl-2026-w33
J238-216,THR Insurance Agency,Business,https://momentum-prospect-radar-next20-2026-08-11.netlify.app/sites/thr-insurance-agency/,https://momentum-prospect-radar-next20-2026-08-11.netlify.app/gate/thr-insurance-agency/?utm_source=directmail&utm_medium=qr&utm_campaign=jesse-238&utm_content=J238-216,ready,hold,,no,radar-next15-20260809-230919
J238-217,TM Prestige Home Cash Buyer,Business,https://momentum-prospect-radar-next20-2026-08-11.netlify.app/sites/tm-prestige-home-cash-buyer/,https://momentum-prospect-radar-next20-2026-08-11.netlify.app/gate/tm-prestige-home-cash-buyer/?utm_source=directmail&utm_medium=qr&utm_campaign=jesse-238&utm_content=J238-217,ready,hold,,no,radar-next15-20260809-230919
J238-218,Towne Book Center & Wine Bar,Business,https://momentum-prospect-radar-next20-2026-08-11.netlify.app/sites/towne-book-center-wine-bar/,https://momentum-prospect-radar-next20-2026-08-11.netlify.app/gate/towne-book-center-wine-bar/?utm_source=directmail&utm_medium=qr&utm_campaign=jesse-238&utm_content=J238-218,ready,hold,,no,radar-next15-20260810-110919
J238-219,Train and Nourish,Business,https://momentum-prospect-radar-next20-2026-08-11.netlify.app/sites/train-and-nourish/,https://momentum-prospect-radar-next20-2026-08-11.netlify.app/gate/train-and-nourish/?utm_source=directmail&utm_medium=qr&utm_campaign=jesse-238&utm_content=J238-219,ready,hold,,no,phl-2026-w34
J238-220,Trend Auto Trader,Business,https://momentum-prospect-radar-next20-2026-08-11.netlify.app/sites/trend-auto-trader/,https://momentum-prospect-radar-next20-2026-08-11.netlify.app/gate/trend-auto-trader/?utm_source=directmail&utm_medium=qr&utm_campaign=jesse-238&utm_content=J238-220,ready,hold,,no,radar-next15-20260810-050919
J238-221,Trend Painting,Painting / drywall,https://momentum-prospect-radar-next20-2026-08-11.netlify.app/sites/trend-painting/,https://momentum-prospect-radar-next20-2026-08-11.netlify.app/gate/trend-painting/?utm_source=directmail&utm_medium=qr&utm_campaign=jesse-238&utm_content=J238-221,ready,hold,,yes,Philadelphia Batch 3
J238-222,Udis & Conn Orthodontics,Business,https://momentum-prospect-radar-next20-2026-08-11.netlify.app/sites/udis-conn-orthodontics/,https://momentum-prospect-radar-next20-2026-08-11.netlify.app/gate/udis-conn-orthodontics/?utm_source=directmail&utm_medium=qr&utm_campaign=jesse-238&utm_content=J238-222,ready,hold,,no,Cinematic builds 169-178
J238-223,United Metal Construction LLC,Architectural metal / roofing,https://momentum-prospect-radar-next20-2026-08-11.netlify.app/sites/united-metal-construction-llc/,https://momentum-prospect-radar-next20-2026-08-11.netlify.app/gate/united-metal-construction-llc/?utm_source=directmail&utm_medium=qr&utm_campaign=jesse-238&utm_content=J238-223,ready,hold,,yes,Philadelphia Batch 4
J238-224,UNO Pizzeria & Grill Oaks,Business,https://momentum-prospect-radar-next20-2026-08-11.netlify.app/sites/uno-chicago-style-pizza/,https://momentum-prospect-radar-next20-2026-08-11.netlify.app/gate/uno-chicago-style-pizza/?utm_source=directmail&utm_medium=qr&utm_campaign=jesse-238&utm_content=J238-224,ready,hold,,no,radar-next15-20260810-110919
J238-225,UrgentVet Pottstown,Business,https://momentum-prospect-radar-next20-2026-08-11.netlify.app/sites/urgentvet-pottstown/,https://momentum-prospect-radar-next20-2026-08-11.netlify.app/gate/urgentvet-pottstown/?utm_source=directmail&utm_medium=qr&utm_campaign=jesse-238&utm_content=J238-225,ready,hold,,no,Telegram 3D Next 10
J238-226,L. A. Verruni Landscaping,Business,https://momentum-prospect-radar-next20-2026-08-11.netlify.app/sites/verruni-landscaping/,https://momentum-prospect-radar-next20-2026-08-11.netlify.app/gate/verruni-landscaping/?utm_source=directmail&utm_medium=qr&utm_campaign=jesse-238&utm_content=J238-226,ready,hold,,no,phl-2026-w34
J238-227,Victor Cafe,Restaurant,https://momentum-prospect-radar-next20-2026-08-11.netlify.app/sites/victor-cafe/,https://momentum-prospect-radar-next20-2026-08-11.netlify.app/gate/victor-cafe/?utm_source=directmail&utm_medium=qr&utm_campaign=jesse-238&utm_content=J238-227,ready,hold,,yes,Philadelphia Batch 1 · restored canonical routes
J238-228,"Waste Gas Fabricating Company, Inc.",Heavy steel fabrication,https://momentum-prospect-radar-next20-2026-08-11.netlify.app/sites/waste-gas-fabricating-company-inc/,https://momentum-prospect-radar-next20-2026-08-11.netlify.app/gate/waste-gas-fabricating-company-inc/?utm_source=directmail&utm_medium=qr&utm_campaign=jesse-238&utm_content=J238-228,ready,hold,,yes,Philadelphia Batch 4
J238-229,Welcome Dental,Business,https://momentum-prospect-radar-next20-2026-08-11.netlify.app/sites/welcome-dental/,https://momentum-prospect-radar-next20-2026-08-11.netlify.app/gate/welcome-dental/?utm_source=directmail&utm_medium=qr&utm_campaign=jesse-238&utm_content=J238-229,ready,hold,,no,Telegram 3D Next 10
J238-230,Whitelands Animal Hospital,Business,https://momentum-prospect-radar-next20-2026-08-11.netlify.app/sites/whitelands-animal-hospital/,https://momentum-prospect-radar-next20-2026-08-11.netlify.app/gate/whitelands-animal-hospital/?utm_source=directmail&utm_medium=qr&utm_campaign=jesse-238&utm_content=J238-230,ready,hold,,no,Telegram 3D Next 10
J238-231,Wholly Grounds Coffeehouse,Business,https://momentum-prospect-radar-next20-2026-08-11.netlify.app/sites/wholly-grounds/,https://momentum-prospect-radar-next20-2026-08-11.netlify.app/gate/wholly-grounds/?utm_source=directmail&utm_medium=qr&utm_campaign=jesse-238&utm_content=J238-231,ready,hold,,no,Telegram 3D Next 10
J238-232,"Wilson's Forklift Service, LLC",Forklift service,https://momentum-prospect-radar-next20-2026-08-11.netlify.app/sites/wilson-s-forklift-service-llc/,https://momentum-prospect-radar-next20-2026-08-11.netlify.app/gate/wilson-s-forklift-service-llc/?utm_source=directmail&utm_medium=qr&utm_campaign=jesse-238&utm_content=J238-232,ready,hold,,yes,Philadelphia Batch 4
J238-233,WJA Landscaping,Business,https://momentum-prospect-radar-next20-2026-08-11.netlify.app/sites/wja-landscaping/,https://momentum-prospect-radar-next20-2026-08-11.netlify.app/gate/wja-landscaping/?utm_source=directmail&utm_medium=qr&utm_campaign=jesse-238&utm_content=J238-233,ready,hold,,no,phl-2026-w33
J238-234,Wynnewood Eye Care,Business,https://momentum-prospect-radar-next20-2026-08-11.netlify.app/sites/wynnewood-eyecare/,https://momentum-prospect-radar-next20-2026-08-11.netlify.app/gate/wynnewood-eyecare/?utm_source=directmail&utm_medium=qr&utm_campaign=jesse-238&utm_content=J238-234,ready,hold,,no,phl-2026-w34
J238-235,Young's Electrical Services Inc.,Electrical,https://momentum-prospect-radar-next20-2026-08-11.netlify.app/sites/young-s-electrical-services-inc/,https://momentum-prospect-radar-next20-2026-08-11.netlify.app/gate/young-s-electrical-services-inc/?utm_source=directmail&utm_medium=qr&utm_campaign=jesse-238&utm_content=J238-235,ready,hold,,yes,Philadelphia Batch 4
J238-236,Zahav,Restaurant,https://momentum-prospect-radar-next20-2026-08-11.netlify.app/sites/zahav/,https://momentum-prospect-radar-next20-2026-08-11.netlify.app/gate/zahav/?utm_source=directmail&utm_medium=qr&utm_campaign=jesse-238&utm_content=J238-236,ready,hold,,yes,Philadelphia Batch 1 · restored canonical routes
J238-237,ZBC General Contracting,Plumbing / sewer,https://momentum-prospect-radar-next20-2026-08-11.netlify.app/sites/zbc-general-contracting/,https://momentum-prospect-radar-next20-2026-08-11.netlify.app/gate/zbc-general-contracting/?utm_source=directmail&utm_medium=qr&utm_campaign=jesse-238&utm_content=J238-237,ready,hold,,yes,Philadelphia W31 verified 25
J238-238,Zuber Realty,Business,https://momentum-prospect-radar-next20-2026-08-11.netlify.app/sites/zuber-realty/,https://momentum-prospect-radar-next20-2026-08-11.netlify.app/gate/zuber-realty/?utm_source=directmail&utm_medium=qr&utm_campaign=jesse-238&utm_content=J238-238,ready,hold,,no,radar-next15-20260810-050919
