prospect_id,business,qr_target_url,mail_ready
J238-001,Academy Chiropractic Center,https://momentum-prospect-radar-next20-2026-08-11.netlify.app/gate/academy-chiropractic-center/?utm_source=directmail&utm_medium=qr&utm_campaign=jesse-238&utm_content=J238-001,hold
J238-002,Acupuncture Medical Practice,https://momentum-prospect-radar-next20-2026-08-11.netlify.app/gate/acupuncture-medical-practice/?utm_source=directmail&utm_medium=qr&utm_campaign=jesse-238&utm_content=J238-002,hold
J238-003,"Advanced Commercial Interior, Inc.",https://momentum-prospect-radar-next20-2026-08-11.netlify.app/gate/advanced-commercial-interior-inc/?utm_source=directmail&utm_medium=qr&utm_campaign=jesse-238&utm_content=J238-003,hold
J238-004,Agnes Edmunds Bridal & Formals,https://momentum-prospect-radar-next20-2026-08-11.netlify.app/gate/agnes-edmunds-bridal-formals/?utm_source=directmail&utm_medium=qr&utm_campaign=jesse-238&utm_content=J238-004,hold
J238-005,All Phase Electric Co.,https://momentum-prospect-radar-next20-2026-08-11.netlify.app/gate/all-phase-electric-co/?utm_source=directmail&utm_medium=qr&utm_campaign=jesse-238&utm_content=J238-005,hold
J238-006,Al Tacos Locos,https://momentum-prospect-radar-next20-2026-08-11.netlify.app/gate/al-tacos-locos/?utm_source=directmail&utm_medium=qr&utm_campaign=jesse-238&utm_content=J238-006,hold
J238-007,Always Dental Care,https://momentum-prospect-radar-next20-2026-08-11.netlify.app/gate/always-dental-care/?utm_source=directmail&utm_medium=qr&utm_campaign=jesse-238&utm_content=J238-007,hold
J238-008,"A.M. Electric, Inc.",https://momentum-prospect-radar-next20-2026-08-11.netlify.app/gate/a-m-electric-inc/?utm_source=directmail&utm_medium=qr&utm_campaign=jesse-238&utm_content=J238-008,hold
J238-009,Andorra Family Dentistry,https://momentum-prospect-radar-next20-2026-08-11.netlify.app/gate/andorra-family-dentistry/?utm_source=directmail&utm_medium=qr&utm_campaign=jesse-238&utm_content=J238-009,hold
J238-010,Anthony Gueriera Jr. Insurance Agency LLC,https://momentum-prospect-radar-next20-2026-08-11.netlify.app/gate/anthony-gueriera-insurance/?utm_source=directmail&utm_medium=qr&utm_campaign=jesse-238&utm_content=J238-010,hold
J238-011,Anton's Plumbing & Heating Inc.,https://momentum-prospect-radar-next20-2026-08-11.netlify.app/gate/anton-s-plumbing-heating-inc/?utm_source=directmail&utm_medium=qr&utm_campaign=jesse-238&utm_content=J238-011,hold
J238-012,"A POSITIVE RESPONSE PLUMBING, LLC.",https://momentum-prospect-radar-next20-2026-08-11.netlify.app/gate/a-positive-response-plumbing-llc/?utm_source=directmail&utm_medium=qr&utm_campaign=jesse-238&utm_content=J238-012,hold
J238-013,APR Supply Company,https://momentum-prospect-radar-next20-2026-08-11.netlify.app/gate/apr-supply-company/?utm_source=directmail&utm_medium=qr&utm_campaign=jesse-238&utm_content=J238-013,hold
J238-014,APT Heating and Cooling,https://momentum-prospect-radar-next20-2026-08-11.netlify.app/gate/apt-heating-and-cooling/?utm_source=directmail&utm_medium=qr&utm_campaign=jesse-238&utm_content=J238-014,hold
J238-015,Art City Vets & Urgent Care,https://momentum-prospect-radar-next20-2026-08-11.netlify.app/gate/art-city-vets/?utm_source=directmail&utm_medium=qr&utm_campaign=jesse-238&utm_content=J238-015,hold
J238-016,Artisan Wine and Cheese Cellars,https://momentum-prospect-radar-next20-2026-08-11.netlify.app/gate/artisan-wine-and-cheese-cellars/?utm_source=directmail&utm_medium=qr&utm_campaign=jesse-238&utm_content=J238-016,hold
J238-017,Auger Manufacturing Specialists,https://momentum-prospect-radar-next20-2026-08-11.netlify.app/gate/auger-manufacturing/?utm_source=directmail&utm_medium=qr&utm_campaign=jesse-238&utm_content=J238-017,hold
J238-018,Baldwin's Book Barn,https://momentum-prospect-radar-next20-2026-08-11.netlify.app/gate/baldwins-book-barn/?utm_source=directmail&utm_medium=qr&utm_campaign=jesse-238&utm_content=J238-018,hold
J238-019,Bàn Bàn Asian Bistro,https://momentum-prospect-radar-next20-2026-08-11.netlify.app/gate/ban-ban-asian-bistro/?utm_source=directmail&utm_medium=qr&utm_campaign=jesse-238&utm_content=J238-019,hold
J238-020,Barnes Financial Group,https://momentum-prospect-radar-next20-2026-08-11.netlify.app/gate/barnes-financial-group/?utm_source=directmail&utm_medium=qr&utm_campaign=jesse-238&utm_content=J238-020,hold
J238-021,Bartram's Garden,https://momentum-prospect-radar-next20-2026-08-11.netlify.app/gate/bartram-garden/?utm_source=directmail&utm_medium=qr&utm_campaign=jesse-238&utm_content=J238-021,hold
J238-022,BeBalanced Royersford,https://momentum-prospect-radar-next20-2026-08-11.netlify.app/gate/be-balanced-hormone/?utm_source=directmail&utm_medium=qr&utm_campaign=jesse-238&utm_content=J238-022,hold
J238-023,Benjamin Lovell Shoes,https://momentum-prospect-radar-next20-2026-08-11.netlify.app/gate/benjamin-lovell-shoes/?utm_source=directmail&utm_medium=qr&utm_campaign=jesse-238&utm_content=J238-023,hold
J238-024,BG Electric Service LLC,https://momentum-prospect-radar-next20-2026-08-11.netlify.app/gate/bg-electric/?utm_source=directmail&utm_medium=qr&utm_campaign=jesse-238&utm_content=J238-024,hold
J238-025,"Big Head Transport, LLC",https://momentum-prospect-radar-next20-2026-08-11.netlify.app/gate/big-head-transport/?utm_source=directmail&utm_medium=qr&utm_campaign=jesse-238&utm_content=J238-025,hold
J238-026,"Bill Frusco Plumbing, Heating & Cooling",https://momentum-prospect-radar-next20-2026-08-11.netlify.app/gate/bill-frusco-plumbing-heating-cooling/?utm_source=directmail&utm_medium=qr&utm_campaign=jesse-238&utm_content=J238-026,hold
J238-027,"Borden Heating & Cooling, Inc.",https://momentum-prospect-radar-next20-2026-08-11.netlify.app/gate/borden-heating-cooling-inc/?utm_source=directmail&utm_medium=qr&utm_campaign=jesse-238&utm_content=J238-027,hold
J238-028,Borsello Landscaping,https://momentum-prospect-radar-next20-2026-08-11.netlify.app/gate/borsello-landscaping/?utm_source=directmail&utm_medium=qr&utm_campaign=jesse-238&utm_content=J238-028,hold
J238-029,Boyle Energy,https://momentum-prospect-radar-next20-2026-08-11.netlify.app/gate/boyle-energy-heating-air-conditioning-oil-propane/?utm_source=directmail&utm_medium=qr&utm_campaign=jesse-238&utm_content=J238-029,hold
J238-030,BPM Fitness,https://momentum-prospect-radar-next20-2026-08-11.netlify.app/gate/bpm-fitness/?utm_source=directmail&utm_medium=qr&utm_campaign=jesse-238&utm_content=J238-030,hold
J238-031,"Brandon Electric, Inc.",https://momentum-prospect-radar-next20-2026-08-11.netlify.app/gate/brandon-electric-inc/?utm_source=directmail&utm_medium=qr&utm_campaign=jesse-238&utm_content=J238-031,hold
J238-032,Brandywine Auto Parts,https://momentum-prospect-radar-next20-2026-08-11.netlify.app/gate/brandywine-auto-parts/?utm_source=directmail&utm_medium=qr&utm_campaign=jesse-238&utm_content=J238-032,hold
J238-033,Bridesburg Spine and Injury Clinic,https://momentum-prospect-radar-next20-2026-08-11.netlify.app/gate/bridesburg-spine-and-injury-clinic/?utm_source=directmail&utm_medium=qr&utm_campaign=jesse-238&utm_content=J238-033,hold
J238-034,"Bryn Mawr Plumbing & Heating Co., Inc.",https://momentum-prospect-radar-next20-2026-08-11.netlify.app/gate/bryn-mawr-plumbing-heating-co-inc/?utm_source=directmail&utm_medium=qr&utm_campaign=jesse-238&utm_content=J238-034,hold
J238-035,"Bustleton Services, Inc",https://momentum-prospect-radar-next20-2026-08-11.netlify.app/gate/bustleton-services/?utm_source=directmail&utm_medium=qr&utm_campaign=jesse-238&utm_content=J238-035,hold
J238-036,C&C Super Seal,https://momentum-prospect-radar-next20-2026-08-11.netlify.app/gate/c-and-c-super-seal/?utm_source=directmail&utm_medium=qr&utm_campaign=jesse-238&utm_content=J238-036,hold
J238-037,Captain Car Wash,https://momentum-prospect-radar-next20-2026-08-11.netlify.app/gate/captain-car-wash/?utm_source=directmail&utm_medium=qr&utm_campaign=jesse-238&utm_content=J238-037,hold
J238-038,Centrum Mechanical Services,https://momentum-prospect-radar-next20-2026-08-11.netlify.app/gate/centrum-mechanical-services/?utm_source=directmail&utm_medium=qr&utm_campaign=jesse-238&utm_content=J238-038,hold
J238-039,Chadds Ford Animal Hospital,https://momentum-prospect-radar-next20-2026-08-11.netlify.app/gate/chadds-ford-animal-hospital/?utm_source=directmail&utm_medium=qr&utm_campaign=jesse-238&utm_content=J238-039,hold
J238-040,Charles Schillinger Company,https://momentum-prospect-radar-next20-2026-08-11.netlify.app/gate/charles-schillinger-company/?utm_source=directmail&utm_medium=qr&utm_campaign=jesse-238&utm_content=J238-040,hold
J238-041,Chestnut Hill Animal Hospital,https://momentum-prospect-radar-next20-2026-08-11.netlify.app/gate/chestnut-hill-animal-hospital/?utm_source=directmail&utm_medium=qr&utm_campaign=jesse-238&utm_content=J238-041,hold
J238-042,"Choice Coating, Inc.",https://momentum-prospect-radar-next20-2026-08-11.netlify.app/gate/choice-coating-inc/?utm_source=directmail&utm_medium=qr&utm_campaign=jesse-238&utm_content=J238-042,hold
J238-043,Chris Clement Plumbing & Heating,https://momentum-prospect-radar-next20-2026-08-11.netlify.app/gate/chris-clement-plumbing-heating/?utm_source=directmail&utm_medium=qr&utm_campaign=jesse-238&utm_content=J238-043,hold
J238-044,Ciocca Pre-Owned Autos,https://momentum-prospect-radar-next20-2026-08-11.netlify.app/gate/ciocca-pre-owned-autos/?utm_source=directmail&utm_medium=qr&utm_campaign=jesse-238&utm_content=J238-044,hold
J238-045,City Electric Supply West Chester,https://momentum-prospect-radar-next20-2026-08-11.netlify.app/gate/city-electric-supply/?utm_source=directmail&utm_medium=qr&utm_campaign=jesse-238&utm_content=J238-045,hold
J238-046,"Cleaned by D&D, LLC",https://momentum-prospect-radar-next20-2026-08-11.netlify.app/gate/cleaned-by-d-d-llc/?utm_source=directmail&utm_medium=qr&utm_campaign=jesse-238&utm_content=J238-046,hold
J238-047,C. Mazzoni Brothers Inc.,https://momentum-prospect-radar-next20-2026-08-11.netlify.app/gate/c-mazzoni-brothers-inc/?utm_source=directmail&utm_medium=qr&utm_campaign=jesse-238&utm_content=J238-047,hold
J238-048,Colmar Dentistry For Kids,https://momentum-prospect-radar-next20-2026-08-11.netlify.app/gate/colmar-dentistry-for-kids/?utm_source=directmail&utm_medium=qr&utm_campaign=jesse-238&utm_content=J238-048,hold
J238-049,Commercial Wallcovering,https://momentum-prospect-radar-next20-2026-08-11.netlify.app/gate/commercial-wallcovering/?utm_source=directmail&utm_medium=qr&utm_campaign=jesse-238&utm_content=J238-049,hold
J238-050,"CompuCraft Fabricators, Inc.",https://momentum-prospect-radar-next20-2026-08-11.netlify.app/gate/compucraft-fabricators-inc/?utm_source=directmail&utm_medium=qr&utm_campaign=jesse-238&utm_content=J238-050,hold
J238-051,County Line Veterinary Hospital,https://momentum-prospect-radar-next20-2026-08-11.netlify.app/gate/county-line-veterinary-hospital/?utm_source=directmail&utm_medium=qr&utm_campaign=jesse-238&utm_content=J238-051,hold
J238-052,Custom IT Solutions,https://momentum-prospect-radar-next20-2026-08-11.netlify.app/gate/custom-it-solutions/?utm_source=directmail&utm_medium=qr&utm_campaign=jesse-238&utm_content=J238-052,hold
J238-053,"Dan Ferry Plumbing, Inc.",https://momentum-prospect-radar-next20-2026-08-11.netlify.app/gate/dan-ferry-plumbing-inc/?utm_source=directmail&utm_medium=qr&utm_campaign=jesse-238&utm_content=J238-053,hold
J238-054,Davidson Fabricating,https://momentum-prospect-radar-next20-2026-08-11.netlify.app/gate/davidson-fabricating/?utm_source=directmail&utm_medium=qr&utm_campaign=jesse-238&utm_content=J238-054,hold
J238-055,Del Chevrolet,https://momentum-prospect-radar-next20-2026-08-11.netlify.app/gate/del-chevrolet/?utm_source=directmail&utm_medium=qr&utm_campaign=jesse-238&utm_content=J238-055,hold
J238-056,Dentistry for Life,https://momentum-prospect-radar-next20-2026-08-11.netlify.app/gate/dentistry-for-life/?utm_source=directmail&utm_medium=qr&utm_campaign=jesse-238&utm_content=J238-056,hold
J238-057,Dependable Concrete Contractor LLC,https://momentum-prospect-radar-next20-2026-08-11.netlify.app/gate/dependable-concrete/?utm_source=directmail&utm_medium=qr&utm_campaign=jesse-238&utm_content=J238-057,hold
J238-058,Di Bruno Bros. Italian Market,https://momentum-prospect-radar-next20-2026-08-11.netlify.app/gate/dibruno-bros/?utm_source=directmail&utm_medium=qr&utm_campaign=jesse-238&utm_content=J238-058,hold
J238-059,Dinse Dental Care,https://momentum-prospect-radar-next20-2026-08-11.netlify.app/gate/dinse-dental-care/?utm_source=directmail&utm_medium=qr&utm_campaign=jesse-238&utm_content=J238-059,hold
J238-060,DreamMaker Bath & Kitchen of Chester County,https://momentum-prospect-radar-next20-2026-08-11.netlify.app/gate/dreammaker-bath-kitchen/?utm_source=directmail&utm_medium=qr&utm_campaign=jesse-238&utm_content=J238-060,hold
J238-061,Dream Team Home Services,https://momentum-prospect-radar-next20-2026-08-11.netlify.app/gate/dream-team-hvac/?utm_source=directmail&utm_medium=qr&utm_campaign=jesse-238&utm_content=J238-061,hold
J238-062,Orthodontic Associates of Collegeville,https://momentum-prospect-radar-next20-2026-08-11.netlify.app/gate/dr-weiss-s-office/?utm_source=directmail&utm_medium=qr&utm_campaign=jesse-238&utm_content=J238-062,hold
J238-063,"Dunryte Electric, Inc.",https://momentum-prospect-radar-next20-2026-08-11.netlify.app/gate/dunryte-electric-inc/?utm_source=directmail&utm_medium=qr&utm_campaign=jesse-238&utm_content=J238-063,hold
J238-064,Dutton Road Veterinary Clinic,https://momentum-prospect-radar-next20-2026-08-11.netlify.app/gate/dutton-road-veterinary-clinic/?utm_source=directmail&utm_medium=qr&utm_campaign=jesse-238&utm_content=J238-064,hold
J238-065,E & E cleaning services,https://momentum-prospect-radar-next20-2026-08-11.netlify.app/gate/e-and-e-cleaning/?utm_source=directmail&utm_medium=qr&utm_campaign=jesse-238&utm_content=J238-065,hold
J238-066,Eastern Dragon,https://momentum-prospect-radar-next20-2026-08-11.netlify.app/gate/eastern-dragon/?utm_source=directmail&utm_medium=qr&utm_campaign=jesse-238&utm_content=J238-066,hold
J238-067,Eastern State Penitentiary,https://momentum-prospect-radar-next20-2026-08-11.netlify.app/gate/eastern-state/?utm_source=directmail&utm_medium=qr&utm_campaign=jesse-238&utm_content=J238-067,hold
J238-068,Easy Auto Tag & Insurance,https://momentum-prospect-radar-next20-2026-08-11.netlify.app/gate/easy-auto-tag-insurance/?utm_source=directmail&utm_medium=qr&utm_campaign=jesse-238&utm_content=J238-068,hold
J238-069,"Eisenberg, Rothweiler, Winkler, Eisenberg & Jeck",https://momentum-prospect-radar-next20-2026-08-11.netlify.app/gate/eisenberg-rothweiler/?utm_source=directmail&utm_medium=qr&utm_campaign=jesse-238&utm_content=J238-069,hold
J238-070,Electric Direct,https://momentum-prospect-radar-next20-2026-08-11.netlify.app/gate/electric-direct/?utm_source=directmail&utm_medium=qr&utm_campaign=jesse-238&utm_content=J238-070,hold
J238-071,Elite Philly Auto Parts,https://momentum-prospect-radar-next20-2026-08-11.netlify.app/gate/elite-auto-parts/?utm_source=directmail&utm_medium=qr&utm_campaign=jesse-238&utm_content=J238-071,hold
J238-072,Elverson Supply,https://momentum-prospect-radar-next20-2026-08-11.netlify.app/gate/elverson-supply/?utm_source=directmail&utm_medium=qr&utm_campaign=jesse-238&utm_content=J238-072,hold
J238-073,Ember & Ale,https://momentum-prospect-radar-next20-2026-08-11.netlify.app/gate/ember-ale/?utm_source=directmail&utm_medium=qr&utm_campaign=jesse-238&utm_content=J238-073,hold
J238-074,EPAM Philadelphia,https://momentum-prospect-radar-next20-2026-08-11.netlify.app/gate/epam/?utm_source=directmail&utm_medium=qr&utm_campaign=jesse-238&utm_content=J238-074,hold
J238-075,"Ernest D. Menold, Inc.",https://momentum-prospect-radar-next20-2026-08-11.netlify.app/gate/ernest-d-menold-inc/?utm_source=directmail&utm_medium=qr&utm_campaign=jesse-238&utm_content=J238-075,hold
J238-076,Euphoria Nail Bar,https://momentum-prospect-radar-next20-2026-08-11.netlify.app/gate/euphoria-nail-bar/?utm_source=directmail&utm_medium=qr&utm_campaign=jesse-238&utm_content=J238-076,hold
J238-077,Fante's Kitchen Shop,https://momentum-prospect-radar-next20-2026-08-11.netlify.app/gate/fantes-kitchen-shop/?utm_source=directmail&utm_medium=qr&utm_campaign=jesse-238&utm_content=J238-077,hold
J238-078,Farrell's Roofing,https://momentum-prospect-radar-next20-2026-08-11.netlify.app/gate/farrells-roofing/?utm_source=directmail&utm_medium=qr&utm_campaign=jesse-238&utm_content=J238-078,hold
J238-079,Faulkner Buick GMC,https://momentum-prospect-radar-next20-2026-08-11.netlify.app/gate/faulkner-buick-gmc/?utm_source=directmail&utm_medium=qr&utm_campaign=jesse-238&utm_content=J238-079,hold
J238-080,Ferguson Plumbing & Heating,https://momentum-prospect-radar-next20-2026-08-11.netlify.app/gate/ferguson-plumbing-heating/?utm_source=directmail&utm_medium=qr&utm_campaign=jesse-238&utm_content=J238-080,hold
J238-081,Ferrari Philadelphia,https://momentum-prospect-radar-next20-2026-08-11.netlify.app/gate/ferrari-philadelphia/?utm_source=directmail&utm_medium=qr&utm_campaign=jesse-238&utm_content=J238-081,hold
J238-082,"Field 1 Post, LLC",https://momentum-prospect-radar-next20-2026-08-11.netlify.app/gate/field-1-post-llc/?utm_source=directmail&utm_medium=qr&utm_campaign=jesse-238&utm_content=J238-082,hold
J238-083,Fillman & Sons Floors & More,https://momentum-prospect-radar-next20-2026-08-11.netlify.app/gate/fillman-and-sons-floors/?utm_source=directmail&utm_medium=qr&utm_campaign=jesse-238&utm_content=J238-083,hold
J238-084,Floral and Hardy of Skippack,https://momentum-prospect-radar-next20-2026-08-11.netlify.app/gate/floral-and-hardy/?utm_source=directmail&utm_medium=qr&utm_campaign=jesse-238&utm_content=J238-084,hold
J238-085,Francis Kaufman House,https://momentum-prospect-radar-next20-2026-08-11.netlify.app/gate/francis-kaufman-house/?utm_source=directmail&utm_medium=qr&utm_campaign=jesse-238&utm_content=J238-085,hold
J238-086,Frankford Hall,https://momentum-prospect-radar-next20-2026-08-11.netlify.app/gate/frankford-hall/?utm_source=directmail&utm_medium=qr&utm_campaign=jesse-238&utm_content=J238-086,hold
J238-087,Franklin Fountain,https://momentum-prospect-radar-next20-2026-08-11.netlify.app/gate/franklin-fountain/?utm_source=directmail&utm_medium=qr&utm_campaign=jesse-238&utm_content=J238-087,hold
J238-088,Frazer Antiques,https://momentum-prospect-radar-next20-2026-08-11.netlify.app/gate/frazer-antiques/?utm_source=directmail&utm_medium=qr&utm_campaign=jesse-238&utm_content=J238-088,hold
J238-089,Fredo's Deli,https://momentum-prospect-radar-next20-2026-08-11.netlify.app/gate/fredo-s-deli/?utm_source=directmail&utm_medium=qr&utm_campaign=jesse-238&utm_content=J238-089,hold
J238-090,Gallagher Fabrication & Machine,https://momentum-prospect-radar-next20-2026-08-11.netlify.app/gate/gallagher-fabrication-machine/?utm_source=directmail&utm_medium=qr&utm_campaign=jesse-238&utm_content=J238-090,hold
J238-091,Geno's Steaks,https://momentum-prospect-radar-next20-2026-08-11.netlify.app/gate/genos-steaks/?utm_source=directmail&utm_medium=qr&utm_campaign=jesse-238&utm_content=J238-091,hold
J238-092,Germantown Dental Group,https://momentum-prospect-radar-next20-2026-08-11.netlify.app/gate/germantown-dental-group/?utm_source=directmail&utm_medium=qr&utm_campaign=jesse-238&utm_content=J238-092,hold
J238-093,Glen Eagle Pediatric Dentistry,https://momentum-prospect-radar-next20-2026-08-11.netlify.app/gate/glen-eagle-pediatric-dentistry/?utm_source=directmail&utm_medium=qr&utm_campaign=jesse-238&utm_content=J238-093,hold
J238-094,GO2 Tech,https://momentum-prospect-radar-next20-2026-08-11.netlify.app/gate/go2tech/?utm_source=directmail&utm_medium=qr&utm_campaign=jesse-238&utm_content=J238-094,hold
J238-095,Golden Eagle Jewelers,https://momentum-prospect-radar-next20-2026-08-11.netlify.app/gate/golden-eagle-jewelry/?utm_source=directmail&utm_medium=qr&utm_campaign=jesse-238&utm_content=J238-095,hold
J238-096,Good Dog Bar,https://momentum-prospect-radar-next20-2026-08-11.netlify.app/gate/good-dog-bar/?utm_source=directmail&utm_medium=qr&utm_campaign=jesse-238&utm_content=J238-096,hold
J238-097,Gracies Painting,https://momentum-prospect-radar-next20-2026-08-11.netlify.app/gate/gracies-painting/?utm_source=directmail&utm_medium=qr&utm_campaign=jesse-238&utm_content=J238-097,hold
J238-098,Graham Painting (10/98),https://momentum-prospect-radar-next20-2026-08-11.netlify.app/gate/graham-painting-10-98/?utm_source=directmail&utm_medium=qr&utm_campaign=jesse-238&utm_content=J238-098,hold
J238-099,GREATER PHILADELPHIA CHIROPRACTIC CENTER,https://momentum-prospect-radar-next20-2026-08-11.netlify.app/gate/greater-philadelphia-chiropractic-center/?utm_source=directmail&utm_medium=qr&utm_campaign=jesse-238&utm_content=J238-099,hold
J238-100,Guaranteed Plumbing & Heating,https://momentum-prospect-radar-next20-2026-08-11.netlify.app/gate/guaranteed-plumbing-heating/?utm_source=directmail&utm_medium=qr&utm_campaign=jesse-238&utm_content=J238-100,hold
J238-101,Hal Rosenthaler DMD,https://momentum-prospect-radar-next20-2026-08-11.netlify.app/gate/hal-rosenthaler-dmd/?utm_source=directmail&utm_medium=qr&utm_campaign=jesse-238&utm_content=J238-101,hold
J238-102,Hamburg Animal Hospital,https://momentum-prospect-radar-next20-2026-08-11.netlify.app/gate/hamburg-animal-hospital/?utm_source=directmail&utm_medium=qr&utm_campaign=jesse-238&utm_content=J238-102,hold
J238-103,Harry's Hotdogs,https://momentum-prospect-radar-next20-2026-08-11.netlify.app/gate/harry-s-hotdogs/?utm_source=directmail&utm_medium=qr&utm_campaign=jesse-238&utm_content=J238-103,hold
J238-104,HaverCrown Dental,https://momentum-prospect-radar-next20-2026-08-11.netlify.app/gate/havercrown-dental/?utm_source=directmail&utm_medium=qr&utm_campaign=jesse-238&utm_content=J238-104,hold
J238-105,Heart & Soul Tattoo,https://momentum-prospect-radar-next20-2026-08-11.netlify.app/gate/heart-soul-tattoo/?utm_source=directmail&utm_medium=qr&utm_campaign=jesse-238&utm_content=J238-105,hold
J238-106,Johnny Destructo's Hero Complex,https://momentum-prospect-radar-next20-2026-08-11.netlify.app/gate/hero-complex/?utm_source=directmail&utm_medium=qr&utm_campaign=jesse-238&utm_content=J238-106,hold
J238-107,H&G Sign Company,https://momentum-prospect-radar-next20-2026-08-11.netlify.app/gate/h-g-sign-company/?utm_source=directmail&utm_medium=qr&utm_campaign=jesse-238&utm_content=J238-107,hold
J238-108,Highline Motors Aston,https://momentum-prospect-radar-next20-2026-08-11.netlify.app/gate/highline-motors/?utm_source=directmail&utm_medium=qr&utm_campaign=jesse-238&utm_content=J238-108,hold
J238-109,Holiday Hair Quakertown,https://momentum-prospect-radar-next20-2026-08-11.netlify.app/gate/holiday-hair/?utm_source=directmail&utm_medium=qr&utm_campaign=jesse-238&utm_content=J238-109,hold
J238-110,Home Furnishing Consignment,https://momentum-prospect-radar-next20-2026-08-11.netlify.app/gate/home-furnishings-consignment/?utm_source=directmail&utm_medium=qr&utm_campaign=jesse-238&utm_content=J238-110,hold
J238-111,Integrity Interiors,https://momentum-prospect-radar-next20-2026-08-11.netlify.app/gate/integrity-interiors/?utm_source=directmail&utm_medium=qr&utm_campaign=jesse-238&utm_content=J238-111,hold
J238-112,Isgro Pastries,https://momentum-prospect-radar-next20-2026-08-11.netlify.app/gate/isgro-pastries/?utm_source=directmail&utm_medium=qr&utm_campaign=jesse-238&utm_content=J238-112,hold
J238-113,IVC Wealth Advisors,https://momentum-prospect-radar-next20-2026-08-11.netlify.app/gate/ivc-wealth-advisors/?utm_source=directmail&utm_medium=qr&utm_campaign=jesse-238&utm_content=J238-113,hold
J238-114,James Harper Painting,https://momentum-prospect-radar-next20-2026-08-11.netlify.app/gate/james-harper-painting/?utm_source=directmail&utm_medium=qr&utm_campaign=jesse-238&utm_content=J238-114,hold
J238-115,Jarman Sales & Service,https://momentum-prospect-radar-next20-2026-08-11.netlify.app/gate/jarman-hvac/?utm_source=directmail&utm_medium=qr&utm_campaign=jesse-238&utm_content=J238-115,hold
J238-116,"JDV Electric, LLC",https://momentum-prospect-radar-next20-2026-08-11.netlify.app/gate/jdv-electric-llc/?utm_source=directmail&utm_medium=qr&utm_campaign=jesse-238&utm_content=J238-116,hold
J238-117,Johnny Brenda's,https://momentum-prospect-radar-next20-2026-08-11.netlify.app/gate/johnny-brendas/?utm_source=directmail&utm_medium=qr&utm_campaign=jesse-238&utm_content=J238-117,hold
J238-118,Johnny's Pizza & Pasta,https://momentum-prospect-radar-next20-2026-08-11.netlify.app/gate/johnnys-pizza/?utm_source=directmail&utm_medium=qr&utm_campaign=jesse-238&utm_content=J238-118,hold
J238-119,Johnny's Pizza,https://momentum-prospect-radar-next20-2026-08-11.netlify.app/gate/johnny-s-pizza/?utm_source=directmail&utm_medium=qr&utm_campaign=jesse-238&utm_content=J238-119,hold
J238-120,John's Roast Pork,https://momentum-prospect-radar-next20-2026-08-11.netlify.app/gate/johns-roast-pork/?utm_source=directmail&utm_medium=qr&utm_campaign=jesse-238&utm_content=J238-120,hold
J238-121,"J-Pro Pools, Inc.",https://momentum-prospect-radar-next20-2026-08-11.netlify.app/gate/j-pro-inc/?utm_source=directmail&utm_medium=qr&utm_campaign=jesse-238&utm_content=J238-121,hold
J238-122,Just Tires Media,https://momentum-prospect-radar-next20-2026-08-11.netlify.app/gate/just-tires/?utm_source=directmail&utm_medium=qr&utm_campaign=jesse-238&utm_content=J238-122,hold
J238-123,K.A.M. Sheet Metal & Fab,https://momentum-prospect-radar-next20-2026-08-11.netlify.app/gate/k-a-m-sheet-metal-fab/?utm_source=directmail&utm_medium=qr&utm_campaign=jesse-238&utm_content=J238-123,hold
J238-124,Katana Pittsburgh,https://momentum-prospect-radar-next20-2026-08-11.netlify.app/gate/katana/?utm_source=directmail&utm_medium=qr&utm_campaign=jesse-238&utm_content=J238-124,hold
J238-125,Kehan's Auto Service,https://momentum-prospect-radar-next20-2026-08-11.netlify.app/gate/kehans-auto-service/?utm_source=directmail&utm_medium=qr&utm_campaign=jesse-238&utm_content=J238-125,hold
J238-126,Kinetic Physical Therapy,https://momentum-prospect-radar-next20-2026-08-11.netlify.app/gate/kinetic-physical-therapy/?utm_source=directmail&utm_medium=qr&utm_campaign=jesse-238&utm_content=J238-126,hold
J238-127,"La Colombe Coffee Roasters, Rittenhouse Square",https://momentum-prospect-radar-next20-2026-08-11.netlify.app/gate/la-colombe-rittenhouse/?utm_source=directmail&utm_medium=qr&utm_campaign=jesse-238&utm_content=J238-127,hold
J238-128,Lawrence Kassan Podiatry,https://momentum-prospect-radar-next20-2026-08-11.netlify.app/gate/lawrence-kassan-podiatry/?utm_source=directmail&utm_medium=qr&utm_campaign=jesse-238&utm_content=J238-128,hold
J238-129,Lee's Hoagie House of Horsham,https://momentum-prospect-radar-next20-2026-08-11.netlify.app/gate/lees-hoagie-house/?utm_source=directmail&utm_medium=qr&utm_campaign=jesse-238&utm_content=J238-129,hold
J238-130,Legacy Jewelers,https://momentum-prospect-radar-next20-2026-08-11.netlify.app/gate/legacy-jewelers/?utm_source=directmail&utm_medium=qr&utm_campaign=jesse-238&utm_content=J238-130,hold
J238-131,Live Urgent Care King of Prussia,https://momentum-prospect-radar-next20-2026-08-11.netlify.app/gate/live-urgent-care/?utm_source=directmail&utm_medium=qr&utm_campaign=jesse-238&utm_content=J238-131,hold
J238-132,Apollo Wealth Advisors,https://momentum-prospect-radar-next20-2026-08-11.netlify.app/gate/lpl-financial/?utm_source=directmail&utm_medium=qr&utm_campaign=jesse-238&utm_content=J238-132,hold
J238-133,Lynch Plumbing & Heating,https://momentum-prospect-radar-next20-2026-08-11.netlify.app/gate/lynch-plumbing-heating/?utm_source=directmail&utm_medium=qr&utm_campaign=jesse-238&utm_content=J238-133,hold
J238-134,MacLaren Kitchen and Bath,https://momentum-prospect-radar-next20-2026-08-11.netlify.app/gate/maclaren-kitchen-and-bath/?utm_source=directmail&utm_medium=qr&utm_campaign=jesse-238&utm_content=J238-134,hold
J238-135,Philadelphia's Magic Gardens,https://momentum-prospect-radar-next20-2026-08-11.netlify.app/gate/magic-gardens/?utm_source=directmail&utm_medium=qr&utm_campaign=jesse-238&utm_content=J238-135,hold
J238-136,Main Line Veterinary Hospital,https://momentum-prospect-radar-next20-2026-08-11.netlify.app/gate/main-line-veterinary-hospital/?utm_source=directmail&utm_medium=qr&utm_campaign=jesse-238&utm_content=J238-136,hold
J238-137,Malvern Vision Care,https://momentum-prospect-radar-next20-2026-08-11.netlify.app/gate/malvern-vision-care/?utm_source=directmail&utm_medium=qr&utm_campaign=jesse-238&utm_content=J238-137,hold
J238-138,Manatawny Still Works,https://momentum-prospect-radar-next20-2026-08-11.netlify.app/gate/manatawny-still-works/?utm_source=directmail&utm_medium=qr&utm_campaign=jesse-238&utm_content=J238-138,hold
J238-139,Manayunk Plumbing & Heating,https://momentum-prospect-radar-next20-2026-08-11.netlify.app/gate/manayunk-plumbing-heating/?utm_source=directmail&utm_medium=qr&utm_campaign=jesse-238&utm_content=J238-139,hold
J238-140,Martha's Sophisticated Shine,https://momentum-prospect-radar-next20-2026-08-11.netlify.app/gate/marthas-sophisticated-shine/?utm_source=directmail&utm_medium=qr&utm_campaign=jesse-238&utm_content=J238-140,hold
J238-141,"Mary Cleary Drywall & Carpentry, LLC",https://momentum-prospect-radar-next20-2026-08-11.netlify.app/gate/mary-cleary-drywall-carpentry-llc/?utm_source=directmail&utm_medium=qr&utm_campaign=jesse-238&utm_content=J238-141,hold
J238-142,Mayfair Family Chiropractic Center,https://momentum-prospect-radar-next20-2026-08-11.netlify.app/gate/mayfair-family-chiropractic/?utm_source=directmail&utm_medium=qr&utm_campaign=jesse-238&utm_content=J238-142,hold
J238-143,Mayfair Fence,https://momentum-prospect-radar-next20-2026-08-11.netlify.app/gate/mayfair-fence/?utm_source=directmail&utm_medium=qr&utm_campaign=jesse-238&utm_content=J238-143,hold
J238-144,McMenamin & Margiotti,https://momentum-prospect-radar-next20-2026-08-11.netlify.app/gate/mcmenamin-margiotti/?utm_source=directmail&utm_medium=qr&utm_campaign=jesse-238&utm_content=J238-144,hold
J238-145,Metalmorphose Ironworks,https://momentum-prospect-radar-next20-2026-08-11.netlify.app/gate/metalmorphose-iron-studio/?utm_source=directmail&utm_medium=qr&utm_campaign=jesse-238&utm_content=J238-145,hold
J238-146,Metro Physical Medicine,https://momentum-prospect-radar-next20-2026-08-11.netlify.app/gate/metro-physical-medicine/?utm_source=directmail&utm_medium=qr&utm_campaign=jesse-238&utm_content=J238-146,hold
J238-147,Ming's Chinese Restaurant,https://momentum-prospect-radar-next20-2026-08-11.netlify.app/gate/ming-s-chinese/?utm_source=directmail&utm_medium=qr&utm_campaign=jesse-238&utm_content=J238-147,hold
J238-148,"Mitchell Painting, LLC",https://momentum-prospect-radar-next20-2026-08-11.netlify.app/gate/mitchell-painting-llc/?utm_source=directmail&utm_medium=qr&utm_campaign=jesse-238&utm_content=J238-148,hold
J238-149,"MOM's Organic Market, Center City",https://momentum-prospect-radar-next20-2026-08-11.netlify.app/gate/moms-organic-market/?utm_source=directmail&utm_medium=qr&utm_campaign=jesse-238&utm_content=J238-149,hold
J238-150,Morris Arboretum & Gardens,https://momentum-prospect-radar-next20-2026-08-11.netlify.app/gate/morris-arboretum/?utm_source=directmail&utm_medium=qr&utm_campaign=jesse-238&utm_content=J238-150,hold
J238-151,Morton Electric Pool & Spa,https://momentum-prospect-radar-next20-2026-08-11.netlify.app/gate/morton-electric-pool-spa/?utm_source=directmail&utm_medium=qr&utm_campaign=jesse-238&utm_content=J238-151,hold
J238-152,Moss Contracting,https://momentum-prospect-radar-next20-2026-08-11.netlify.app/gate/moss-contracting/?utm_source=directmail&utm_medium=qr&utm_campaign=jesse-238&utm_content=J238-152,hold
J238-153,Narberth Pizza and Steaks,https://momentum-prospect-radar-next20-2026-08-11.netlify.app/gate/narberth-pizza/?utm_source=directmail&utm_medium=qr&utm_campaign=jesse-238&utm_content=J238-153,hold
J238-154,The New Pennsburg Diner,https://momentum-prospect-radar-next20-2026-08-11.netlify.app/gate/new-pennsburg-diner/?utm_source=directmail&utm_medium=qr&utm_campaign=jesse-238&utm_content=J238-154,hold
J238-155,Nicky's Thai Kitchen Downtown,https://momentum-prospect-radar-next20-2026-08-11.netlify.app/gate/nicky-s-thai-kitchen/?utm_source=directmail&utm_medium=qr&utm_campaign=jesse-238&utm_content=J238-155,hold
J238-156,Northeast Family Foot Care,https://momentum-prospect-radar-next20-2026-08-11.netlify.app/gate/northeast-family-foot-care/?utm_source=directmail&utm_medium=qr&utm_campaign=jesse-238&utm_content=J238-156,hold
J238-157,Nottingham Creamery,https://momentum-prospect-radar-next20-2026-08-11.netlify.app/gate/nottingham-creamery/?utm_source=directmail&utm_medium=qr&utm_campaign=jesse-238&utm_content=J238-157,hold
J238-158,NovaCare Rehabilitation Conshohocken,https://momentum-prospect-radar-next20-2026-08-11.netlify.app/gate/novacare/?utm_source=directmail&utm_medium=qr&utm_campaign=jesse-238&utm_content=J238-158,hold
J238-159,Oaks Italian Deli And Pizzeria,https://momentum-prospect-radar-next20-2026-08-11.netlify.app/gate/oaks-italian-deli/?utm_source=directmail&utm_medium=qr&utm_campaign=jesse-238&utm_content=J238-159,hold
J238-160,"O'Donnell, Weiss & Mattei, P.C.",https://momentum-prospect-radar-next20-2026-08-11.netlify.app/gate/o-donnell-weiss-mattei-p-c/?utm_source=directmail&utm_medium=qr&utm_campaign=jesse-238&utm_content=J238-160,hold
J238-161,Ooka Hibachi and Sushi,https://momentum-prospect-radar-next20-2026-08-11.netlify.app/gate/ooka-hibachi-and-sushi/?utm_source=directmail&utm_medium=qr&utm_campaign=jesse-238&utm_content=J238-161,hold
J238-162,OpenArc,https://momentum-prospect-radar-next20-2026-08-11.netlify.app/gate/openarc/?utm_source=directmail&utm_medium=qr&utm_campaign=jesse-238&utm_content=J238-162,hold
J238-163,OSS Health,https://momentum-prospect-radar-next20-2026-08-11.netlify.app/gate/oss-health/?utm_source=directmail&utm_medium=qr&utm_campaign=jesse-238&utm_content=J238-163,hold
J238-164,Frederick W. Oster Fine Violins,https://momentum-prospect-radar-next20-2026-08-11.netlify.app/gate/oster-fine-violins/?utm_source=directmail&utm_medium=qr&utm_campaign=jesse-238&utm_content=J238-164,hold
J238-165,Oxford Rehabilitation Center,https://momentum-prospect-radar-next20-2026-08-11.netlify.app/gate/oxford-rehabilitation-center/?utm_source=directmail&utm_medium=qr&utm_campaign=jesse-238&utm_content=J238-165,hold
J238-166,"Patriot Fence & Ironworks, LLC.",https://momentum-prospect-radar-next20-2026-08-11.netlify.app/gate/patriot-fence-and-ironworks/?utm_source=directmail&utm_medium=qr&utm_campaign=jesse-238&utm_content=J238-166,hold
J238-167,Pat's King of Steaks,https://momentum-prospect-radar-next20-2026-08-11.netlify.app/gate/pats-king-steaks/?utm_source=directmail&utm_medium=qr&utm_campaign=jesse-238&utm_content=J238-167,hold
J238-168,Peking Gourmet,https://momentum-prospect-radar-next20-2026-08-11.netlify.app/gate/peking-gourmet/?utm_source=directmail&utm_medium=qr&utm_campaign=jesse-238&utm_content=J238-168,hold
J238-169,Pennsylvania Dental Group,https://momentum-prospect-radar-next20-2026-08-11.netlify.app/gate/pennsylvania-dental-group/?utm_source=directmail&utm_medium=qr&utm_campaign=jesse-238&utm_content=J238-169,hold
J238-170,Philadelphia Auto Accident Injury Attorney,https://momentum-prospect-radar-next20-2026-08-11.netlify.app/gate/philadelphia-auto-accident-injury-attorney/?utm_source=directmail&utm_medium=qr&utm_campaign=jesse-238&utm_content=J238-170,hold
J238-171,Philadelphia Garage,https://momentum-prospect-radar-next20-2026-08-11.netlify.app/gate/philadelphia-garage/?utm_source=directmail&utm_medium=qr&utm_campaign=jesse-238&utm_content=J238-171,hold
J238-172,Philadelphia Record Exchange,https://momentum-prospect-radar-next20-2026-08-11.netlify.app/gate/philadelphia-record-exchange/?utm_source=directmail&utm_medium=qr&utm_campaign=jesse-238&utm_content=J238-172,hold
J238-173,Philly Medical and Rehab Associates,https://momentum-prospect-radar-next20-2026-08-11.netlify.app/gate/philly-medical-and-rehab-associates/?utm_source=directmail&utm_medium=qr&utm_campaign=jesse-238&utm_content=J238-173,hold
J238-174,Pipe Xpress,https://momentum-prospect-radar-next20-2026-08-11.netlify.app/gate/pipe-xpress/?utm_source=directmail&utm_medium=qr&utm_campaign=jesse-238&utm_content=J238-174,hold
J238-175,Pizza Peddler,https://momentum-prospect-radar-next20-2026-08-11.netlify.app/gate/pizza-peddler/?utm_source=directmail&utm_medium=qr&utm_campaign=jesse-238&utm_content=J238-175,hold
J238-176,PK2 Construction,https://momentum-prospect-radar-next20-2026-08-11.netlify.app/gate/pk2-construction/?utm_source=directmail&utm_medium=qr&utm_campaign=jesse-238&utm_content=J238-176,hold
J238-177,Plastic & Reconstructive Surgical Solutions,https://momentum-prospect-radar-next20-2026-08-11.netlify.app/gate/plastic-surgery-solutions/?utm_source=directmail&utm_medium=qr&utm_campaign=jesse-238&utm_content=J238-177,hold
J238-178,"Prime Interiors, LLC",https://momentum-prospect-radar-next20-2026-08-11.netlify.app/gate/prime-interiors-llc/?utm_source=directmail&utm_medium=qr&utm_campaign=jesse-238&utm_content=J238-178,hold
J238-179,Pro Nails,https://momentum-prospect-radar-next20-2026-08-11.netlify.app/gate/pro-nails/?utm_source=directmail&utm_medium=qr&utm_campaign=jesse-238&utm_content=J238-179,hold
J238-180,PT in Philly,https://momentum-prospect-radar-next20-2026-08-11.netlify.app/gate/pt-in-philly/?utm_source=directmail&utm_medium=qr&utm_campaign=jesse-238&utm_content=J238-180,hold
J238-181,Radiance Dental,https://momentum-prospect-radar-next20-2026-08-11.netlify.app/gate/radiance-dental/?utm_source=directmail&utm_medium=qr&utm_campaign=jesse-238&utm_content=J238-181,hold
J238-182,Rally House Collegeville,https://momentum-prospect-radar-next20-2026-08-11.netlify.app/gate/rally-house-collegeville/?utm_source=directmail&utm_medium=qr&utm_campaign=jesse-238&utm_content=J238-182,hold
J238-183,Reading Terminal Market,https://momentum-prospect-radar-next20-2026-08-11.netlify.app/gate/reading-terminal/?utm_source=directmail&utm_medium=qr&utm_campaign=jesse-238&utm_content=J238-183,hold
J238-184,ReAnimator Coffee,https://momentum-prospect-radar-next20-2026-08-11.netlify.app/gate/reanimator-coffee/?utm_source=directmail&utm_medium=qr&utm_campaign=jesse-238&utm_content=J238-184,hold
J238-185,Reardon Dental Exton,https://momentum-prospect-radar-next20-2026-08-11.netlify.app/gate/reardon-dental/?utm_source=directmail&utm_medium=qr&utm_campaign=jesse-238&utm_content=J238-185,hold
J238-186,Red Hill Greenhouses & Florist,https://momentum-prospect-radar-next20-2026-08-11.netlify.app/gate/red-hill-greenhouses-florist/?utm_source=directmail&utm_medium=qr&utm_campaign=jesse-238&utm_content=J238-186,hold
J238-187,RHI Construction Inc.,https://momentum-prospect-radar-next20-2026-08-11.netlify.app/gate/rhi-construction/?utm_source=directmail&utm_medium=qr&utm_campaign=jesse-238&utm_content=J238-187,hold
J238-188,Riley Rodzianko & Clymer LLP,https://momentum-prospect-radar-next20-2026-08-11.netlify.app/gate/riley-rodzianko-and-clymer-llp/?utm_source=directmail&utm_medium=qr&utm_campaign=jesse-238&utm_content=J238-188,hold
J238-189,Rittenhouse Square Chiro,https://momentum-prospect-radar-next20-2026-08-11.netlify.app/gate/rittenhouse-square-chiropractic/?utm_source=directmail&utm_medium=qr&utm_campaign=jesse-238&utm_content=J238-189,hold
J238-190,Robert J. Spence Plumbing and Heating,https://momentum-prospect-radar-next20-2026-08-11.netlify.app/gate/robert-j-spence-plumbing-and-heating/?utm_source=directmail&utm_medium=qr&utm_campaign=jesse-238&utm_content=J238-190,hold
J238-191,Rocco's Brick Oven Pizzeria,https://momentum-prospect-radar-next20-2026-08-11.netlify.app/gate/rocco-s-brick-oven-pizzeria/?utm_source=directmail&utm_medium=qr&utm_campaign=jesse-238&utm_content=J238-191,hold
J238-192,Rufus Chiropractic and Wellness,https://momentum-prospect-radar-next20-2026-08-11.netlify.app/gate/rufus-chiropractic-and-wellness/?utm_source=directmail&utm_medium=qr&utm_campaign=jesse-238&utm_content=J238-192,hold
J238-193,Salter's Fireplace,https://momentum-prospect-radar-next20-2026-08-11.netlify.app/gate/salters-fireplace/?utm_source=directmail&utm_medium=qr&utm_campaign=jesse-238&utm_content=J238-193,hold
J238-194,Sciacca Service Center,https://momentum-prospect-radar-next20-2026-08-11.netlify.app/gate/sciacca-service-center/?utm_source=directmail&utm_medium=qr&utm_campaign=jesse-238&utm_content=J238-194,hold
J238-195,Scott Lot,https://momentum-prospect-radar-next20-2026-08-11.netlify.app/gate/scott-lot/?utm_source=directmail&utm_medium=qr&utm_campaign=jesse-238&utm_content=J238-195,hold
J238-196,SCRC Accident & Injury Center,https://momentum-prospect-radar-next20-2026-08-11.netlify.app/gate/scrc-accident-and-injury-center/?utm_source=directmail&utm_medium=qr&utm_campaign=jesse-238&utm_content=J238-196,hold
J238-197,Seiler & Drury,https://momentum-prospect-radar-next20-2026-08-11.netlify.app/gate/seiler-drury/?utm_source=directmail&utm_medium=qr&utm_campaign=jesse-238&utm_content=J238-197,hold
J238-198,Sesame Inn,https://momentum-prospect-radar-next20-2026-08-11.netlify.app/gate/sesame-inn/?utm_source=directmail&utm_medium=qr&utm_campaign=jesse-238&utm_content=J238-198,hold
J238-199,Sharp Edge Construction Company,https://momentum-prospect-radar-next20-2026-08-11.netlify.app/gate/sharp-edge-construction-company/?utm_source=directmail&utm_medium=qr&utm_campaign=jesse-238&utm_content=J238-199,hold
J238-200,Shooster Development,https://momentum-prospect-radar-next20-2026-08-11.netlify.app/gate/shooster-development/?utm_source=directmail&utm_medium=qr&utm_campaign=jesse-238&utm_content=J238-200,hold
J238-201,"Sioutis Coatings Ent., Inc.",https://momentum-prospect-radar-next20-2026-08-11.netlify.app/gate/sioutis-coatings-ent-inc/?utm_source=directmail&utm_medium=qr&utm_campaign=jesse-238&utm_content=J238-201,hold
J238-202,Snyder Online Marketing,https://momentum-prospect-radar-next20-2026-08-11.netlify.app/gate/snyder-online-marketing/?utm_source=directmail&utm_medium=qr&utm_campaign=jesse-238&utm_content=J238-202,hold
J238-203,"Solution Based Plumbing and Heating, Inc.",https://momentum-prospect-radar-next20-2026-08-11.netlify.app/gate/solution-based-plumbing-and-heating-inc/?utm_source=directmail&utm_medium=qr&utm_campaign=jesse-238&utm_content=J238-203,hold
J238-204,Southampton Hot Tub,https://momentum-prospect-radar-next20-2026-08-11.netlify.app/gate/southampton-hot-tub/?utm_source=directmail&utm_medium=qr&utm_campaign=jesse-238&utm_content=J238-204,hold
J238-205,Square 1682,https://momentum-prospect-radar-next20-2026-08-11.netlify.app/gate/square-1682/?utm_source=directmail&utm_medium=qr&utm_campaign=jesse-238&utm_content=J238-205,hold
J238-206,Standard Tap,https://momentum-prospect-radar-next20-2026-08-11.netlify.app/gate/standard-tap/?utm_source=directmail&utm_medium=qr&utm_campaign=jesse-238&utm_content=J238-206,hold
J238-207,Strickland Electric,https://momentum-prospect-radar-next20-2026-08-11.netlify.app/gate/strickland-electric/?utm_source=directmail&utm_medium=qr&utm_campaign=jesse-238&utm_content=J238-207,hold
J238-208,Summers Quality Services,https://momentum-prospect-radar-next20-2026-08-11.netlify.app/gate/summers-quality-services/?utm_source=directmail&utm_medium=qr&utm_campaign=jesse-238&utm_content=J238-208,hold
J238-209,Suraya,https://momentum-prospect-radar-next20-2026-08-11.netlify.app/gate/suraya/?utm_source=directmail&utm_medium=qr&utm_campaign=jesse-238&utm_content=J238-209,hold
J238-210,Tanglewood PTG. Corp.,https://momentum-prospect-radar-next20-2026-08-11.netlify.app/gate/tanglewood-ptg-corp/?utm_source=directmail&utm_medium=qr&utm_campaign=jesse-238&utm_content=J238-210,hold
J238-211,Termini Brothers Bakery,https://momentum-prospect-radar-next20-2026-08-11.netlify.app/gate/termini-bros/?utm_source=directmail&utm_medium=qr&utm_campaign=jesse-238&utm_content=J238-211,hold
J238-212,The Edge Fitness Clubs Media,https://momentum-prospect-radar-next20-2026-08-11.netlify.app/gate/the-edge-fitness-clubs/?utm_source=directmail&utm_medium=qr&utm_campaign=jesse-238&utm_content=J238-212,hold
J238-213,Theory Outlet at Philadelphia Premium Outlets,https://momentum-prospect-radar-next20-2026-08-11.netlify.app/gate/theory/?utm_source=directmail&utm_medium=qr&utm_campaign=jesse-238&utm_content=J238-213,hold
J238-214,The Restaurant Store Plymouth Meeting,https://momentum-prospect-radar-next20-2026-08-11.netlify.app/gate/the-restaurant-store/?utm_source=directmail&utm_medium=qr&utm_campaign=jesse-238&utm_content=J238-214,hold
J238-215,THR Insurance,https://momentum-prospect-radar-next20-2026-08-11.netlify.app/gate/thr-insurance/?utm_source=directmail&utm_medium=qr&utm_campaign=jesse-238&utm_content=J238-215,hold
J238-216,THR Insurance Agency,https://momentum-prospect-radar-next20-2026-08-11.netlify.app/gate/thr-insurance-agency/?utm_source=directmail&utm_medium=qr&utm_campaign=jesse-238&utm_content=J238-216,hold
J238-217,TM Prestige Home Cash Buyer,https://momentum-prospect-radar-next20-2026-08-11.netlify.app/gate/tm-prestige-home-cash-buyer/?utm_source=directmail&utm_medium=qr&utm_campaign=jesse-238&utm_content=J238-217,hold
J238-218,Towne Book Center & Wine Bar,https://momentum-prospect-radar-next20-2026-08-11.netlify.app/gate/towne-book-center-wine-bar/?utm_source=directmail&utm_medium=qr&utm_campaign=jesse-238&utm_content=J238-218,hold
J238-219,Train and Nourish,https://momentum-prospect-radar-next20-2026-08-11.netlify.app/gate/train-and-nourish/?utm_source=directmail&utm_medium=qr&utm_campaign=jesse-238&utm_content=J238-219,hold
J238-220,Trend Auto Trader,https://momentum-prospect-radar-next20-2026-08-11.netlify.app/gate/trend-auto-trader/?utm_source=directmail&utm_medium=qr&utm_campaign=jesse-238&utm_content=J238-220,hold
J238-221,Trend Painting,https://momentum-prospect-radar-next20-2026-08-11.netlify.app/gate/trend-painting/?utm_source=directmail&utm_medium=qr&utm_campaign=jesse-238&utm_content=J238-221,hold
J238-222,Udis & Conn Orthodontics,https://momentum-prospect-radar-next20-2026-08-11.netlify.app/gate/udis-conn-orthodontics/?utm_source=directmail&utm_medium=qr&utm_campaign=jesse-238&utm_content=J238-222,hold
J238-223,United Metal Construction LLC,https://momentum-prospect-radar-next20-2026-08-11.netlify.app/gate/united-metal-construction-llc/?utm_source=directmail&utm_medium=qr&utm_campaign=jesse-238&utm_content=J238-223,hold
J238-224,UNO Pizzeria & Grill Oaks,https://momentum-prospect-radar-next20-2026-08-11.netlify.app/gate/uno-chicago-style-pizza/?utm_source=directmail&utm_medium=qr&utm_campaign=jesse-238&utm_content=J238-224,hold
J238-225,UrgentVet Pottstown,https://momentum-prospect-radar-next20-2026-08-11.netlify.app/gate/urgentvet-pottstown/?utm_source=directmail&utm_medium=qr&utm_campaign=jesse-238&utm_content=J238-225,hold
J238-226,L. A. Verruni Landscaping,https://momentum-prospect-radar-next20-2026-08-11.netlify.app/gate/verruni-landscaping/?utm_source=directmail&utm_medium=qr&utm_campaign=jesse-238&utm_content=J238-226,hold
J238-227,Victor Cafe,https://momentum-prospect-radar-next20-2026-08-11.netlify.app/gate/victor-cafe/?utm_source=directmail&utm_medium=qr&utm_campaign=jesse-238&utm_content=J238-227,hold
J238-228,"Waste Gas Fabricating Company, Inc.",https://momentum-prospect-radar-next20-2026-08-11.netlify.app/gate/waste-gas-fabricating-company-inc/?utm_source=directmail&utm_medium=qr&utm_campaign=jesse-238&utm_content=J238-228,hold
J238-229,Welcome Dental,https://momentum-prospect-radar-next20-2026-08-11.netlify.app/gate/welcome-dental/?utm_source=directmail&utm_medium=qr&utm_campaign=jesse-238&utm_content=J238-229,hold
J238-230,Whitelands Animal Hospital,https://momentum-prospect-radar-next20-2026-08-11.netlify.app/gate/whitelands-animal-hospital/?utm_source=directmail&utm_medium=qr&utm_campaign=jesse-238&utm_content=J238-230,hold
J238-231,Wholly Grounds Coffeehouse,https://momentum-prospect-radar-next20-2026-08-11.netlify.app/gate/wholly-grounds/?utm_source=directmail&utm_medium=qr&utm_campaign=jesse-238&utm_content=J238-231,hold
J238-232,"Wilson's Forklift Service, LLC",https://momentum-prospect-radar-next20-2026-08-11.netlify.app/gate/wilson-s-forklift-service-llc/?utm_source=directmail&utm_medium=qr&utm_campaign=jesse-238&utm_content=J238-232,hold
J238-233,WJA Landscaping,https://momentum-prospect-radar-next20-2026-08-11.netlify.app/gate/wja-landscaping/?utm_source=directmail&utm_medium=qr&utm_campaign=jesse-238&utm_content=J238-233,hold
J238-234,Wynnewood Eye Care,https://momentum-prospect-radar-next20-2026-08-11.netlify.app/gate/wynnewood-eyecare/?utm_source=directmail&utm_medium=qr&utm_campaign=jesse-238&utm_content=J238-234,hold
J238-235,Young's Electrical Services Inc.,https://momentum-prospect-radar-next20-2026-08-11.netlify.app/gate/young-s-electrical-services-inc/?utm_source=directmail&utm_medium=qr&utm_campaign=jesse-238&utm_content=J238-235,hold
J238-236,Zahav,https://momentum-prospect-radar-next20-2026-08-11.netlify.app/gate/zahav/?utm_source=directmail&utm_medium=qr&utm_campaign=jesse-238&utm_content=J238-236,hold
J238-237,ZBC General Contracting,https://momentum-prospect-radar-next20-2026-08-11.netlify.app/gate/zbc-general-contracting/?utm_source=directmail&utm_medium=qr&utm_campaign=jesse-238&utm_content=J238-237,hold
J238-238,Zuber Realty,https://momentum-prospect-radar-next20-2026-08-11.netlify.app/gate/zuber-realty/?utm_source=directmail&utm_medium=qr&utm_campaign=jesse-238&utm_content=J238-238,hold
