Platform,Campaign,Ad_Set,Name,Number,Email,Business,Website_other,prospect_id,qr_target_url,qa_ready,mail_ready,address,notes
Direct Mail,jesse-238,Medical & Healthcare,,,,Academy Chiropractic Center,https://momentum-prospect-radar-next20-2026-08-11.netlify.app/sites/academy-chiropractic-center/,J238-001,https://momentum-prospect-radar-next20-2026-08-11.netlify.app/gate/academy-chiropractic-center/?utm_source=directmail&utm_medium=qr&utm_campaign=jesse-238&utm_content=J238-001,ready,hold,,phones/emails stay in the Google Sheet; this repo is public
Direct Mail,jesse-238,Medical & Healthcare,,,,Acupuncture Medical Practice,https://momentum-prospect-radar-next20-2026-08-11.netlify.app/sites/acupuncture-medical-practice/,J238-002,https://momentum-prospect-radar-next20-2026-08-11.netlify.app/gate/acupuncture-medical-practice/?utm_source=directmail&utm_medium=qr&utm_campaign=jesse-238&utm_content=J238-002,ready,hold,,phones/emails stay in the Google Sheet; this repo is public
Direct Mail,jesse-238,Plumbing / sewer,,,,"Advanced Commercial Interior, Inc.",https://momentum-prospect-radar-next20-2026-08-11.netlify.app/sites/advanced-commercial-interior-inc/,J238-003,https://momentum-prospect-radar-next20-2026-08-11.netlify.app/gate/advanced-commercial-interior-inc/?utm_source=directmail&utm_medium=qr&utm_campaign=jesse-238&utm_content=J238-003,ready,hold,,phones/emails stay in the Google Sheet; this repo is public
Direct Mail,jesse-238,Business,,,,Agnes Edmunds Bridal & Formals,https://momentum-prospect-radar-next20-2026-08-11.netlify.app/sites/agnes-edmunds-bridal-formals/,J238-004,https://momentum-prospect-radar-next20-2026-08-11.netlify.app/gate/agnes-edmunds-bridal-formals/?utm_source=directmail&utm_medium=qr&utm_campaign=jesse-238&utm_content=J238-004,ready,hold,,phones/emails stay in the Google Sheet; this repo is public
Direct Mail,jesse-238,Electrical,,,,All Phase Electric Co.,https://momentum-prospect-radar-next20-2026-08-11.netlify.app/sites/all-phase-electric-co/,J238-005,https://momentum-prospect-radar-next20-2026-08-11.netlify.app/gate/all-phase-electric-co/?utm_source=directmail&utm_medium=qr&utm_campaign=jesse-238&utm_content=J238-005,ready,hold,,phones/emails stay in the Google Sheet; this repo is public
Direct Mail,jesse-238,Business,,,,Al Tacos Locos,https://momentum-prospect-radar-next20-2026-08-11.netlify.app/sites/al-tacos-locos/,J238-006,https://momentum-prospect-radar-next20-2026-08-11.netlify.app/gate/al-tacos-locos/?utm_source=directmail&utm_medium=qr&utm_campaign=jesse-238&utm_content=J238-006,ready,hold,,phones/emails stay in the Google Sheet; this repo is public
Direct Mail,jesse-238,Business,,,,Always Dental Care,https://momentum-prospect-radar-next20-2026-08-11.netlify.app/sites/always-dental-care/,J238-007,https://momentum-prospect-radar-next20-2026-08-11.netlify.app/gate/always-dental-care/?utm_source=directmail&utm_medium=qr&utm_campaign=jesse-238&utm_content=J238-007,ready,hold,,phones/emails stay in the Google Sheet; this repo is public
Direct Mail,jesse-238,Electrical,,,,"A.M. Electric, Inc.",https://momentum-prospect-radar-next20-2026-08-11.netlify.app/sites/a-m-electric-inc/,J238-008,https://momentum-prospect-radar-next20-2026-08-11.netlify.app/gate/a-m-electric-inc/?utm_source=directmail&utm_medium=qr&utm_campaign=jesse-238&utm_content=J238-008,ready,hold,,phones/emails stay in the Google Sheet; this repo is public
Direct Mail,jesse-238,Business,,,,Andorra Family Dentistry,https://momentum-prospect-radar-next20-2026-08-11.netlify.app/sites/andorra-family-dentistry/,J238-009,https://momentum-prospect-radar-next20-2026-08-11.netlify.app/gate/andorra-family-dentistry/?utm_source=directmail&utm_medium=qr&utm_campaign=jesse-238&utm_content=J238-009,ready,hold,,phones/emails stay in the Google Sheet; this repo is public
Direct Mail,jesse-238,Business,,,,Anthony Gueriera Jr. Insurance Agency LLC,https://momentum-prospect-radar-next20-2026-08-11.netlify.app/sites/anthony-gueriera-insurance/,J238-010,https://momentum-prospect-radar-next20-2026-08-11.netlify.app/gate/anthony-gueriera-insurance/?utm_source=directmail&utm_medium=qr&utm_campaign=jesse-238&utm_content=J238-010,ready,hold,,phones/emails stay in the Google Sheet; this repo is public
Direct Mail,jesse-238,Plumbing / sewer,,,,Anton's Plumbing & Heating Inc.,https://momentum-prospect-radar-next20-2026-08-11.netlify.app/sites/anton-s-plumbing-heating-inc/,J238-011,https://momentum-prospect-radar-next20-2026-08-11.netlify.app/gate/anton-s-plumbing-heating-inc/?utm_source=directmail&utm_medium=qr&utm_campaign=jesse-238&utm_content=J238-011,ready,hold,,phones/emails stay in the Google Sheet; this repo is public
Direct Mail,jesse-238,Painting / drywall,,,,"A POSITIVE RESPONSE PLUMBING, LLC.",https://momentum-prospect-radar-next20-2026-08-11.netlify.app/sites/a-positive-response-plumbing-llc/,J238-012,https://momentum-prospect-radar-next20-2026-08-11.netlify.app/gate/a-positive-response-plumbing-llc/?utm_source=directmail&utm_medium=qr&utm_campaign=jesse-238&utm_content=J238-012,ready,hold,,phones/emails stay in the Google Sheet; this repo is public
Direct Mail,jesse-238,Business,,,,APR Supply Company,https://momentum-prospect-radar-next20-2026-08-11.netlify.app/sites/apr-supply-company/,J238-013,https://momentum-prospect-radar-next20-2026-08-11.netlify.app/gate/apr-supply-company/?utm_source=directmail&utm_medium=qr&utm_campaign=jesse-238&utm_content=J238-013,ready,hold,,phones/emails stay in the Google Sheet; this repo is public
Direct Mail,jesse-238,HVAC,,,,APT Heating and Cooling,https://momentum-prospect-radar-next20-2026-08-11.netlify.app/sites/apt-heating-and-cooling/,J238-014,https://momentum-prospect-radar-next20-2026-08-11.netlify.app/gate/apt-heating-and-cooling/?utm_source=directmail&utm_medium=qr&utm_campaign=jesse-238&utm_content=J238-014,ready,hold,,phones/emails stay in the Google Sheet; this repo is public
Direct Mail,jesse-238,Business,,,,Art City Vets & Urgent Care,https://momentum-prospect-radar-next20-2026-08-11.netlify.app/sites/art-city-vets/,J238-015,https://momentum-prospect-radar-next20-2026-08-11.netlify.app/gate/art-city-vets/?utm_source=directmail&utm_medium=qr&utm_campaign=jesse-238&utm_content=J238-015,ready,hold,,phones/emails stay in the Google Sheet; this repo is public
Direct Mail,jesse-238,Business,,,,Artisan Wine and Cheese Cellars,https://momentum-prospect-radar-next20-2026-08-11.netlify.app/sites/artisan-wine-and-cheese-cellars/,J238-016,https://momentum-prospect-radar-next20-2026-08-11.netlify.app/gate/artisan-wine-and-cheese-cellars/?utm_source=directmail&utm_medium=qr&utm_campaign=jesse-238&utm_content=J238-016,ready,hold,,phones/emails stay in the Google Sheet; this repo is public
Direct Mail,jesse-238,Business,,,,Auger Manufacturing Specialists,https://momentum-prospect-radar-next20-2026-08-11.netlify.app/sites/auger-manufacturing/,J238-017,https://momentum-prospect-radar-next20-2026-08-11.netlify.app/gate/auger-manufacturing/?utm_source=directmail&utm_medium=qr&utm_campaign=jesse-238&utm_content=J238-017,ready,hold,,phones/emails stay in the Google Sheet; this repo is public
Direct Mail,jesse-238,Business,,,,Baldwin's Book Barn,https://momentum-prospect-radar-next20-2026-08-11.netlify.app/sites/baldwins-book-barn/,J238-018,https://momentum-prospect-radar-next20-2026-08-11.netlify.app/gate/baldwins-book-barn/?utm_source=directmail&utm_medium=qr&utm_campaign=jesse-238&utm_content=J238-018,ready,hold,,phones/emails stay in the Google Sheet; this repo is public
Direct Mail,jesse-238,Business,,,,Bàn Bàn Asian Bistro,https://momentum-prospect-radar-next20-2026-08-11.netlify.app/sites/ban-ban-asian-bistro/,J238-019,https://momentum-prospect-radar-next20-2026-08-11.netlify.app/gate/ban-ban-asian-bistro/?utm_source=directmail&utm_medium=qr&utm_campaign=jesse-238&utm_content=J238-019,ready,hold,,phones/emails stay in the Google Sheet; this repo is public
Direct Mail,jesse-238,Business,,,,Barnes Financial Group,https://momentum-prospect-radar-next20-2026-08-11.netlify.app/sites/barnes-financial-group/,J238-020,https://momentum-prospect-radar-next20-2026-08-11.netlify.app/gate/barnes-financial-group/?utm_source=directmail&utm_medium=qr&utm_campaign=jesse-238&utm_content=J238-020,ready,hold,,phones/emails stay in the Google Sheet; this repo is public
Direct Mail,jesse-238,Botanical Garden,,,,Bartram's Garden,https://momentum-prospect-radar-next20-2026-08-11.netlify.app/sites/bartram-garden/,J238-021,https://momentum-prospect-radar-next20-2026-08-11.netlify.app/gate/bartram-garden/?utm_source=directmail&utm_medium=qr&utm_campaign=jesse-238&utm_content=J238-021,ready,hold,,phones/emails stay in the Google Sheet; this repo is public
Direct Mail,jesse-238,Business,,,,BeBalanced Royersford,https://momentum-prospect-radar-next20-2026-08-11.netlify.app/sites/be-balanced-hormone/,J238-022,https://momentum-prospect-radar-next20-2026-08-11.netlify.app/gate/be-balanced-hormone/?utm_source=directmail&utm_medium=qr&utm_campaign=jesse-238&utm_content=J238-022,ready,hold,,phones/emails stay in the Google Sheet; this repo is public
Direct Mail,jesse-238,Business,,,,Benjamin Lovell Shoes,https://momentum-prospect-radar-next20-2026-08-11.netlify.app/sites/benjamin-lovell-shoes/,J238-023,https://momentum-prospect-radar-next20-2026-08-11.netlify.app/gate/benjamin-lovell-shoes/?utm_source=directmail&utm_medium=qr&utm_campaign=jesse-238&utm_content=J238-023,ready,hold,,phones/emails stay in the Google Sheet; this repo is public
Direct Mail,jesse-238,Business,,,,BG Electric Service LLC,https://momentum-prospect-radar-next20-2026-08-11.netlify.app/sites/bg-electric/,J238-024,https://momentum-prospect-radar-next20-2026-08-11.netlify.app/gate/bg-electric/?utm_source=directmail&utm_medium=qr&utm_campaign=jesse-238&utm_content=J238-024,ready,hold,,phones/emails stay in the Google Sheet; this repo is public
Direct Mail,jesse-238,Business,,,,"Big Head Transport, LLC",https://momentum-prospect-radar-next20-2026-08-11.netlify.app/sites/big-head-transport/,J238-025,https://momentum-prospect-radar-next20-2026-08-11.netlify.app/gate/big-head-transport/?utm_source=directmail&utm_medium=qr&utm_campaign=jesse-238&utm_content=J238-025,ready,hold,,phones/emails stay in the Google Sheet; this repo is public
Direct Mail,jesse-238,Plumbing / HVAC / commercial,,,,"Bill Frusco Plumbing, Heating & Cooling",https://momentum-prospect-radar-next20-2026-08-11.netlify.app/sites/bill-frusco-plumbing-heating-cooling/,J238-026,https://momentum-prospect-radar-next20-2026-08-11.netlify.app/gate/bill-frusco-plumbing-heating-cooling/?utm_source=directmail&utm_medium=qr&utm_campaign=jesse-238&utm_content=J238-026,ready,hold,,phones/emails stay in the Google Sheet; this repo is public
Direct Mail,jesse-238,HVAC,,,,"Borden Heating & Cooling, Inc.",https://momentum-prospect-radar-next20-2026-08-11.netlify.app/sites/borden-heating-cooling-inc/,J238-027,https://momentum-prospect-radar-next20-2026-08-11.netlify.app/gate/borden-heating-cooling-inc/?utm_source=directmail&utm_medium=qr&utm_campaign=jesse-238&utm_content=J238-027,ready,hold,,phones/emails stay in the Google Sheet; this repo is public
Direct Mail,jesse-238,Business,,,,Borsello Landscaping,https://momentum-prospect-radar-next20-2026-08-11.netlify.app/sites/borsello-landscaping/,J238-028,https://momentum-prospect-radar-next20-2026-08-11.netlify.app/gate/borsello-landscaping/?utm_source=directmail&utm_medium=qr&utm_campaign=jesse-238&utm_content=J238-028,ready,hold,,phones/emails stay in the Google Sheet; this repo is public
Direct Mail,jesse-238,Business,,,,Boyle Energy,https://momentum-prospect-radar-next20-2026-08-11.netlify.app/sites/boyle-energy-heating-air-conditioning-oil-propane/,J238-029,https://momentum-prospect-radar-next20-2026-08-11.netlify.app/gate/boyle-energy-heating-air-conditioning-oil-propane/?utm_source=directmail&utm_medium=qr&utm_campaign=jesse-238&utm_content=J238-029,ready,hold,,phones/emails stay in the Google Sheet; this repo is public
Direct Mail,jesse-238,Business,,,,BPM Fitness,https://momentum-prospect-radar-next20-2026-08-11.netlify.app/sites/bpm-fitness/,J238-030,https://momentum-prospect-radar-next20-2026-08-11.netlify.app/gate/bpm-fitness/?utm_source=directmail&utm_medium=qr&utm_campaign=jesse-238&utm_content=J238-030,ready,hold,,phones/emails stay in the Google Sheet; this repo is public
Direct Mail,jesse-238,Electrical,,,,"Brandon Electric, Inc.",https://momentum-prospect-radar-next20-2026-08-11.netlify.app/sites/brandon-electric-inc/,J238-031,https://momentum-prospect-radar-next20-2026-08-11.netlify.app/gate/brandon-electric-inc/?utm_source=directmail&utm_medium=qr&utm_campaign=jesse-238&utm_content=J238-031,ready,hold,,phones/emails stay in the Google Sheet; this repo is public
Direct Mail,jesse-238,Business,,,,Brandywine Auto Parts,https://momentum-prospect-radar-next20-2026-08-11.netlify.app/sites/brandywine-auto-parts/,J238-032,https://momentum-prospect-radar-next20-2026-08-11.netlify.app/gate/brandywine-auto-parts/?utm_source=directmail&utm_medium=qr&utm_campaign=jesse-238&utm_content=J238-032,ready,hold,,phones/emails stay in the Google Sheet; this repo is public
Direct Mail,jesse-238,Medical & Healthcare,,,,Bridesburg Spine and Injury Clinic,https://momentum-prospect-radar-next20-2026-08-11.netlify.app/sites/bridesburg-spine-and-injury-clinic/,J238-033,https://momentum-prospect-radar-next20-2026-08-11.netlify.app/gate/bridesburg-spine-and-injury-clinic/?utm_source=directmail&utm_medium=qr&utm_campaign=jesse-238&utm_content=J238-033,ready,hold,,phones/emails stay in the Google Sheet; this repo is public
Direct Mail,jesse-238,Plumbing / sewer,,,,"Bryn Mawr Plumbing & Heating Co., Inc.",https://momentum-prospect-radar-next20-2026-08-11.netlify.app/sites/bryn-mawr-plumbing-heating-co-inc/,J238-034,https://momentum-prospect-radar-next20-2026-08-11.netlify.app/gate/bryn-mawr-plumbing-heating-co-inc/?utm_source=directmail&utm_medium=qr&utm_campaign=jesse-238&utm_content=J238-034,ready,hold,,phones/emails stay in the Google Sheet; this repo is public
Direct Mail,jesse-238,Home Services,,,,"Bustleton Services, Inc",https://momentum-prospect-radar-next20-2026-08-11.netlify.app/sites/bustleton-services/,J238-035,https://momentum-prospect-radar-next20-2026-08-11.netlify.app/gate/bustleton-services/?utm_source=directmail&utm_medium=qr&utm_campaign=jesse-238&utm_content=J238-035,ready,hold,,phones/emails stay in the Google Sheet; this repo is public
Direct Mail,jesse-238,Business,,,,C&C Super Seal,https://momentum-prospect-radar-next20-2026-08-11.netlify.app/sites/c-and-c-super-seal/,J238-036,https://momentum-prospect-radar-next20-2026-08-11.netlify.app/gate/c-and-c-super-seal/?utm_source=directmail&utm_medium=qr&utm_campaign=jesse-238&utm_content=J238-036,ready,hold,,phones/emails stay in the Google Sheet; this repo is public
Direct Mail,jesse-238,Business,,,,Captain Car Wash,https://momentum-prospect-radar-next20-2026-08-11.netlify.app/sites/captain-car-wash/,J238-037,https://momentum-prospect-radar-next20-2026-08-11.netlify.app/gate/captain-car-wash/?utm_source=directmail&utm_medium=qr&utm_campaign=jesse-238&utm_content=J238-037,ready,hold,,phones/emails stay in the Google Sheet; this repo is public
Direct Mail,jesse-238,Mechanical / HVAC / plumbing,,,,Centrum Mechanical Services,https://momentum-prospect-radar-next20-2026-08-11.netlify.app/sites/centrum-mechanical-services/,J238-038,https://momentum-prospect-radar-next20-2026-08-11.netlify.app/gate/centrum-mechanical-services/?utm_source=directmail&utm_medium=qr&utm_campaign=jesse-238&utm_content=J238-038,ready,hold,,phones/emails stay in the Google Sheet; this repo is public
Direct Mail,jesse-238,Business,,,,Chadds Ford Animal Hospital,https://momentum-prospect-radar-next20-2026-08-11.netlify.app/sites/chadds-ford-animal-hospital/,J238-039,https://momentum-prospect-radar-next20-2026-08-11.netlify.app/gate/chadds-ford-animal-hospital/?utm_source=directmail&utm_medium=qr&utm_campaign=jesse-238&utm_content=J238-039,ready,hold,,phones/emails stay in the Google Sheet; this repo is public
Direct Mail,jesse-238,Metal spinning / forming,,,,Charles Schillinger Company,https://momentum-prospect-radar-next20-2026-08-11.netlify.app/sites/charles-schillinger-company/,J238-040,https://momentum-prospect-radar-next20-2026-08-11.netlify.app/gate/charles-schillinger-company/?utm_source=directmail&utm_medium=qr&utm_campaign=jesse-238&utm_content=J238-040,ready,hold,,phones/emails stay in the Google Sheet; this repo is public
Direct Mail,jesse-238,Business,,,,Chestnut Hill Animal Hospital,https://momentum-prospect-radar-next20-2026-08-11.netlify.app/sites/chestnut-hill-animal-hospital/,J238-041,https://momentum-prospect-radar-next20-2026-08-11.netlify.app/gate/chestnut-hill-animal-hospital/?utm_source=directmail&utm_medium=qr&utm_campaign=jesse-238&utm_content=J238-041,ready,hold,,phones/emails stay in the Google Sheet; this repo is public
Direct Mail,jesse-238,Plumbing / sewer,,,,"Choice Coating, Inc.",https://momentum-prospect-radar-next20-2026-08-11.netlify.app/sites/choice-coating-inc/,J238-042,https://momentum-prospect-radar-next20-2026-08-11.netlify.app/gate/choice-coating-inc/?utm_source=directmail&utm_medium=qr&utm_campaign=jesse-238&utm_content=J238-042,ready,hold,,phones/emails stay in the Google Sheet; this repo is public
Direct Mail,jesse-238,Painting / drywall,,,,Chris Clement Plumbing & Heating,https://momentum-prospect-radar-next20-2026-08-11.netlify.app/sites/chris-clement-plumbing-heating/,J238-043,https://momentum-prospect-radar-next20-2026-08-11.netlify.app/gate/chris-clement-plumbing-heating/?utm_source=directmail&utm_medium=qr&utm_campaign=jesse-238&utm_content=J238-043,ready,hold,,phones/emails stay in the Google Sheet; this repo is public
Direct Mail,jesse-238,Business,,,,Ciocca Pre-Owned Autos,https://momentum-prospect-radar-next20-2026-08-11.netlify.app/sites/ciocca-pre-owned-autos/,J238-044,https://momentum-prospect-radar-next20-2026-08-11.netlify.app/gate/ciocca-pre-owned-autos/?utm_source=directmail&utm_medium=qr&utm_campaign=jesse-238&utm_content=J238-044,ready,hold,,phones/emails stay in the Google Sheet; this repo is public
Direct Mail,jesse-238,Business,,,,City Electric Supply West Chester,https://momentum-prospect-radar-next20-2026-08-11.netlify.app/sites/city-electric-supply/,J238-045,https://momentum-prospect-radar-next20-2026-08-11.netlify.app/gate/city-electric-supply/?utm_source=directmail&utm_medium=qr&utm_campaign=jesse-238&utm_content=J238-045,ready,hold,,phones/emails stay in the Google Sheet; this repo is public
Direct Mail,jesse-238,Commercial cleaning,,,,"Cleaned by D&D, LLC",https://momentum-prospect-radar-next20-2026-08-11.netlify.app/sites/cleaned-by-d-d-llc/,J238-046,https://momentum-prospect-radar-next20-2026-08-11.netlify.app/gate/cleaned-by-d-d-llc/?utm_source=directmail&utm_medium=qr&utm_campaign=jesse-238&utm_content=J238-046,ready,hold,,phones/emails stay in the Google Sheet; this repo is public
Direct Mail,jesse-238,Painting / drywall,,,,C. Mazzoni Brothers Inc.,https://momentum-prospect-radar-next20-2026-08-11.netlify.app/sites/c-mazzoni-brothers-inc/,J238-047,https://momentum-prospect-radar-next20-2026-08-11.netlify.app/gate/c-mazzoni-brothers-inc/?utm_source=directmail&utm_medium=qr&utm_campaign=jesse-238&utm_content=J238-047,ready,hold,,phones/emails stay in the Google Sheet; this repo is public
Direct Mail,jesse-238,Business,,,,Colmar Dentistry For Kids,https://momentum-prospect-radar-next20-2026-08-11.netlify.app/sites/colmar-dentistry-for-kids/,J238-048,https://momentum-prospect-radar-next20-2026-08-11.netlify.app/gate/colmar-dentistry-for-kids/?utm_source=directmail&utm_medium=qr&utm_campaign=jesse-238&utm_content=J238-048,ready,hold,,phones/emails stay in the Google Sheet; this repo is public
Direct Mail,jesse-238,Plumbing / sewer,,,,Commercial Wallcovering,https://momentum-prospect-radar-next20-2026-08-11.netlify.app/sites/commercial-wallcovering/,J238-049,https://momentum-prospect-radar-next20-2026-08-11.netlify.app/gate/commercial-wallcovering/?utm_source=directmail&utm_medium=qr&utm_campaign=jesse-238&utm_content=J238-049,ready,hold,,phones/emails stay in the Google Sheet; this repo is public
Direct Mail,jesse-238,Precision sheet metal,,,,"CompuCraft Fabricators, Inc.",https://momentum-prospect-radar-next20-2026-08-11.netlify.app/sites/compucraft-fabricators-inc/,J238-050,https://momentum-prospect-radar-next20-2026-08-11.netlify.app/gate/compucraft-fabricators-inc/?utm_source=directmail&utm_medium=qr&utm_campaign=jesse-238&utm_content=J238-050,ready,hold,,phones/emails stay in the Google Sheet; this repo is public
Direct Mail,jesse-238,Business,,,,County Line Veterinary Hospital,https://momentum-prospect-radar-next20-2026-08-11.netlify.app/sites/county-line-veterinary-hospital/,J238-051,https://momentum-prospect-radar-next20-2026-08-11.netlify.app/gate/county-line-veterinary-hospital/?utm_source=directmail&utm_medium=qr&utm_campaign=jesse-238&utm_content=J238-051,ready,hold,,phones/emails stay in the Google Sheet; this repo is public
Direct Mail,jesse-238,Business,,,,Custom IT Solutions,https://momentum-prospect-radar-next20-2026-08-11.netlify.app/sites/custom-it-solutions/,J238-052,https://momentum-prospect-radar-next20-2026-08-11.netlify.app/gate/custom-it-solutions/?utm_source=directmail&utm_medium=qr&utm_campaign=jesse-238&utm_content=J238-052,ready,hold,,phones/emails stay in the Google Sheet; this repo is public
Direct Mail,jesse-238,Plumbing / sewer,,,,"Dan Ferry Plumbing, Inc.",https://momentum-prospect-radar-next20-2026-08-11.netlify.app/sites/dan-ferry-plumbing-inc/,J238-053,https://momentum-prospect-radar-next20-2026-08-11.netlify.app/gate/dan-ferry-plumbing-inc/?utm_source=directmail&utm_medium=qr&utm_campaign=jesse-238&utm_content=J238-053,ready,hold,,phones/emails stay in the Google Sheet; this repo is public
Direct Mail,jesse-238,Business,,,,Davidson Fabricating,https://momentum-prospect-radar-next20-2026-08-11.netlify.app/sites/davidson-fabricating/,J238-054,https://momentum-prospect-radar-next20-2026-08-11.netlify.app/gate/davidson-fabricating/?utm_source=directmail&utm_medium=qr&utm_campaign=jesse-238&utm_content=J238-054,ready,hold,,phones/emails stay in the Google Sheet; this repo is public
Direct Mail,jesse-238,Business,,,,Del Chevrolet,https://momentum-prospect-radar-next20-2026-08-11.netlify.app/sites/del-chevrolet/,J238-055,https://momentum-prospect-radar-next20-2026-08-11.netlify.app/gate/del-chevrolet/?utm_source=directmail&utm_medium=qr&utm_campaign=jesse-238&utm_content=J238-055,ready,hold,,phones/emails stay in the Google Sheet; this repo is public
Direct Mail,jesse-238,Business,,,,Dentistry for Life,https://momentum-prospect-radar-next20-2026-08-11.netlify.app/sites/dentistry-for-life/,J238-056,https://momentum-prospect-radar-next20-2026-08-11.netlify.app/gate/dentistry-for-life/?utm_source=directmail&utm_medium=qr&utm_campaign=jesse-238&utm_content=J238-056,ready,hold,,phones/emails stay in the Google Sheet; this repo is public
Direct Mail,jesse-238,Home Services,,,,Dependable Concrete Contractor LLC,https://momentum-prospect-radar-next20-2026-08-11.netlify.app/sites/dependable-concrete/,J238-057,https://momentum-prospect-radar-next20-2026-08-11.netlify.app/gate/dependable-concrete/?utm_source=directmail&utm_medium=qr&utm_campaign=jesse-238&utm_content=J238-057,ready,hold,,phones/emails stay in the Google Sheet; this repo is public
Direct Mail,jesse-238,Specialty Foods,,,,Di Bruno Bros. Italian Market,https://momentum-prospect-radar-next20-2026-08-11.netlify.app/sites/dibruno-bros/,J238-058,https://momentum-prospect-radar-next20-2026-08-11.netlify.app/gate/dibruno-bros/?utm_source=directmail&utm_medium=qr&utm_campaign=jesse-238&utm_content=J238-058,ready,hold,,phones/emails stay in the Google Sheet; this repo is public
Direct Mail,jesse-238,Business,,,,Dinse Dental Care,https://momentum-prospect-radar-next20-2026-08-11.netlify.app/sites/dinse-dental-care/,J238-059,https://momentum-prospect-radar-next20-2026-08-11.netlify.app/gate/dinse-dental-care/?utm_source=directmail&utm_medium=qr&utm_campaign=jesse-238&utm_content=J238-059,ready,hold,,phones/emails stay in the Google Sheet; this repo is public
Direct Mail,jesse-238,Business,,,,DreamMaker Bath & Kitchen of Chester County,https://momentum-prospect-radar-next20-2026-08-11.netlify.app/sites/dreammaker-bath-kitchen/,J238-060,https://momentum-prospect-radar-next20-2026-08-11.netlify.app/gate/dreammaker-bath-kitchen/?utm_source=directmail&utm_medium=qr&utm_campaign=jesse-238&utm_content=J238-060,ready,hold,,phones/emails stay in the Google Sheet; this repo is public
Direct Mail,jesse-238,Business,,,,Dream Team Home Services,https://momentum-prospect-radar-next20-2026-08-11.netlify.app/sites/dream-team-hvac/,J238-061,https://momentum-prospect-radar-next20-2026-08-11.netlify.app/gate/dream-team-hvac/?utm_source=directmail&utm_medium=qr&utm_campaign=jesse-238&utm_content=J238-061,ready,hold,,phones/emails stay in the Google Sheet; this repo is public
Direct Mail,jesse-238,Business,,,,Orthodontic Associates of Collegeville,https://momentum-prospect-radar-next20-2026-08-11.netlify.app/sites/dr-weiss-s-office/,J238-062,https://momentum-prospect-radar-next20-2026-08-11.netlify.app/gate/dr-weiss-s-office/?utm_source=directmail&utm_medium=qr&utm_campaign=jesse-238&utm_content=J238-062,ready,hold,,phones/emails stay in the Google Sheet; this repo is public
Direct Mail,jesse-238,Electrical,,,,"Dunryte Electric, Inc.",https://momentum-prospect-radar-next20-2026-08-11.netlify.app/sites/dunryte-electric-inc/,J238-063,https://momentum-prospect-radar-next20-2026-08-11.netlify.app/gate/dunryte-electric-inc/?utm_source=directmail&utm_medium=qr&utm_campaign=jesse-238&utm_content=J238-063,ready,hold,,phones/emails stay in the Google Sheet; this repo is public
Direct Mail,jesse-238,Business,,,,Dutton Road Veterinary Clinic,https://momentum-prospect-radar-next20-2026-08-11.netlify.app/sites/dutton-road-veterinary-clinic/,J238-064,https://momentum-prospect-radar-next20-2026-08-11.netlify.app/gate/dutton-road-veterinary-clinic/?utm_source=directmail&utm_medium=qr&utm_campaign=jesse-238&utm_content=J238-064,ready,hold,,phones/emails stay in the Google Sheet; this repo is public
Direct Mail,jesse-238,Home Services,,,,E & E cleaning services,https://momentum-prospect-radar-next20-2026-08-11.netlify.app/sites/e-and-e-cleaning/,J238-065,https://momentum-prospect-radar-next20-2026-08-11.netlify.app/gate/e-and-e-cleaning/?utm_source=directmail&utm_medium=qr&utm_campaign=jesse-238&utm_content=J238-065,ready,hold,,phones/emails stay in the Google Sheet; this repo is public
Direct Mail,jesse-238,Business,,,,Eastern Dragon,https://momentum-prospect-radar-next20-2026-08-11.netlify.app/sites/eastern-dragon/,J238-066,https://momentum-prospect-radar-next20-2026-08-11.netlify.app/gate/eastern-dragon/?utm_source=directmail&utm_medium=qr&utm_campaign=jesse-238&utm_content=J238-066,ready,hold,,phones/emails stay in the Google Sheet; this repo is public
Direct Mail,jesse-238,Historic Site,,,,Eastern State Penitentiary,https://momentum-prospect-radar-next20-2026-08-11.netlify.app/sites/eastern-state/,J238-067,https://momentum-prospect-radar-next20-2026-08-11.netlify.app/gate/eastern-state/?utm_source=directmail&utm_medium=qr&utm_campaign=jesse-238&utm_content=J238-067,ready,hold,,phones/emails stay in the Google Sheet; this repo is public
Direct Mail,jesse-238,Business,,,,Easy Auto Tag & Insurance,https://momentum-prospect-radar-next20-2026-08-11.netlify.app/sites/easy-auto-tag-insurance/,J238-068,https://momentum-prospect-radar-next20-2026-08-11.netlify.app/gate/easy-auto-tag-insurance/?utm_source=directmail&utm_medium=qr&utm_campaign=jesse-238&utm_content=J238-068,ready,hold,,phones/emails stay in the Google Sheet; this repo is public
Direct Mail,jesse-238,Business,,,,"Eisenberg, Rothweiler, Winkler, Eisenberg & Jeck",https://momentum-prospect-radar-next20-2026-08-11.netlify.app/sites/eisenberg-rothweiler/,J238-069,https://momentum-prospect-radar-next20-2026-08-11.netlify.app/gate/eisenberg-rothweiler/?utm_source=directmail&utm_medium=qr&utm_campaign=jesse-238&utm_content=J238-069,ready,hold,,phones/emails stay in the Google Sheet; this repo is public
Direct Mail,jesse-238,Business,,,,Electric Direct,https://momentum-prospect-radar-next20-2026-08-11.netlify.app/sites/electric-direct/,J238-070,https://momentum-prospect-radar-next20-2026-08-11.netlify.app/gate/electric-direct/?utm_source=directmail&utm_medium=qr&utm_campaign=jesse-238&utm_content=J238-070,ready,hold,,phones/emails stay in the Google Sheet; this repo is public
Direct Mail,jesse-238,Business,,,,Elite Philly Auto Parts,https://momentum-prospect-radar-next20-2026-08-11.netlify.app/sites/elite-auto-parts/,J238-071,https://momentum-prospect-radar-next20-2026-08-11.netlify.app/gate/elite-auto-parts/?utm_source=directmail&utm_medium=qr&utm_campaign=jesse-238&utm_content=J238-071,ready,hold,,phones/emails stay in the Google Sheet; this repo is public
Direct Mail,jesse-238,Business,,,,Elverson Supply,https://momentum-prospect-radar-next20-2026-08-11.netlify.app/sites/elverson-supply/,J238-072,https://momentum-prospect-radar-next20-2026-08-11.netlify.app/gate/elverson-supply/?utm_source=directmail&utm_medium=qr&utm_campaign=jesse-238&utm_content=J238-072,ready,hold,,phones/emails stay in the Google Sheet; this repo is public
Direct Mail,jesse-238,Business,,,,Ember & Ale,https://momentum-prospect-radar-next20-2026-08-11.netlify.app/sites/ember-ale/,J238-073,https://momentum-prospect-radar-next20-2026-08-11.netlify.app/gate/ember-ale/?utm_source=directmail&utm_medium=qr&utm_campaign=jesse-238&utm_content=J238-073,ready,hold,,phones/emails stay in the Google Sheet; this repo is public
Direct Mail,jesse-238,Business,,,,EPAM Philadelphia,https://momentum-prospect-radar-next20-2026-08-11.netlify.app/sites/epam/,J238-074,https://momentum-prospect-radar-next20-2026-08-11.netlify.app/gate/epam/?utm_source=directmail&utm_medium=qr&utm_campaign=jesse-238&utm_content=J238-074,ready,hold,,phones/emails stay in the Google Sheet; this repo is public
Direct Mail,jesse-238,General sheet metal,,,,"Ernest D. Menold, Inc.",https://momentum-prospect-radar-next20-2026-08-11.netlify.app/sites/ernest-d-menold-inc/,J238-075,https://momentum-prospect-radar-next20-2026-08-11.netlify.app/gate/ernest-d-menold-inc/?utm_source=directmail&utm_medium=qr&utm_campaign=jesse-238&utm_content=J238-075,ready,hold,,phones/emails stay in the Google Sheet; this repo is public
Direct Mail,jesse-238,Business,,,,Euphoria Nail Bar,https://momentum-prospect-radar-next20-2026-08-11.netlify.app/sites/euphoria-nail-bar/,J238-076,https://momentum-prospect-radar-next20-2026-08-11.netlify.app/gate/euphoria-nail-bar/?utm_source=directmail&utm_medium=qr&utm_campaign=jesse-238&utm_content=J238-076,ready,hold,,phones/emails stay in the Google Sheet; this repo is public
Direct Mail,jesse-238,Kitchenware,,,,Fante's Kitchen Shop,https://momentum-prospect-radar-next20-2026-08-11.netlify.app/sites/fantes-kitchen-shop/,J238-077,https://momentum-prospect-radar-next20-2026-08-11.netlify.app/gate/fantes-kitchen-shop/?utm_source=directmail&utm_medium=qr&utm_campaign=jesse-238&utm_content=J238-077,ready,hold,,phones/emails stay in the Google Sheet; this repo is public
Direct Mail,jesse-238,Home Services,,,,Farrell's Roofing,https://momentum-prospect-radar-next20-2026-08-11.netlify.app/sites/farrells-roofing/,J238-078,https://momentum-prospect-radar-next20-2026-08-11.netlify.app/gate/farrells-roofing/?utm_source=directmail&utm_medium=qr&utm_campaign=jesse-238&utm_content=J238-078,ready,hold,,phones/emails stay in the Google Sheet; this repo is public
Direct Mail,jesse-238,Business,,,,Faulkner Buick GMC,https://momentum-prospect-radar-next20-2026-08-11.netlify.app/sites/faulkner-buick-gmc/,J238-079,https://momentum-prospect-radar-next20-2026-08-11.netlify.app/gate/faulkner-buick-gmc/?utm_source=directmail&utm_medium=qr&utm_campaign=jesse-238&utm_content=J238-079,ready,hold,,phones/emails stay in the Google Sheet; this repo is public
Direct Mail,jesse-238,Painting / drywall,,,,Ferguson Plumbing & Heating,https://momentum-prospect-radar-next20-2026-08-11.netlify.app/sites/ferguson-plumbing-heating/,J238-080,https://momentum-prospect-radar-next20-2026-08-11.netlify.app/gate/ferguson-plumbing-heating/?utm_source=directmail&utm_medium=qr&utm_campaign=jesse-238&utm_content=J238-080,ready,hold,,phones/emails stay in the Google Sheet; this repo is public
Direct Mail,jesse-238,Business,,,,Ferrari Philadelphia,https://momentum-prospect-radar-next20-2026-08-11.netlify.app/sites/ferrari-philadelphia/,J238-081,https://momentum-prospect-radar-next20-2026-08-11.netlify.app/gate/ferrari-philadelphia/?utm_source=directmail&utm_medium=qr&utm_campaign=jesse-238&utm_content=J238-081,ready,hold,,phones/emails stay in the Google Sheet; this repo is public
Direct Mail,jesse-238,Business,,,,"Field 1 Post, LLC",https://momentum-prospect-radar-next20-2026-08-11.netlify.app/sites/field-1-post-llc/,J238-082,https://momentum-prospect-radar-next20-2026-08-11.netlify.app/gate/field-1-post-llc/?utm_source=directmail&utm_medium=qr&utm_campaign=jesse-238&utm_content=J238-082,ready,hold,,phones/emails stay in the Google Sheet; this repo is public
Direct Mail,jesse-238,Business,,,,Fillman & Sons Floors & More,https://momentum-prospect-radar-next20-2026-08-11.netlify.app/sites/fillman-and-sons-floors/,J238-083,https://momentum-prospect-radar-next20-2026-08-11.netlify.app/gate/fillman-and-sons-floors/?utm_source=directmail&utm_medium=qr&utm_campaign=jesse-238&utm_content=J238-083,ready,hold,,phones/emails stay in the Google Sheet; this repo is public
Direct Mail,jesse-238,Business,,,,Floral and Hardy of Skippack,https://momentum-prospect-radar-next20-2026-08-11.netlify.app/sites/floral-and-hardy/,J238-084,https://momentum-prospect-radar-next20-2026-08-11.netlify.app/gate/floral-and-hardy/?utm_source=directmail&utm_medium=qr&utm_campaign=jesse-238&utm_content=J238-084,ready,hold,,phones/emails stay in the Google Sheet; this repo is public
Direct Mail,jesse-238,Business,,,,Francis Kaufman House,https://momentum-prospect-radar-next20-2026-08-11.netlify.app/sites/francis-kaufman-house/,J238-085,https://momentum-prospect-radar-next20-2026-08-11.netlify.app/gate/francis-kaufman-house/?utm_source=directmail&utm_medium=qr&utm_campaign=jesse-238&utm_content=J238-085,ready,hold,,phones/emails stay in the Google Sheet; this repo is public
Direct Mail,jesse-238,Beer Garden,,,,Frankford Hall,https://momentum-prospect-radar-next20-2026-08-11.netlify.app/sites/frankford-hall/,J238-086,https://momentum-prospect-radar-next20-2026-08-11.netlify.app/gate/frankford-hall/?utm_source=directmail&utm_medium=qr&utm_campaign=jesse-238&utm_content=J238-086,ready,hold,,phones/emails stay in the Google Sheet; this repo is public
Direct Mail,jesse-238,Ice Cream & Sweets,,,,Franklin Fountain,https://momentum-prospect-radar-next20-2026-08-11.netlify.app/sites/franklin-fountain/,J238-087,https://momentum-prospect-radar-next20-2026-08-11.netlify.app/gate/franklin-fountain/?utm_source=directmail&utm_medium=qr&utm_campaign=jesse-238&utm_content=J238-087,ready,hold,,phones/emails stay in the Google Sheet; this repo is public
Direct Mail,jesse-238,Business,,,,Frazer Antiques,https://momentum-prospect-radar-next20-2026-08-11.netlify.app/sites/frazer-antiques/,J238-088,https://momentum-prospect-radar-next20-2026-08-11.netlify.app/gate/frazer-antiques/?utm_source=directmail&utm_medium=qr&utm_campaign=jesse-238&utm_content=J238-088,ready,hold,,phones/emails stay in the Google Sheet; this repo is public
Direct Mail,jesse-238,Business,,,,Fredo's Deli,https://momentum-prospect-radar-next20-2026-08-11.netlify.app/sites/fredo-s-deli/,J238-089,https://momentum-prospect-radar-next20-2026-08-11.netlify.app/gate/fredo-s-deli/?utm_source=directmail&utm_medium=qr&utm_campaign=jesse-238&utm_content=J238-089,ready,hold,,phones/emails stay in the Google Sheet; this repo is public
Direct Mail,jesse-238,Fabrication / machining,,,,Gallagher Fabrication & Machine,https://momentum-prospect-radar-next20-2026-08-11.netlify.app/sites/gallagher-fabrication-machine/,J238-090,https://momentum-prospect-radar-next20-2026-08-11.netlify.app/gate/gallagher-fabrication-machine/?utm_source=directmail&utm_medium=qr&utm_campaign=jesse-238&utm_content=J238-090,ready,hold,,phones/emails stay in the Google Sheet; this repo is public
Direct Mail,jesse-238,Restaurant,,,,Geno's Steaks,https://momentum-prospect-radar-next20-2026-08-11.netlify.app/sites/genos-steaks/,J238-091,https://momentum-prospect-radar-next20-2026-08-11.netlify.app/gate/genos-steaks/?utm_source=directmail&utm_medium=qr&utm_campaign=jesse-238&utm_content=J238-091,ready,hold,,phones/emails stay in the Google Sheet; this repo is public
Direct Mail,jesse-238,Business,,,,Germantown Dental Group,https://momentum-prospect-radar-next20-2026-08-11.netlify.app/sites/germantown-dental-group/,J238-092,https://momentum-prospect-radar-next20-2026-08-11.netlify.app/gate/germantown-dental-group/?utm_source=directmail&utm_medium=qr&utm_campaign=jesse-238&utm_content=J238-092,ready,hold,,phones/emails stay in the Google Sheet; this repo is public
Direct Mail,jesse-238,Business,,,,Glen Eagle Pediatric Dentistry,https://momentum-prospect-radar-next20-2026-08-11.netlify.app/sites/glen-eagle-pediatric-dentistry/,J238-093,https://momentum-prospect-radar-next20-2026-08-11.netlify.app/gate/glen-eagle-pediatric-dentistry/?utm_source=directmail&utm_medium=qr&utm_campaign=jesse-238&utm_content=J238-093,ready,hold,,phones/emails stay in the Google Sheet; this repo is public
Direct Mail,jesse-238,Business,,,,GO2 Tech,https://momentum-prospect-radar-next20-2026-08-11.netlify.app/sites/go2tech/,J238-094,https://momentum-prospect-radar-next20-2026-08-11.netlify.app/gate/go2tech/?utm_source=directmail&utm_medium=qr&utm_campaign=jesse-238&utm_content=J238-094,ready,hold,,phones/emails stay in the Google Sheet; this repo is public
Direct Mail,jesse-238,Business,,,,Golden Eagle Jewelers,https://momentum-prospect-radar-next20-2026-08-11.netlify.app/sites/golden-eagle-jewelry/,J238-095,https://momentum-prospect-radar-next20-2026-08-11.netlify.app/gate/golden-eagle-jewelry/?utm_source=directmail&utm_medium=qr&utm_campaign=jesse-238&utm_content=J238-095,ready,hold,,phones/emails stay in the Google Sheet; this repo is public
Direct Mail,jesse-238,Bar & Restaurant,,,,Good Dog Bar,https://momentum-prospect-radar-next20-2026-08-11.netlify.app/sites/good-dog-bar/,J238-096,https://momentum-prospect-radar-next20-2026-08-11.netlify.app/gate/good-dog-bar/?utm_source=directmail&utm_medium=qr&utm_campaign=jesse-238&utm_content=J238-096,ready,hold,,phones/emails stay in the Google Sheet; this repo is public
Direct Mail,jesse-238,Painting / drywall,,,,Gracies Painting,https://momentum-prospect-radar-next20-2026-08-11.netlify.app/sites/gracies-painting/,J238-097,https://momentum-prospect-radar-next20-2026-08-11.netlify.app/gate/gracies-painting/?utm_source=directmail&utm_medium=qr&utm_campaign=jesse-238&utm_content=J238-097,ready,hold,,phones/emails stay in the Google Sheet; this repo is public
Direct Mail,jesse-238,Painting / drywall,,,,Graham Painting (10/98),https://momentum-prospect-radar-next20-2026-08-11.netlify.app/sites/graham-painting-10-98/,J238-098,https://momentum-prospect-radar-next20-2026-08-11.netlify.app/gate/graham-painting-10-98/?utm_source=directmail&utm_medium=qr&utm_campaign=jesse-238&utm_content=J238-098,ready,hold,,phones/emails stay in the Google Sheet; this repo is public
Direct Mail,jesse-238,Medical & Healthcare,,,,GREATER PHILADELPHIA CHIROPRACTIC CENTER,https://momentum-prospect-radar-next20-2026-08-11.netlify.app/sites/greater-philadelphia-chiropractic-center/,J238-099,https://momentum-prospect-radar-next20-2026-08-11.netlify.app/gate/greater-philadelphia-chiropractic-center/?utm_source=directmail&utm_medium=qr&utm_campaign=jesse-238&utm_content=J238-099,ready,hold,,phones/emails stay in the Google Sheet; this repo is public
Direct Mail,jesse-238,Plumbing / HVAC,,,,Guaranteed Plumbing & Heating,https://momentum-prospect-radar-next20-2026-08-11.netlify.app/sites/guaranteed-plumbing-heating/,J238-100,https://momentum-prospect-radar-next20-2026-08-11.netlify.app/gate/guaranteed-plumbing-heating/?utm_source=directmail&utm_medium=qr&utm_campaign=jesse-238&utm_content=J238-100,ready,hold,,phones/emails stay in the Google Sheet; this repo is public
Direct Mail,jesse-238,Medical & Healthcare,,,,Hal Rosenthaler DMD,https://momentum-prospect-radar-next20-2026-08-11.netlify.app/sites/hal-rosenthaler-dmd/,J238-101,https://momentum-prospect-radar-next20-2026-08-11.netlify.app/gate/hal-rosenthaler-dmd/?utm_source=directmail&utm_medium=qr&utm_campaign=jesse-238&utm_content=J238-101,ready,hold,,phones/emails stay in the Google Sheet; this repo is public
Direct Mail,jesse-238,Business,,,,Hamburg Animal Hospital,https://momentum-prospect-radar-next20-2026-08-11.netlify.app/sites/hamburg-animal-hospital/,J238-102,https://momentum-prospect-radar-next20-2026-08-11.netlify.app/gate/hamburg-animal-hospital/?utm_source=directmail&utm_medium=qr&utm_campaign=jesse-238&utm_content=J238-102,ready,hold,,phones/emails stay in the Google Sheet; this repo is public
Direct Mail,jesse-238,Business,,,,Harry's Hotdogs,https://momentum-prospect-radar-next20-2026-08-11.netlify.app/sites/harry-s-hotdogs/,J238-103,https://momentum-prospect-radar-next20-2026-08-11.netlify.app/gate/harry-s-hotdogs/?utm_source=directmail&utm_medium=qr&utm_campaign=jesse-238&utm_content=J238-103,ready,hold,,phones/emails stay in the Google Sheet; this repo is public
Direct Mail,jesse-238,Business,,,,HaverCrown Dental,https://momentum-prospect-radar-next20-2026-08-11.netlify.app/sites/havercrown-dental/,J238-104,https://momentum-prospect-radar-next20-2026-08-11.netlify.app/gate/havercrown-dental/?utm_source=directmail&utm_medium=qr&utm_campaign=jesse-238&utm_content=J238-104,ready,hold,,phones/emails stay in the Google Sheet; this repo is public
Direct Mail,jesse-238,Business,,,,Heart & Soul Tattoo,https://momentum-prospect-radar-next20-2026-08-11.netlify.app/sites/heart-soul-tattoo/,J238-105,https://momentum-prospect-radar-next20-2026-08-11.netlify.app/gate/heart-soul-tattoo/?utm_source=directmail&utm_medium=qr&utm_campaign=jesse-238&utm_content=J238-105,ready,hold,,phones/emails stay in the Google Sheet; this repo is public
Direct Mail,jesse-238,Business,,,,Johnny Destructo's Hero Complex,https://momentum-prospect-radar-next20-2026-08-11.netlify.app/sites/hero-complex/,J238-106,https://momentum-prospect-radar-next20-2026-08-11.netlify.app/gate/hero-complex/?utm_source=directmail&utm_medium=qr&utm_campaign=jesse-238&utm_content=J238-106,ready,hold,,phones/emails stay in the Google Sheet; this repo is public
Direct Mail,jesse-238,Signage / fabrication,,,,H&G Sign Company,https://momentum-prospect-radar-next20-2026-08-11.netlify.app/sites/h-g-sign-company/,J238-107,https://momentum-prospect-radar-next20-2026-08-11.netlify.app/gate/h-g-sign-company/?utm_source=directmail&utm_medium=qr&utm_campaign=jesse-238&utm_content=J238-107,ready,hold,,phones/emails stay in the Google Sheet; this repo is public
Direct Mail,jesse-238,Business,,,,Highline Motors Aston,https://momentum-prospect-radar-next20-2026-08-11.netlify.app/sites/highline-motors/,J238-108,https://momentum-prospect-radar-next20-2026-08-11.netlify.app/gate/highline-motors/?utm_source=directmail&utm_medium=qr&utm_campaign=jesse-238&utm_content=J238-108,ready,hold,,phones/emails stay in the Google Sheet; this repo is public
Direct Mail,jesse-238,Business,,,,Holiday Hair Quakertown,https://momentum-prospect-radar-next20-2026-08-11.netlify.app/sites/holiday-hair/,J238-109,https://momentum-prospect-radar-next20-2026-08-11.netlify.app/gate/holiday-hair/?utm_source=directmail&utm_medium=qr&utm_campaign=jesse-238&utm_content=J238-109,ready,hold,,phones/emails stay in the Google Sheet; this repo is public
Direct Mail,jesse-238,Business,,,,Home Furnishing Consignment,https://momentum-prospect-radar-next20-2026-08-11.netlify.app/sites/home-furnishings-consignment/,J238-110,https://momentum-prospect-radar-next20-2026-08-11.netlify.app/gate/home-furnishings-consignment/?utm_source=directmail&utm_medium=qr&utm_campaign=jesse-238&utm_content=J238-110,ready,hold,,phones/emails stay in the Google Sheet; this repo is public
Direct Mail,jesse-238,Painting / drywall,,,,Integrity Interiors,https://momentum-prospect-radar-next20-2026-08-11.netlify.app/sites/integrity-interiors/,J238-111,https://momentum-prospect-radar-next20-2026-08-11.netlify.app/gate/integrity-interiors/?utm_source=directmail&utm_medium=qr&utm_campaign=jesse-238&utm_content=J238-111,ready,hold,,phones/emails stay in the Google Sheet; this repo is public
Direct Mail,jesse-238,Bakery,,,,Isgro Pastries,https://momentum-prospect-radar-next20-2026-08-11.netlify.app/sites/isgro-pastries/,J238-112,https://momentum-prospect-radar-next20-2026-08-11.netlify.app/gate/isgro-pastries/?utm_source=directmail&utm_medium=qr&utm_campaign=jesse-238&utm_content=J238-112,ready,hold,,phones/emails stay in the Google Sheet; this repo is public
Direct Mail,jesse-238,Business,,,,IVC Wealth Advisors,https://momentum-prospect-radar-next20-2026-08-11.netlify.app/sites/ivc-wealth-advisors/,J238-113,https://momentum-prospect-radar-next20-2026-08-11.netlify.app/gate/ivc-wealth-advisors/?utm_source=directmail&utm_medium=qr&utm_campaign=jesse-238&utm_content=J238-113,ready,hold,,phones/emails stay in the Google Sheet; this repo is public
Direct Mail,jesse-238,Plumbing / sewer,,,,James Harper Painting,https://momentum-prospect-radar-next20-2026-08-11.netlify.app/sites/james-harper-painting/,J238-114,https://momentum-prospect-radar-next20-2026-08-11.netlify.app/gate/james-harper-painting/?utm_source=directmail&utm_medium=qr&utm_campaign=jesse-238&utm_content=J238-114,ready,hold,,phones/emails stay in the Google Sheet; this repo is public
Direct Mail,jesse-238,Business,,,,Jarman Sales & Service,https://momentum-prospect-radar-next20-2026-08-11.netlify.app/sites/jarman-hvac/,J238-115,https://momentum-prospect-radar-next20-2026-08-11.netlify.app/gate/jarman-hvac/?utm_source=directmail&utm_medium=qr&utm_campaign=jesse-238&utm_content=J238-115,ready,hold,,phones/emails stay in the Google Sheet; this repo is public
Direct Mail,jesse-238,Electrical,,,,"JDV Electric, LLC",https://momentum-prospect-radar-next20-2026-08-11.netlify.app/sites/jdv-electric-llc/,J238-116,https://momentum-prospect-radar-next20-2026-08-11.netlify.app/gate/jdv-electric-llc/?utm_source=directmail&utm_medium=qr&utm_campaign=jesse-238&utm_content=J238-116,ready,hold,,phones/emails stay in the Google Sheet; this repo is public
Direct Mail,jesse-238,Restaurant & Music Venue,,,,Johnny Brenda's,https://momentum-prospect-radar-next20-2026-08-11.netlify.app/sites/johnny-brendas/,J238-117,https://momentum-prospect-radar-next20-2026-08-11.netlify.app/gate/johnny-brendas/?utm_source=directmail&utm_medium=qr&utm_campaign=jesse-238&utm_content=J238-117,ready,hold,,phones/emails stay in the Google Sheet; this repo is public
Direct Mail,jesse-238,Business,,,,Johnny's Pizza & Pasta,https://momentum-prospect-radar-next20-2026-08-11.netlify.app/sites/johnnys-pizza/,J238-118,https://momentum-prospect-radar-next20-2026-08-11.netlify.app/gate/johnnys-pizza/?utm_source=directmail&utm_medium=qr&utm_campaign=jesse-238&utm_content=J238-118,ready,hold,,phones/emails stay in the Google Sheet; this repo is public
Direct Mail,jesse-238,Business,,,,Johnny's Pizza,https://momentum-prospect-radar-next20-2026-08-11.netlify.app/sites/johnny-s-pizza/,J238-119,https://momentum-prospect-radar-next20-2026-08-11.netlify.app/gate/johnny-s-pizza/?utm_source=directmail&utm_medium=qr&utm_campaign=jesse-238&utm_content=J238-119,ready,hold,,phones/emails stay in the Google Sheet; this repo is public
Direct Mail,jesse-238,Restaurant,,,,John's Roast Pork,https://momentum-prospect-radar-next20-2026-08-11.netlify.app/sites/johns-roast-pork/,J238-120,https://momentum-prospect-radar-next20-2026-08-11.netlify.app/gate/johns-roast-pork/?utm_source=directmail&utm_medium=qr&utm_campaign=jesse-238&utm_content=J238-120,ready,hold,,phones/emails stay in the Google Sheet; this repo is public
Direct Mail,jesse-238,Business,,,,"J-Pro Pools, Inc.",https://momentum-prospect-radar-next20-2026-08-11.netlify.app/sites/j-pro-inc/,J238-121,https://momentum-prospect-radar-next20-2026-08-11.netlify.app/gate/j-pro-inc/?utm_source=directmail&utm_medium=qr&utm_campaign=jesse-238&utm_content=J238-121,ready,hold,,phones/emails stay in the Google Sheet; this repo is public
Direct Mail,jesse-238,Business,,,,Just Tires Media,https://momentum-prospect-radar-next20-2026-08-11.netlify.app/sites/just-tires/,J238-122,https://momentum-prospect-radar-next20-2026-08-11.netlify.app/gate/just-tires/?utm_source=directmail&utm_medium=qr&utm_campaign=jesse-238&utm_content=J238-122,ready,hold,,phones/emails stay in the Google Sheet; this repo is public
Direct Mail,jesse-238,Sheet metal / fabrication,,,,K.A.M. Sheet Metal & Fab,https://momentum-prospect-radar-next20-2026-08-11.netlify.app/sites/k-a-m-sheet-metal-fab/,J238-123,https://momentum-prospect-radar-next20-2026-08-11.netlify.app/gate/k-a-m-sheet-metal-fab/?utm_source=directmail&utm_medium=qr&utm_campaign=jesse-238&utm_content=J238-123,ready,hold,,phones/emails stay in the Google Sheet; this repo is public
Direct Mail,jesse-238,Business,,,,Katana Pittsburgh,https://momentum-prospect-radar-next20-2026-08-11.netlify.app/sites/katana/,J238-124,https://momentum-prospect-radar-next20-2026-08-11.netlify.app/gate/katana/?utm_source=directmail&utm_medium=qr&utm_campaign=jesse-238&utm_content=J238-124,ready,hold,,phones/emails stay in the Google Sheet; this repo is public
Direct Mail,jesse-238,Business,,,,Kehan's Auto Service,https://momentum-prospect-radar-next20-2026-08-11.netlify.app/sites/kehans-auto-service/,J238-125,https://momentum-prospect-radar-next20-2026-08-11.netlify.app/gate/kehans-auto-service/?utm_source=directmail&utm_medium=qr&utm_campaign=jesse-238&utm_content=J238-125,ready,hold,,phones/emails stay in the Google Sheet; this repo is public
Direct Mail,jesse-238,Business,,,,Kinetic Physical Therapy,https://momentum-prospect-radar-next20-2026-08-11.netlify.app/sites/kinetic-physical-therapy/,J238-126,https://momentum-prospect-radar-next20-2026-08-11.netlify.app/gate/kinetic-physical-therapy/?utm_source=directmail&utm_medium=qr&utm_campaign=jesse-238&utm_content=J238-126,ready,hold,,phones/emails stay in the Google Sheet; this repo is public
Direct Mail,jesse-238,Coffee Roaster,,,,"La Colombe Coffee Roasters, Rittenhouse Square",https://momentum-prospect-radar-next20-2026-08-11.netlify.app/sites/la-colombe-rittenhouse/,J238-127,https://momentum-prospect-radar-next20-2026-08-11.netlify.app/gate/la-colombe-rittenhouse/?utm_source=directmail&utm_medium=qr&utm_campaign=jesse-238&utm_content=J238-127,ready,hold,,phones/emails stay in the Google Sheet; this repo is public
Direct Mail,jesse-238,Medical & Healthcare,,,,Lawrence Kassan Podiatry,https://momentum-prospect-radar-next20-2026-08-11.netlify.app/sites/lawrence-kassan-podiatry/,J238-128,https://momentum-prospect-radar-next20-2026-08-11.netlify.app/gate/lawrence-kassan-podiatry/?utm_source=directmail&utm_medium=qr&utm_campaign=jesse-238&utm_content=J238-128,ready,hold,,phones/emails stay in the Google Sheet; this repo is public
Direct Mail,jesse-238,Business,,,,Lee's Hoagie House of Horsham,https://momentum-prospect-radar-next20-2026-08-11.netlify.app/sites/lees-hoagie-house/,J238-129,https://momentum-prospect-radar-next20-2026-08-11.netlify.app/gate/lees-hoagie-house/?utm_source=directmail&utm_medium=qr&utm_campaign=jesse-238&utm_content=J238-129,ready,hold,,phones/emails stay in the Google Sheet; this repo is public
Direct Mail,jesse-238,Business,,,,Legacy Jewelers,https://momentum-prospect-radar-next20-2026-08-11.netlify.app/sites/legacy-jewelers/,J238-130,https://momentum-prospect-radar-next20-2026-08-11.netlify.app/gate/legacy-jewelers/?utm_source=directmail&utm_medium=qr&utm_campaign=jesse-238&utm_content=J238-130,ready,hold,,phones/emails stay in the Google Sheet; this repo is public
Direct Mail,jesse-238,Business,,,,Live Urgent Care King of Prussia,https://momentum-prospect-radar-next20-2026-08-11.netlify.app/sites/live-urgent-care/,J238-131,https://momentum-prospect-radar-next20-2026-08-11.netlify.app/gate/live-urgent-care/?utm_source=directmail&utm_medium=qr&utm_campaign=jesse-238&utm_content=J238-131,ready,hold,,phones/emails stay in the Google Sheet; this repo is public
Direct Mail,jesse-238,Business,,,,Apollo Wealth Advisors,https://momentum-prospect-radar-next20-2026-08-11.netlify.app/sites/lpl-financial/,J238-132,https://momentum-prospect-radar-next20-2026-08-11.netlify.app/gate/lpl-financial/?utm_source=directmail&utm_medium=qr&utm_campaign=jesse-238&utm_content=J238-132,ready,hold,,phones/emails stay in the Google Sheet; this repo is public
Direct Mail,jesse-238,Painting / drywall,,,,Lynch Plumbing & Heating,https://momentum-prospect-radar-next20-2026-08-11.netlify.app/sites/lynch-plumbing-heating/,J238-133,https://momentum-prospect-radar-next20-2026-08-11.netlify.app/gate/lynch-plumbing-heating/?utm_source=directmail&utm_medium=qr&utm_campaign=jesse-238&utm_content=J238-133,ready,hold,,phones/emails stay in the Google Sheet; this repo is public
Direct Mail,jesse-238,Business,,,,MacLaren Kitchen and Bath,https://momentum-prospect-radar-next20-2026-08-11.netlify.app/sites/maclaren-kitchen-and-bath/,J238-134,https://momentum-prospect-radar-next20-2026-08-11.netlify.app/gate/maclaren-kitchen-and-bath/?utm_source=directmail&utm_medium=qr&utm_campaign=jesse-238&utm_content=J238-134,ready,hold,,phones/emails stay in the Google Sheet; this repo is public
Direct Mail,jesse-238,Arts & Culture,,,,Philadelphia's Magic Gardens,https://momentum-prospect-radar-next20-2026-08-11.netlify.app/sites/magic-gardens/,J238-135,https://momentum-prospect-radar-next20-2026-08-11.netlify.app/gate/magic-gardens/?utm_source=directmail&utm_medium=qr&utm_campaign=jesse-238&utm_content=J238-135,ready,hold,,phones/emails stay in the Google Sheet; this repo is public
Direct Mail,jesse-238,Business,,,,Main Line Veterinary Hospital,https://momentum-prospect-radar-next20-2026-08-11.netlify.app/sites/main-line-veterinary-hospital/,J238-136,https://momentum-prospect-radar-next20-2026-08-11.netlify.app/gate/main-line-veterinary-hospital/?utm_source=directmail&utm_medium=qr&utm_campaign=jesse-238&utm_content=J238-136,ready,hold,,phones/emails stay in the Google Sheet; this repo is public
Direct Mail,jesse-238,Business,,,,Malvern Vision Care,https://momentum-prospect-radar-next20-2026-08-11.netlify.app/sites/malvern-vision-care/,J238-137,https://momentum-prospect-radar-next20-2026-08-11.netlify.app/gate/malvern-vision-care/?utm_source=directmail&utm_medium=qr&utm_campaign=jesse-238&utm_content=J238-137,ready,hold,,phones/emails stay in the Google Sheet; this repo is public
Direct Mail,jesse-238,Business,,,,Manatawny Still Works,https://momentum-prospect-radar-next20-2026-08-11.netlify.app/sites/manatawny-still-works/,J238-138,https://momentum-prospect-radar-next20-2026-08-11.netlify.app/gate/manatawny-still-works/?utm_source=directmail&utm_medium=qr&utm_campaign=jesse-238&utm_content=J238-138,ready,hold,,phones/emails stay in the Google Sheet; this repo is public
Direct Mail,jesse-238,Plumbing / HVAC,,,,Manayunk Plumbing & Heating,https://momentum-prospect-radar-next20-2026-08-11.netlify.app/sites/manayunk-plumbing-heating/,J238-139,https://momentum-prospect-radar-next20-2026-08-11.netlify.app/gate/manayunk-plumbing-heating/?utm_source=directmail&utm_medium=qr&utm_campaign=jesse-238&utm_content=J238-139,ready,hold,,phones/emails stay in the Google Sheet; this repo is public
Direct Mail,jesse-238,Home Services,,,,Martha's Sophisticated Shine,https://momentum-prospect-radar-next20-2026-08-11.netlify.app/sites/marthas-sophisticated-shine/,J238-140,https://momentum-prospect-radar-next20-2026-08-11.netlify.app/gate/marthas-sophisticated-shine/?utm_source=directmail&utm_medium=qr&utm_campaign=jesse-238&utm_content=J238-140,ready,hold,,phones/emails stay in the Google Sheet; this repo is public
Direct Mail,jesse-238,Painting / drywall,,,,"Mary Cleary Drywall & Carpentry, LLC",https://momentum-prospect-radar-next20-2026-08-11.netlify.app/sites/mary-cleary-drywall-carpentry-llc/,J238-141,https://momentum-prospect-radar-next20-2026-08-11.netlify.app/gate/mary-cleary-drywall-carpentry-llc/?utm_source=directmail&utm_medium=qr&utm_campaign=jesse-238&utm_content=J238-141,ready,hold,,phones/emails stay in the Google Sheet; this repo is public
Direct Mail,jesse-238,Medical & Healthcare,,,,Mayfair Family Chiropractic Center,https://momentum-prospect-radar-next20-2026-08-11.netlify.app/sites/mayfair-family-chiropractic/,J238-142,https://momentum-prospect-radar-next20-2026-08-11.netlify.app/gate/mayfair-family-chiropractic/?utm_source=directmail&utm_medium=qr&utm_campaign=jesse-238&utm_content=J238-142,ready,hold,,phones/emails stay in the Google Sheet; this repo is public
Direct Mail,jesse-238,Home Services,,,,Mayfair Fence,https://momentum-prospect-radar-next20-2026-08-11.netlify.app/sites/mayfair-fence/,J238-143,https://momentum-prospect-radar-next20-2026-08-11.netlify.app/gate/mayfair-fence/?utm_source=directmail&utm_medium=qr&utm_campaign=jesse-238&utm_content=J238-143,ready,hold,,phones/emails stay in the Google Sheet; this repo is public
Direct Mail,jesse-238,Business,,,,McMenamin & Margiotti,https://momentum-prospect-radar-next20-2026-08-11.netlify.app/sites/mcmenamin-margiotti/,J238-144,https://momentum-prospect-radar-next20-2026-08-11.netlify.app/gate/mcmenamin-margiotti/?utm_source=directmail&utm_medium=qr&utm_campaign=jesse-238&utm_content=J238-144,ready,hold,,phones/emails stay in the Google Sheet; this repo is public
Direct Mail,jesse-238,Business,,,,Metalmorphose Ironworks,https://momentum-prospect-radar-next20-2026-08-11.netlify.app/sites/metalmorphose-iron-studio/,J238-145,https://momentum-prospect-radar-next20-2026-08-11.netlify.app/gate/metalmorphose-iron-studio/?utm_source=directmail&utm_medium=qr&utm_campaign=jesse-238&utm_content=J238-145,ready,hold,,phones/emails stay in the Google Sheet; this repo is public
Direct Mail,jesse-238,Medical & Healthcare,,,,Metro Physical Medicine,https://momentum-prospect-radar-next20-2026-08-11.netlify.app/sites/metro-physical-medicine/,J238-146,https://momentum-prospect-radar-next20-2026-08-11.netlify.app/gate/metro-physical-medicine/?utm_source=directmail&utm_medium=qr&utm_campaign=jesse-238&utm_content=J238-146,ready,hold,,phones/emails stay in the Google Sheet; this repo is public
Direct Mail,jesse-238,Business,,,,Ming's Chinese Restaurant,https://momentum-prospect-radar-next20-2026-08-11.netlify.app/sites/ming-s-chinese/,J238-147,https://momentum-prospect-radar-next20-2026-08-11.netlify.app/gate/ming-s-chinese/?utm_source=directmail&utm_medium=qr&utm_campaign=jesse-238&utm_content=J238-147,ready,hold,,phones/emails stay in the Google Sheet; this repo is public
Direct Mail,jesse-238,Construction / remodeling,,,,"Mitchell Painting, LLC",https://momentum-prospect-radar-next20-2026-08-11.netlify.app/sites/mitchell-painting-llc/,J238-148,https://momentum-prospect-radar-next20-2026-08-11.netlify.app/gate/mitchell-painting-llc/?utm_source=directmail&utm_medium=qr&utm_campaign=jesse-238&utm_content=J238-148,ready,hold,,phones/emails stay in the Google Sheet; this repo is public
Direct Mail,jesse-238,Natural Grocery,,,,"MOM's Organic Market, Center City",https://momentum-prospect-radar-next20-2026-08-11.netlify.app/sites/moms-organic-market/,J238-149,https://momentum-prospect-radar-next20-2026-08-11.netlify.app/gate/moms-organic-market/?utm_source=directmail&utm_medium=qr&utm_campaign=jesse-238&utm_content=J238-149,ready,hold,,phones/emails stay in the Google Sheet; this repo is public
Direct Mail,jesse-238,Botanical Garden,,,,Morris Arboretum & Gardens,https://momentum-prospect-radar-next20-2026-08-11.netlify.app/sites/morris-arboretum/,J238-150,https://momentum-prospect-radar-next20-2026-08-11.netlify.app/gate/morris-arboretum/?utm_source=directmail&utm_medium=qr&utm_campaign=jesse-238&utm_content=J238-150,ready,hold,,phones/emails stay in the Google Sheet; this repo is public
Direct Mail,jesse-238,Business,,,,Morton Electric Pool & Spa,https://momentum-prospect-radar-next20-2026-08-11.netlify.app/sites/morton-electric-pool-spa/,J238-151,https://momentum-prospect-radar-next20-2026-08-11.netlify.app/gate/morton-electric-pool-spa/?utm_source=directmail&utm_medium=qr&utm_campaign=jesse-238&utm_content=J238-151,ready,hold,,phones/emails stay in the Google Sheet; this repo is public
Direct Mail,jesse-238,Home Services,,,,Moss Contracting,https://momentum-prospect-radar-next20-2026-08-11.netlify.app/sites/moss-contracting/,J238-152,https://momentum-prospect-radar-next20-2026-08-11.netlify.app/gate/moss-contracting/?utm_source=directmail&utm_medium=qr&utm_campaign=jesse-238&utm_content=J238-152,ready,hold,,phones/emails stay in the Google Sheet; this repo is public
Direct Mail,jesse-238,Business,,,,Narberth Pizza and Steaks,https://momentum-prospect-radar-next20-2026-08-11.netlify.app/sites/narberth-pizza/,J238-153,https://momentum-prospect-radar-next20-2026-08-11.netlify.app/gate/narberth-pizza/?utm_source=directmail&utm_medium=qr&utm_campaign=jesse-238&utm_content=J238-153,ready,hold,,phones/emails stay in the Google Sheet; this repo is public
Direct Mail,jesse-238,Business,,,,The New Pennsburg Diner,https://momentum-prospect-radar-next20-2026-08-11.netlify.app/sites/new-pennsburg-diner/,J238-154,https://momentum-prospect-radar-next20-2026-08-11.netlify.app/gate/new-pennsburg-diner/?utm_source=directmail&utm_medium=qr&utm_campaign=jesse-238&utm_content=J238-154,ready,hold,,phones/emails stay in the Google Sheet; this repo is public
Direct Mail,jesse-238,Business,,,,Nicky's Thai Kitchen Downtown,https://momentum-prospect-radar-next20-2026-08-11.netlify.app/sites/nicky-s-thai-kitchen/,J238-155,https://momentum-prospect-radar-next20-2026-08-11.netlify.app/gate/nicky-s-thai-kitchen/?utm_source=directmail&utm_medium=qr&utm_campaign=jesse-238&utm_content=J238-155,ready,hold,,phones/emails stay in the Google Sheet; this repo is public
Direct Mail,jesse-238,Medical & Healthcare,,,,Northeast Family Foot Care,https://momentum-prospect-radar-next20-2026-08-11.netlify.app/sites/northeast-family-foot-care/,J238-156,https://momentum-prospect-radar-next20-2026-08-11.netlify.app/gate/northeast-family-foot-care/?utm_source=directmail&utm_medium=qr&utm_campaign=jesse-238&utm_content=J238-156,ready,hold,,phones/emails stay in the Google Sheet; this repo is public
Direct Mail,jesse-238,Business,,,,Nottingham Creamery,https://momentum-prospect-radar-next20-2026-08-11.netlify.app/sites/nottingham-creamery/,J238-157,https://momentum-prospect-radar-next20-2026-08-11.netlify.app/gate/nottingham-creamery/?utm_source=directmail&utm_medium=qr&utm_campaign=jesse-238&utm_content=J238-157,ready,hold,,phones/emails stay in the Google Sheet; this repo is public
Direct Mail,jesse-238,Business,,,,NovaCare Rehabilitation Conshohocken,https://momentum-prospect-radar-next20-2026-08-11.netlify.app/sites/novacare/,J238-158,https://momentum-prospect-radar-next20-2026-08-11.netlify.app/gate/novacare/?utm_source=directmail&utm_medium=qr&utm_campaign=jesse-238&utm_content=J238-158,ready,hold,,phones/emails stay in the Google Sheet; this repo is public
Direct Mail,jesse-238,Business,,,,Oaks Italian Deli And Pizzeria,https://momentum-prospect-radar-next20-2026-08-11.netlify.app/sites/oaks-italian-deli/,J238-159,https://momentum-prospect-radar-next20-2026-08-11.netlify.app/gate/oaks-italian-deli/?utm_source=directmail&utm_medium=qr&utm_campaign=jesse-238&utm_content=J238-159,ready,hold,,phones/emails stay in the Google Sheet; this repo is public
Direct Mail,jesse-238,Business,,,,"O'Donnell, Weiss & Mattei, P.C.",https://momentum-prospect-radar-next20-2026-08-11.netlify.app/sites/o-donnell-weiss-mattei-p-c/,J238-160,https://momentum-prospect-radar-next20-2026-08-11.netlify.app/gate/o-donnell-weiss-mattei-p-c/?utm_source=directmail&utm_medium=qr&utm_campaign=jesse-238&utm_content=J238-160,ready,hold,,phones/emails stay in the Google Sheet; this repo is public
Direct Mail,jesse-238,Business,,,,Ooka Hibachi and Sushi,https://momentum-prospect-radar-next20-2026-08-11.netlify.app/sites/ooka-hibachi-and-sushi/,J238-161,https://momentum-prospect-radar-next20-2026-08-11.netlify.app/gate/ooka-hibachi-and-sushi/?utm_source=directmail&utm_medium=qr&utm_campaign=jesse-238&utm_content=J238-161,ready,hold,,phones/emails stay in the Google Sheet; this repo is public
Direct Mail,jesse-238,Business,,,,OpenArc,https://momentum-prospect-radar-next20-2026-08-11.netlify.app/sites/openarc/,J238-162,https://momentum-prospect-radar-next20-2026-08-11.netlify.app/gate/openarc/?utm_source=directmail&utm_medium=qr&utm_campaign=jesse-238&utm_content=J238-162,ready,hold,,phones/emails stay in the Google Sheet; this repo is public
Direct Mail,jesse-238,Business,,,,OSS Health,https://momentum-prospect-radar-next20-2026-08-11.netlify.app/sites/oss-health/,J238-163,https://momentum-prospect-radar-next20-2026-08-11.netlify.app/gate/oss-health/?utm_source=directmail&utm_medium=qr&utm_campaign=jesse-238&utm_content=J238-163,ready,hold,,phones/emails stay in the Google Sheet; this repo is public
Direct Mail,jesse-238,Business,,,,Frederick W. Oster Fine Violins,https://momentum-prospect-radar-next20-2026-08-11.netlify.app/sites/oster-fine-violins/,J238-164,https://momentum-prospect-radar-next20-2026-08-11.netlify.app/gate/oster-fine-violins/?utm_source=directmail&utm_medium=qr&utm_campaign=jesse-238&utm_content=J238-164,ready,hold,,phones/emails stay in the Google Sheet; this repo is public
Direct Mail,jesse-238,Medical & Healthcare,,,,Oxford Rehabilitation Center,https://momentum-prospect-radar-next20-2026-08-11.netlify.app/sites/oxford-rehabilitation-center/,J238-165,https://momentum-prospect-radar-next20-2026-08-11.netlify.app/gate/oxford-rehabilitation-center/?utm_source=directmail&utm_medium=qr&utm_campaign=jesse-238&utm_content=J238-165,ready,hold,,phones/emails stay in the Google Sheet; this repo is public
Direct Mail,jesse-238,Home Services,,,,"Patriot Fence & Ironworks, LLC.",https://momentum-prospect-radar-next20-2026-08-11.netlify.app/sites/patriot-fence-and-ironworks/,J238-166,https://momentum-prospect-radar-next20-2026-08-11.netlify.app/gate/patriot-fence-and-ironworks/?utm_source=directmail&utm_medium=qr&utm_campaign=jesse-238&utm_content=J238-166,ready,hold,,phones/emails stay in the Google Sheet; this repo is public
Direct Mail,jesse-238,Restaurant,,,,Pat's King of Steaks,https://momentum-prospect-radar-next20-2026-08-11.netlify.app/sites/pats-king-steaks/,J238-167,https://momentum-prospect-radar-next20-2026-08-11.netlify.app/gate/pats-king-steaks/?utm_source=directmail&utm_medium=qr&utm_campaign=jesse-238&utm_content=J238-167,ready,hold,,phones/emails stay in the Google Sheet; this repo is public
Direct Mail,jesse-238,Business,,,,Peking Gourmet,https://momentum-prospect-radar-next20-2026-08-11.netlify.app/sites/peking-gourmet/,J238-168,https://momentum-prospect-radar-next20-2026-08-11.netlify.app/gate/peking-gourmet/?utm_source=directmail&utm_medium=qr&utm_campaign=jesse-238&utm_content=J238-168,ready,hold,,phones/emails stay in the Google Sheet; this repo is public
Direct Mail,jesse-238,Business,,,,Pennsylvania Dental Group,https://momentum-prospect-radar-next20-2026-08-11.netlify.app/sites/pennsylvania-dental-group/,J238-169,https://momentum-prospect-radar-next20-2026-08-11.netlify.app/gate/pennsylvania-dental-group/?utm_source=directmail&utm_medium=qr&utm_campaign=jesse-238&utm_content=J238-169,ready,hold,,phones/emails stay in the Google Sheet; this repo is public
Direct Mail,jesse-238,Business,,,,Philadelphia Auto Accident Injury Attorney,https://momentum-prospect-radar-next20-2026-08-11.netlify.app/sites/philadelphia-auto-accident-injury-attorney/,J238-170,https://momentum-prospect-radar-next20-2026-08-11.netlify.app/gate/philadelphia-auto-accident-injury-attorney/?utm_source=directmail&utm_medium=qr&utm_campaign=jesse-238&utm_content=J238-170,ready,hold,,phones/emails stay in the Google Sheet; this repo is public
Direct Mail,jesse-238,Business,,,,Philadelphia Garage,https://momentum-prospect-radar-next20-2026-08-11.netlify.app/sites/philadelphia-garage/,J238-171,https://momentum-prospect-radar-next20-2026-08-11.netlify.app/gate/philadelphia-garage/?utm_source=directmail&utm_medium=qr&utm_campaign=jesse-238&utm_content=J238-171,ready,hold,,phones/emails stay in the Google Sheet; this repo is public
Direct Mail,jesse-238,Record Store,,,,Philadelphia Record Exchange,https://momentum-prospect-radar-next20-2026-08-11.netlify.app/sites/philadelphia-record-exchange/,J238-172,https://momentum-prospect-radar-next20-2026-08-11.netlify.app/gate/philadelphia-record-exchange/?utm_source=directmail&utm_medium=qr&utm_campaign=jesse-238&utm_content=J238-172,ready,hold,,phones/emails stay in the Google Sheet; this repo is public
Direct Mail,jesse-238,Medical & Healthcare,,,,Philly Medical and Rehab Associates,https://momentum-prospect-radar-next20-2026-08-11.netlify.app/sites/philly-medical-and-rehab-associates/,J238-173,https://momentum-prospect-radar-next20-2026-08-11.netlify.app/gate/philly-medical-and-rehab-associates/?utm_source=directmail&utm_medium=qr&utm_campaign=jesse-238&utm_content=J238-173,ready,hold,,phones/emails stay in the Google Sheet; this repo is public
Direct Mail,jesse-238,Business,,,,Pipe Xpress,https://momentum-prospect-radar-next20-2026-08-11.netlify.app/sites/pipe-xpress/,J238-174,https://momentum-prospect-radar-next20-2026-08-11.netlify.app/gate/pipe-xpress/?utm_source=directmail&utm_medium=qr&utm_campaign=jesse-238&utm_content=J238-174,ready,hold,,phones/emails stay in the Google Sheet; this repo is public
Direct Mail,jesse-238,Business,,,,Pizza Peddler,https://momentum-prospect-radar-next20-2026-08-11.netlify.app/sites/pizza-peddler/,J238-175,https://momentum-prospect-radar-next20-2026-08-11.netlify.app/gate/pizza-peddler/?utm_source=directmail&utm_medium=qr&utm_campaign=jesse-238&utm_content=J238-175,ready,hold,,phones/emails stay in the Google Sheet; this repo is public
Direct Mail,jesse-238,Painting / drywall,,,,PK2 Construction,https://momentum-prospect-radar-next20-2026-08-11.netlify.app/sites/pk2-construction/,J238-176,https://momentum-prospect-radar-next20-2026-08-11.netlify.app/gate/pk2-construction/?utm_source=directmail&utm_medium=qr&utm_campaign=jesse-238&utm_content=J238-176,ready,hold,,phones/emails stay in the Google Sheet; this repo is public
Direct Mail,jesse-238,Business,,,,Plastic & Reconstructive Surgical Solutions,https://momentum-prospect-radar-next20-2026-08-11.netlify.app/sites/plastic-surgery-solutions/,J238-177,https://momentum-prospect-radar-next20-2026-08-11.netlify.app/gate/plastic-surgery-solutions/?utm_source=directmail&utm_medium=qr&utm_campaign=jesse-238&utm_content=J238-177,ready,hold,,phones/emails stay in the Google Sheet; this repo is public
Direct Mail,jesse-238,Plumbing / sewer,,,,"Prime Interiors, LLC",https://momentum-prospect-radar-next20-2026-08-11.netlify.app/sites/prime-interiors-llc/,J238-178,https://momentum-prospect-radar-next20-2026-08-11.netlify.app/gate/prime-interiors-llc/?utm_source=directmail&utm_medium=qr&utm_campaign=jesse-238&utm_content=J238-178,ready,hold,,phones/emails stay in the Google Sheet; this repo is public
Direct Mail,jesse-238,Business,,,,Pro Nails,https://momentum-prospect-radar-next20-2026-08-11.netlify.app/sites/pro-nails/,J238-179,https://momentum-prospect-radar-next20-2026-08-11.netlify.app/gate/pro-nails/?utm_source=directmail&utm_medium=qr&utm_campaign=jesse-238&utm_content=J238-179,ready,hold,,phones/emails stay in the Google Sheet; this repo is public
Direct Mail,jesse-238,Medical & Healthcare,,,,PT in Philly,https://momentum-prospect-radar-next20-2026-08-11.netlify.app/sites/pt-in-philly/,J238-180,https://momentum-prospect-radar-next20-2026-08-11.netlify.app/gate/pt-in-philly/?utm_source=directmail&utm_medium=qr&utm_campaign=jesse-238&utm_content=J238-180,ready,hold,,phones/emails stay in the Google Sheet; this repo is public
Direct Mail,jesse-238,Business,,,,Radiance Dental,https://momentum-prospect-radar-next20-2026-08-11.netlify.app/sites/radiance-dental/,J238-181,https://momentum-prospect-radar-next20-2026-08-11.netlify.app/gate/radiance-dental/?utm_source=directmail&utm_medium=qr&utm_campaign=jesse-238&utm_content=J238-181,ready,hold,,phones/emails stay in the Google Sheet; this repo is public
Direct Mail,jesse-238,Business,,,,Rally House Collegeville,https://momentum-prospect-radar-next20-2026-08-11.netlify.app/sites/rally-house-collegeville/,J238-182,https://momentum-prospect-radar-next20-2026-08-11.netlify.app/gate/rally-house-collegeville/?utm_source=directmail&utm_medium=qr&utm_campaign=jesse-238&utm_content=J238-182,ready,hold,,phones/emails stay in the Google Sheet; this repo is public
Direct Mail,jesse-238,Public Market,,,,Reading Terminal Market,https://momentum-prospect-radar-next20-2026-08-11.netlify.app/sites/reading-terminal/,J238-183,https://momentum-prospect-radar-next20-2026-08-11.netlify.app/gate/reading-terminal/?utm_source=directmail&utm_medium=qr&utm_campaign=jesse-238&utm_content=J238-183,ready,hold,,phones/emails stay in the Google Sheet; this repo is public
Direct Mail,jesse-238,Coffee,,,,ReAnimator Coffee,https://momentum-prospect-radar-next20-2026-08-11.netlify.app/sites/reanimator-coffee/,J238-184,https://momentum-prospect-radar-next20-2026-08-11.netlify.app/gate/reanimator-coffee/?utm_source=directmail&utm_medium=qr&utm_campaign=jesse-238&utm_content=J238-184,ready,hold,,phones/emails stay in the Google Sheet; this repo is public
Direct Mail,jesse-238,Business,,,,Reardon Dental Exton,https://momentum-prospect-radar-next20-2026-08-11.netlify.app/sites/reardon-dental/,J238-185,https://momentum-prospect-radar-next20-2026-08-11.netlify.app/gate/reardon-dental/?utm_source=directmail&utm_medium=qr&utm_campaign=jesse-238&utm_content=J238-185,ready,hold,,phones/emails stay in the Google Sheet; this repo is public
Direct Mail,jesse-238,Business,,,,Red Hill Greenhouses & Florist,https://momentum-prospect-radar-next20-2026-08-11.netlify.app/sites/red-hill-greenhouses-florist/,J238-186,https://momentum-prospect-radar-next20-2026-08-11.netlify.app/gate/red-hill-greenhouses-florist/?utm_source=directmail&utm_medium=qr&utm_campaign=jesse-238&utm_content=J238-186,ready,hold,,phones/emails stay in the Google Sheet; this repo is public
Direct Mail,jesse-238,Home Services,,,,RHI Construction Inc.,https://momentum-prospect-radar-next20-2026-08-11.netlify.app/sites/rhi-construction/,J238-187,https://momentum-prospect-radar-next20-2026-08-11.netlify.app/gate/rhi-construction/?utm_source=directmail&utm_medium=qr&utm_campaign=jesse-238&utm_content=J238-187,ready,hold,,phones/emails stay in the Google Sheet; this repo is public
Direct Mail,jesse-238,Business,,,,Riley Rodzianko & Clymer LLP,https://momentum-prospect-radar-next20-2026-08-11.netlify.app/sites/riley-rodzianko-and-clymer-llp/,J238-188,https://momentum-prospect-radar-next20-2026-08-11.netlify.app/gate/riley-rodzianko-and-clymer-llp/?utm_source=directmail&utm_medium=qr&utm_campaign=jesse-238&utm_content=J238-188,ready,hold,,phones/emails stay in the Google Sheet; this repo is public
Direct Mail,jesse-238,Business,,,,Rittenhouse Square Chiro,https://momentum-prospect-radar-next20-2026-08-11.netlify.app/sites/rittenhouse-square-chiropractic/,J238-189,https://momentum-prospect-radar-next20-2026-08-11.netlify.app/gate/rittenhouse-square-chiropractic/?utm_source=directmail&utm_medium=qr&utm_campaign=jesse-238&utm_content=J238-189,ready,hold,,phones/emails stay in the Google Sheet; this repo is public
Direct Mail,jesse-238,Construction / remodeling,,,,Robert J. Spence Plumbing and Heating,https://momentum-prospect-radar-next20-2026-08-11.netlify.app/sites/robert-j-spence-plumbing-and-heating/,J238-190,https://momentum-prospect-radar-next20-2026-08-11.netlify.app/gate/robert-j-spence-plumbing-and-heating/?utm_source=directmail&utm_medium=qr&utm_campaign=jesse-238&utm_content=J238-190,ready,hold,,phones/emails stay in the Google Sheet; this repo is public
Direct Mail,jesse-238,Business,,,,Rocco's Brick Oven Pizzeria,https://momentum-prospect-radar-next20-2026-08-11.netlify.app/sites/rocco-s-brick-oven-pizzeria/,J238-191,https://momentum-prospect-radar-next20-2026-08-11.netlify.app/gate/rocco-s-brick-oven-pizzeria/?utm_source=directmail&utm_medium=qr&utm_campaign=jesse-238&utm_content=J238-191,ready,hold,,phones/emails stay in the Google Sheet; this repo is public
Direct Mail,jesse-238,Medical & Healthcare,,,,Rufus Chiropractic and Wellness,https://momentum-prospect-radar-next20-2026-08-11.netlify.app/sites/rufus-chiropractic-and-wellness/,J238-192,https://momentum-prospect-radar-next20-2026-08-11.netlify.app/gate/rufus-chiropractic-and-wellness/?utm_source=directmail&utm_medium=qr&utm_campaign=jesse-238&utm_content=J238-192,ready,hold,,phones/emails stay in the Google Sheet; this repo is public
Direct Mail,jesse-238,Business,,,,Salter's Fireplace,https://momentum-prospect-radar-next20-2026-08-11.netlify.app/sites/salters-fireplace/,J238-193,https://momentum-prospect-radar-next20-2026-08-11.netlify.app/gate/salters-fireplace/?utm_source=directmail&utm_medium=qr&utm_campaign=jesse-238&utm_content=J238-193,ready,hold,,phones/emails stay in the Google Sheet; this repo is public
Direct Mail,jesse-238,Business,,,,Sciacca Service Center,https://momentum-prospect-radar-next20-2026-08-11.netlify.app/sites/sciacca-service-center/,J238-194,https://momentum-prospect-radar-next20-2026-08-11.netlify.app/gate/sciacca-service-center/?utm_source=directmail&utm_medium=qr&utm_campaign=jesse-238&utm_content=J238-194,ready,hold,,phones/emails stay in the Google Sheet; this repo is public
Direct Mail,jesse-238,Business,,,,Scott Lot,https://momentum-prospect-radar-next20-2026-08-11.netlify.app/sites/scott-lot/,J238-195,https://momentum-prospect-radar-next20-2026-08-11.netlify.app/gate/scott-lot/?utm_source=directmail&utm_medium=qr&utm_campaign=jesse-238&utm_content=J238-195,ready,hold,,phones/emails stay in the Google Sheet; this repo is public
Direct Mail,jesse-238,Home Services,,,,SCRC Accident & Injury Center,https://momentum-prospect-radar-next20-2026-08-11.netlify.app/sites/scrc-accident-and-injury-center/,J238-196,https://momentum-prospect-radar-next20-2026-08-11.netlify.app/gate/scrc-accident-and-injury-center/?utm_source=directmail&utm_medium=qr&utm_campaign=jesse-238&utm_content=J238-196,ready,hold,,phones/emails stay in the Google Sheet; this repo is public
Direct Mail,jesse-238,Business,,,,Seiler & Drury,https://momentum-prospect-radar-next20-2026-08-11.netlify.app/sites/seiler-drury/,J238-197,https://momentum-prospect-radar-next20-2026-08-11.netlify.app/gate/seiler-drury/?utm_source=directmail&utm_medium=qr&utm_campaign=jesse-238&utm_content=J238-197,ready,hold,,phones/emails stay in the Google Sheet; this repo is public
Direct Mail,jesse-238,Business,,,,Sesame Inn,https://momentum-prospect-radar-next20-2026-08-11.netlify.app/sites/sesame-inn/,J238-198,https://momentum-prospect-radar-next20-2026-08-11.netlify.app/gate/sesame-inn/?utm_source=directmail&utm_medium=qr&utm_campaign=jesse-238&utm_content=J238-198,ready,hold,,phones/emails stay in the Google Sheet; this repo is public
Direct Mail,jesse-238,Painting / drywall,,,,Sharp Edge Construction Company,https://momentum-prospect-radar-next20-2026-08-11.netlify.app/sites/sharp-edge-construction-company/,J238-199,https://momentum-prospect-radar-next20-2026-08-11.netlify.app/gate/sharp-edge-construction-company/?utm_source=directmail&utm_medium=qr&utm_campaign=jesse-238&utm_content=J238-199,ready,hold,,phones/emails stay in the Google Sheet; this repo is public
Direct Mail,jesse-238,Painting / drywall,,,,Shooster Development,https://momentum-prospect-radar-next20-2026-08-11.netlify.app/sites/shooster-development/,J238-200,https://momentum-prospect-radar-next20-2026-08-11.netlify.app/gate/shooster-development/?utm_source=directmail&utm_medium=qr&utm_campaign=jesse-238&utm_content=J238-200,ready,hold,,phones/emails stay in the Google Sheet; this repo is public
Direct Mail,jesse-238,Painting / drywall,,,,"Sioutis Coatings Ent., Inc.",https://momentum-prospect-radar-next20-2026-08-11.netlify.app/sites/sioutis-coatings-ent-inc/,J238-201,https://momentum-prospect-radar-next20-2026-08-11.netlify.app/gate/sioutis-coatings-ent-inc/?utm_source=directmail&utm_medium=qr&utm_campaign=jesse-238&utm_content=J238-201,ready,hold,,phones/emails stay in the Google Sheet; this repo is public
Direct Mail,jesse-238,Business,,,,Snyder Online Marketing,https://momentum-prospect-radar-next20-2026-08-11.netlify.app/sites/snyder-online-marketing/,J238-202,https://momentum-prospect-radar-next20-2026-08-11.netlify.app/gate/snyder-online-marketing/?utm_source=directmail&utm_medium=qr&utm_campaign=jesse-238&utm_content=J238-202,ready,hold,,phones/emails stay in the Google Sheet; this repo is public
Direct Mail,jesse-238,Plumbing / heating,,,,"Solution Based Plumbing and Heating, Inc.",https://momentum-prospect-radar-next20-2026-08-11.netlify.app/sites/solution-based-plumbing-and-heating-inc/,J238-203,https://momentum-prospect-radar-next20-2026-08-11.netlify.app/gate/solution-based-plumbing-and-heating-inc/?utm_source=directmail&utm_medium=qr&utm_campaign=jesse-238&utm_content=J238-203,ready,hold,,phones/emails stay in the Google Sheet; this repo is public
Direct Mail,jesse-238,Business,,,,Southampton Hot Tub,https://momentum-prospect-radar-next20-2026-08-11.netlify.app/sites/southampton-hot-tub/,J238-204,https://momentum-prospect-radar-next20-2026-08-11.netlify.app/gate/southampton-hot-tub/?utm_source=directmail&utm_medium=qr&utm_campaign=jesse-238&utm_content=J238-204,ready,hold,,phones/emails stay in the Google Sheet; this repo is public
Direct Mail,jesse-238,Restaurant,,,,Square 1682,https://momentum-prospect-radar-next20-2026-08-11.netlify.app/sites/square-1682/,J238-205,https://momentum-prospect-radar-next20-2026-08-11.netlify.app/gate/square-1682/?utm_source=directmail&utm_medium=qr&utm_campaign=jesse-238&utm_content=J238-205,ready,hold,,phones/emails stay in the Google Sheet; this repo is public
Direct Mail,jesse-238,Gastropub,,,,Standard Tap,https://momentum-prospect-radar-next20-2026-08-11.netlify.app/sites/standard-tap/,J238-206,https://momentum-prospect-radar-next20-2026-08-11.netlify.app/gate/standard-tap/?utm_source=directmail&utm_medium=qr&utm_campaign=jesse-238&utm_content=J238-206,ready,hold,,phones/emails stay in the Google Sheet; this repo is public
Direct Mail,jesse-238,Electrical,,,,Strickland Electric,https://momentum-prospect-radar-next20-2026-08-11.netlify.app/sites/strickland-electric/,J238-207,https://momentum-prospect-radar-next20-2026-08-11.netlify.app/gate/strickland-electric/?utm_source=directmail&utm_medium=qr&utm_campaign=jesse-238&utm_content=J238-207,ready,hold,,phones/emails stay in the Google Sheet; this repo is public
Direct Mail,jesse-238,HVAC / plumbing / electrical,,,,Summers Quality Services,https://momentum-prospect-radar-next20-2026-08-11.netlify.app/sites/summers-quality-services/,J238-208,https://momentum-prospect-radar-next20-2026-08-11.netlify.app/gate/summers-quality-services/?utm_source=directmail&utm_medium=qr&utm_campaign=jesse-238&utm_content=J238-208,ready,hold,,phones/emails stay in the Google Sheet; this repo is public
Direct Mail,jesse-238,Restaurant,,,,Suraya,https://momentum-prospect-radar-next20-2026-08-11.netlify.app/sites/suraya/,J238-209,https://momentum-prospect-radar-next20-2026-08-11.netlify.app/gate/suraya/?utm_source=directmail&utm_medium=qr&utm_campaign=jesse-238&utm_content=J238-209,ready,hold,,phones/emails stay in the Google Sheet; this repo is public
Direct Mail,jesse-238,Painting / drywall,,,,Tanglewood PTG. Corp.,https://momentum-prospect-radar-next20-2026-08-11.netlify.app/sites/tanglewood-ptg-corp/,J238-210,https://momentum-prospect-radar-next20-2026-08-11.netlify.app/gate/tanglewood-ptg-corp/?utm_source=directmail&utm_medium=qr&utm_campaign=jesse-238&utm_content=J238-210,ready,hold,,phones/emails stay in the Google Sheet; this repo is public
Direct Mail,jesse-238,Bakery,,,,Termini Brothers Bakery,https://momentum-prospect-radar-next20-2026-08-11.netlify.app/sites/termini-bros/,J238-211,https://momentum-prospect-radar-next20-2026-08-11.netlify.app/gate/termini-bros/?utm_source=directmail&utm_medium=qr&utm_campaign=jesse-238&utm_content=J238-211,ready,hold,,phones/emails stay in the Google Sheet; this repo is public
Direct Mail,jesse-238,Business,,,,The Edge Fitness Clubs Media,https://momentum-prospect-radar-next20-2026-08-11.netlify.app/sites/the-edge-fitness-clubs/,J238-212,https://momentum-prospect-radar-next20-2026-08-11.netlify.app/gate/the-edge-fitness-clubs/?utm_source=directmail&utm_medium=qr&utm_campaign=jesse-238&utm_content=J238-212,ready,hold,,phones/emails stay in the Google Sheet; this repo is public
Direct Mail,jesse-238,Business,,,,Theory Outlet at Philadelphia Premium Outlets,https://momentum-prospect-radar-next20-2026-08-11.netlify.app/sites/theory/,J238-213,https://momentum-prospect-radar-next20-2026-08-11.netlify.app/gate/theory/?utm_source=directmail&utm_medium=qr&utm_campaign=jesse-238&utm_content=J238-213,ready,hold,,phones/emails stay in the Google Sheet; this repo is public
Direct Mail,jesse-238,Business,,,,The Restaurant Store Plymouth Meeting,https://momentum-prospect-radar-next20-2026-08-11.netlify.app/sites/the-restaurant-store/,J238-214,https://momentum-prospect-radar-next20-2026-08-11.netlify.app/gate/the-restaurant-store/?utm_source=directmail&utm_medium=qr&utm_campaign=jesse-238&utm_content=J238-214,ready,hold,,phones/emails stay in the Google Sheet; this repo is public
Direct Mail,jesse-238,Business,,,,THR Insurance,https://momentum-prospect-radar-next20-2026-08-11.netlify.app/sites/thr-insurance/,J238-215,https://momentum-prospect-radar-next20-2026-08-11.netlify.app/gate/thr-insurance/?utm_source=directmail&utm_medium=qr&utm_campaign=jesse-238&utm_content=J238-215,ready,hold,,phones/emails stay in the Google Sheet; this repo is public
Direct Mail,jesse-238,Business,,,,THR Insurance Agency,https://momentum-prospect-radar-next20-2026-08-11.netlify.app/sites/thr-insurance-agency/,J238-216,https://momentum-prospect-radar-next20-2026-08-11.netlify.app/gate/thr-insurance-agency/?utm_source=directmail&utm_medium=qr&utm_campaign=jesse-238&utm_content=J238-216,ready,hold,,phones/emails stay in the Google Sheet; this repo is public
Direct Mail,jesse-238,Business,,,,TM Prestige Home Cash Buyer,https://momentum-prospect-radar-next20-2026-08-11.netlify.app/sites/tm-prestige-home-cash-buyer/,J238-217,https://momentum-prospect-radar-next20-2026-08-11.netlify.app/gate/tm-prestige-home-cash-buyer/?utm_source=directmail&utm_medium=qr&utm_campaign=jesse-238&utm_content=J238-217,ready,hold,,phones/emails stay in the Google Sheet; this repo is public
Direct Mail,jesse-238,Business,,,,Towne Book Center & Wine Bar,https://momentum-prospect-radar-next20-2026-08-11.netlify.app/sites/towne-book-center-wine-bar/,J238-218,https://momentum-prospect-radar-next20-2026-08-11.netlify.app/gate/towne-book-center-wine-bar/?utm_source=directmail&utm_medium=qr&utm_campaign=jesse-238&utm_content=J238-218,ready,hold,,phones/emails stay in the Google Sheet; this repo is public
Direct Mail,jesse-238,Business,,,,Train and Nourish,https://momentum-prospect-radar-next20-2026-08-11.netlify.app/sites/train-and-nourish/,J238-219,https://momentum-prospect-radar-next20-2026-08-11.netlify.app/gate/train-and-nourish/?utm_source=directmail&utm_medium=qr&utm_campaign=jesse-238&utm_content=J238-219,ready,hold,,phones/emails stay in the Google Sheet; this repo is public
Direct Mail,jesse-238,Business,,,,Trend Auto Trader,https://momentum-prospect-radar-next20-2026-08-11.netlify.app/sites/trend-auto-trader/,J238-220,https://momentum-prospect-radar-next20-2026-08-11.netlify.app/gate/trend-auto-trader/?utm_source=directmail&utm_medium=qr&utm_campaign=jesse-238&utm_content=J238-220,ready,hold,,phones/emails stay in the Google Sheet; this repo is public
Direct Mail,jesse-238,Painting / drywall,,,,Trend Painting,https://momentum-prospect-radar-next20-2026-08-11.netlify.app/sites/trend-painting/,J238-221,https://momentum-prospect-radar-next20-2026-08-11.netlify.app/gate/trend-painting/?utm_source=directmail&utm_medium=qr&utm_campaign=jesse-238&utm_content=J238-221,ready,hold,,phones/emails stay in the Google Sheet; this repo is public
Direct Mail,jesse-238,Business,,,,Udis & Conn Orthodontics,https://momentum-prospect-radar-next20-2026-08-11.netlify.app/sites/udis-conn-orthodontics/,J238-222,https://momentum-prospect-radar-next20-2026-08-11.netlify.app/gate/udis-conn-orthodontics/?utm_source=directmail&utm_medium=qr&utm_campaign=jesse-238&utm_content=J238-222,ready,hold,,phones/emails stay in the Google Sheet; this repo is public
Direct Mail,jesse-238,Architectural metal / roofing,,,,United Metal Construction LLC,https://momentum-prospect-radar-next20-2026-08-11.netlify.app/sites/united-metal-construction-llc/,J238-223,https://momentum-prospect-radar-next20-2026-08-11.netlify.app/gate/united-metal-construction-llc/?utm_source=directmail&utm_medium=qr&utm_campaign=jesse-238&utm_content=J238-223,ready,hold,,phones/emails stay in the Google Sheet; this repo is public
Direct Mail,jesse-238,Business,,,,UNO Pizzeria & Grill Oaks,https://momentum-prospect-radar-next20-2026-08-11.netlify.app/sites/uno-chicago-style-pizza/,J238-224,https://momentum-prospect-radar-next20-2026-08-11.netlify.app/gate/uno-chicago-style-pizza/?utm_source=directmail&utm_medium=qr&utm_campaign=jesse-238&utm_content=J238-224,ready,hold,,phones/emails stay in the Google Sheet; this repo is public
Direct Mail,jesse-238,Business,,,,UrgentVet Pottstown,https://momentum-prospect-radar-next20-2026-08-11.netlify.app/sites/urgentvet-pottstown/,J238-225,https://momentum-prospect-radar-next20-2026-08-11.netlify.app/gate/urgentvet-pottstown/?utm_source=directmail&utm_medium=qr&utm_campaign=jesse-238&utm_content=J238-225,ready,hold,,phones/emails stay in the Google Sheet; this repo is public
Direct Mail,jesse-238,Business,,,,L. A. Verruni Landscaping,https://momentum-prospect-radar-next20-2026-08-11.netlify.app/sites/verruni-landscaping/,J238-226,https://momentum-prospect-radar-next20-2026-08-11.netlify.app/gate/verruni-landscaping/?utm_source=directmail&utm_medium=qr&utm_campaign=jesse-238&utm_content=J238-226,ready,hold,,phones/emails stay in the Google Sheet; this repo is public
Direct Mail,jesse-238,Restaurant,,,,Victor Cafe,https://momentum-prospect-radar-next20-2026-08-11.netlify.app/sites/victor-cafe/,J238-227,https://momentum-prospect-radar-next20-2026-08-11.netlify.app/gate/victor-cafe/?utm_source=directmail&utm_medium=qr&utm_campaign=jesse-238&utm_content=J238-227,ready,hold,,phones/emails stay in the Google Sheet; this repo is public
Direct Mail,jesse-238,Heavy steel fabrication,,,,"Waste Gas Fabricating Company, Inc.",https://momentum-prospect-radar-next20-2026-08-11.netlify.app/sites/waste-gas-fabricating-company-inc/,J238-228,https://momentum-prospect-radar-next20-2026-08-11.netlify.app/gate/waste-gas-fabricating-company-inc/?utm_source=directmail&utm_medium=qr&utm_campaign=jesse-238&utm_content=J238-228,ready,hold,,phones/emails stay in the Google Sheet; this repo is public
Direct Mail,jesse-238,Business,,,,Welcome Dental,https://momentum-prospect-radar-next20-2026-08-11.netlify.app/sites/welcome-dental/,J238-229,https://momentum-prospect-radar-next20-2026-08-11.netlify.app/gate/welcome-dental/?utm_source=directmail&utm_medium=qr&utm_campaign=jesse-238&utm_content=J238-229,ready,hold,,phones/emails stay in the Google Sheet; this repo is public
Direct Mail,jesse-238,Business,,,,Whitelands Animal Hospital,https://momentum-prospect-radar-next20-2026-08-11.netlify.app/sites/whitelands-animal-hospital/,J238-230,https://momentum-prospect-radar-next20-2026-08-11.netlify.app/gate/whitelands-animal-hospital/?utm_source=directmail&utm_medium=qr&utm_campaign=jesse-238&utm_content=J238-230,ready,hold,,phones/emails stay in the Google Sheet; this repo is public
Direct Mail,jesse-238,Business,,,,Wholly Grounds Coffeehouse,https://momentum-prospect-radar-next20-2026-08-11.netlify.app/sites/wholly-grounds/,J238-231,https://momentum-prospect-radar-next20-2026-08-11.netlify.app/gate/wholly-grounds/?utm_source=directmail&utm_medium=qr&utm_campaign=jesse-238&utm_content=J238-231,ready,hold,,phones/emails stay in the Google Sheet; this repo is public
Direct Mail,jesse-238,Forklift service,,,,"Wilson's Forklift Service, LLC",https://momentum-prospect-radar-next20-2026-08-11.netlify.app/sites/wilson-s-forklift-service-llc/,J238-232,https://momentum-prospect-radar-next20-2026-08-11.netlify.app/gate/wilson-s-forklift-service-llc/?utm_source=directmail&utm_medium=qr&utm_campaign=jesse-238&utm_content=J238-232,ready,hold,,phones/emails stay in the Google Sheet; this repo is public
Direct Mail,jesse-238,Business,,,,WJA Landscaping,https://momentum-prospect-radar-next20-2026-08-11.netlify.app/sites/wja-landscaping/,J238-233,https://momentum-prospect-radar-next20-2026-08-11.netlify.app/gate/wja-landscaping/?utm_source=directmail&utm_medium=qr&utm_campaign=jesse-238&utm_content=J238-233,ready,hold,,phones/emails stay in the Google Sheet; this repo is public
Direct Mail,jesse-238,Business,,,,Wynnewood Eye Care,https://momentum-prospect-radar-next20-2026-08-11.netlify.app/sites/wynnewood-eyecare/,J238-234,https://momentum-prospect-radar-next20-2026-08-11.netlify.app/gate/wynnewood-eyecare/?utm_source=directmail&utm_medium=qr&utm_campaign=jesse-238&utm_content=J238-234,ready,hold,,phones/emails stay in the Google Sheet; this repo is public
Direct Mail,jesse-238,Electrical,,,,Young's Electrical Services Inc.,https://momentum-prospect-radar-next20-2026-08-11.netlify.app/sites/young-s-electrical-services-inc/,J238-235,https://momentum-prospect-radar-next20-2026-08-11.netlify.app/gate/young-s-electrical-services-inc/?utm_source=directmail&utm_medium=qr&utm_campaign=jesse-238&utm_content=J238-235,ready,hold,,phones/emails stay in the Google Sheet; this repo is public
Direct Mail,jesse-238,Restaurant,,,,Zahav,https://momentum-prospect-radar-next20-2026-08-11.netlify.app/sites/zahav/,J238-236,https://momentum-prospect-radar-next20-2026-08-11.netlify.app/gate/zahav/?utm_source=directmail&utm_medium=qr&utm_campaign=jesse-238&utm_content=J238-236,ready,hold,,phones/emails stay in the Google Sheet; this repo is public
Direct Mail,jesse-238,Plumbing / sewer,,,,ZBC General Contracting,https://momentum-prospect-radar-next20-2026-08-11.netlify.app/sites/zbc-general-contracting/,J238-237,https://momentum-prospect-radar-next20-2026-08-11.netlify.app/gate/zbc-general-contracting/?utm_source=directmail&utm_medium=qr&utm_campaign=jesse-238&utm_content=J238-237,ready,hold,,phones/emails stay in the Google Sheet; this repo is public
Direct Mail,jesse-238,Business,,,,Zuber Realty,https://momentum-prospect-radar-next20-2026-08-11.netlify.app/sites/zuber-realty/,J238-238,https://momentum-prospect-radar-next20-2026-08-11.netlify.app/gate/zuber-realty/?utm_source=directmail&utm_medium=qr&utm_campaign=jesse-238&utm_content=J238-238,ready,hold,,phones/emails stay in the Google Sheet; this repo is public
