priority,cluster,cluster_rank,keyword,target_route,intent,us_monthly_volume,keyword_difficulty,cpc_usd,semrush_relevance,serp_features,opportunity_score,data_source,researched_on
"1","website design services","1","website design services","/web-design/","C","14800","67","12.14","100","6","88.61","SEMrush Keyword Magic Tool, US database","2026-08-25"
"2","website design services","2","web design services","/web-design/","C","18100","61","10.29","81","7","82.83","SEMrush Keyword Magic Tool, US database","2026-08-25"
"3","website design services","3","web design company","/web-design/","C","33100","64","12.96","69","9","79.14","SEMrush Keyword Magic Tool, US database","2026-08-25"
"4","website design services","4","website design company","/web-design/","C","18100","59","12.96","69","7","78.29","SEMrush Keyword Magic Tool, US database","2026-08-25"
"5","website design services","5","website design and development services","/web-design/","C","2400","48","11.47","69","8","74.02","SEMrush Keyword Magic Tool, US database","2026-08-25"
"6","website design services","6","web design service","/web-design/","C","3600","76","12.14","77","6","71.79","SEMrush Keyword Magic Tool, US database","2026-08-25"
"7","website design services","7","web design","/web-design/","I","74000","85","9.69","69","7","71.68","SEMrush Keyword Magic Tool, US database","2026-08-25"
"8","website design services","8","website design service","/web-design/","C","2400","73","12.14","78","8","71.55","SEMrush Keyword Magic Tool, US database","2026-08-25"
"9","website design services","9","web design company services","/web-design/","C","320","43","11.23","73","8","69.96","SEMrush Keyword Magic Tool, US database","2026-08-25"
"10","website design services","10","web design solutions","/web-design/","C","390","50","5.98","75","6","69.74","SEMrush Keyword Magic Tool, US database","2026-08-25"
"11","website design services","11","website design","/web-design/","I","60500","90","9.69","69","6","69.73","SEMrush Keyword Magic Tool, US database","2026-08-25"
"12","website design services","12","professional website design services","/web-design/","C","880","70","15.04","79","7","69.24","SEMrush Keyword Magic Tool, US database","2026-08-25"
"13","website design services","13","professional web design company","/web-design/","C","1300","62","11.15","71","5","69.23","SEMrush Keyword Magic Tool, US database","2026-08-25"
"14","website design services","14","web design & development services","/web-design/","C","1000","56","13.58","69","6","68.98","SEMrush Keyword Magic Tool, US database","2026-08-25"
"15","website design services","15","web design and development services","/web-design/","I","1900","45","11.47","69","7","68.96","SEMrush Keyword Magic Tool, US database","2026-08-25"
"16","website design services","16","best website design services","/web-design/","C","590","52","11.40","70","6","68.57","SEMrush Keyword Magic Tool, US database","2026-08-25"
"17","website optimization","1","website optimization","/web-design-optimization/","I","6600","55","12.28","100","6","83.81","SEMrush Keyword Magic Tool, US database","2026-08-25"
"18","website optimization","2","website speed consultant","/web-design-optimization/","I","260","21","0.00","68","4","67.64","SEMrush Keyword Magic Tool, US database","2026-08-25"
"19","website optimization","3","web optimization","/web-design-optimization/","I","1000","52","9.60","73","7","66.66","SEMrush Keyword Magic Tool, US database","2026-08-25"
"20","website optimization","4","optimized website","/web-design-optimization/","I","590","44","9.60","71","8","65.99","SEMrush Keyword Magic Tool, US database","2026-08-25"
"21","website optimization","5","pagespeed mobile","/web-design-optimization/","I","480","41","0.00","68","5","64.77","SEMrush Keyword Magic Tool, US database","2026-08-25"
"22","website optimization","6","web site optimization","/web-design-optimization/","I","390","55","12.85","78","7","64.75","SEMrush Keyword Magic Tool, US database","2026-08-25"
"23","website optimization","7","google site page speed","/web-design-optimization/","I
C","210","53","6.27","68","2","63.9","SEMrush Keyword Magic Tool, US database","2026-08-25"
"24","website optimization","8","what is website optimization","/web-design-optimization/","I","260","53","5.33","76","7","63","SEMrush Keyword Magic Tool, US database","2026-08-25"
"25","website optimization","9","web page optimization","/web-design-optimization/","I","590","64","9.40","75","5","62.67","SEMrush Keyword Magic Tool, US database","2026-08-25"
"26","website optimization","10","website design optimization","/web-design-optimization/","I","90","36","17.03","72","6","61.91","SEMrush Keyword Magic Tool, US database","2026-08-25"
"27","website optimization","11","website optimizing","/web-design-optimization/","I","90","45","12.85","77","8","61.76","SEMrush Keyword Magic Tool, US database","2026-08-25"
"28","website optimization","12","google website speed","/web-design-optimization/","N","210","42","0.00","68","5","61.65","SEMrush Keyword Magic Tool, US database","2026-08-25"
"29","website optimization","13","optimization of websites","/web-design-optimization/","I","140","52","11.30","76","6","61.11","SEMrush Keyword Magic Tool, US database","2026-08-25"
"30","website optimization","14","homepage optimization","/web-design-optimization/","I","260","54","0.00","72","7","61.07","SEMrush Keyword Magic Tool, US database","2026-08-25"
"31","website optimization","15","website page optimization","/web-design-optimization/","I","90","50","9.40","78","6","60.93","SEMrush Keyword Magic Tool, US database","2026-08-25"
"32","website optimization","16","google website speed test","/web-design-optimization/","C","2400","99","4.33","68","4","60.85","SEMrush Keyword Magic Tool, US database","2026-08-25"
"33","technical seo services","1","technical seo services","/technical-seo/","I","6600","28","9.18","100","4","90.56","SEMrush Keyword Magic Tool, US database","2026-08-25"
"34","technical seo services","2","technical seo consultant","/technical-seo/","I","2900","19","15.26","74","5","79.03","SEMrush Keyword Magic Tool, US database","2026-08-25"
"35","technical seo services","3","technical seo experts","/technical-seo/","C","1000","17","31.44","67","5","77.89","SEMrush Keyword Magic Tool, US database","2026-08-25"
"36","technical seo services","4","technical seo agency","/technical-seo/","I","4400","27","16.49","71","4","77.22","SEMrush Keyword Magic Tool, US database","2026-08-25"
"37","technical seo services","5","technical seo consultants","/technical-seo/","I","1300","21","72.12","74","5","75.74","SEMrush Keyword Magic Tool, US database","2026-08-25"
"38","technical seo services","6","technical seo service","/technical-seo/","I","1900","39","9.18","80","4","75.08","SEMrush Keyword Magic Tool, US database","2026-08-25"
"39","technical seo services","7","technical seo company","/technical-seo/","I","1300","22","59.93","66","4","72.13","SEMrush Keyword Magic Tool, US database","2026-08-25"
"40","technical seo services","8","technical seo specialists","/technical-seo/","I","390","28","26.75","78","6","71.5","SEMrush Keyword Magic Tool, US database","2026-08-25"
"41","technical seo services","9","technical seo consulting","/technical-seo/","I","880","21","0.00","67","5","71.45","SEMrush Keyword Magic Tool, US database","2026-08-25"
"42","technical seo services","10","technical seo agencies","/technical-seo/","I","720","26","15.18","71","5","71.18","SEMrush Keyword Magic Tool, US database","2026-08-25"
"43","technical seo services","11","technical seo expert","/technical-seo/","I","1900","40","19.31","68","6","69.79","SEMrush Keyword Magic Tool, US database","2026-08-25"
"44","technical seo services","12","technical seo consultancy","/technical-seo/","I","590","26","15.26","69","6","69.65","SEMrush Keyword Magic Tool, US database","2026-08-25"
"45","technical seo services","13","technical seo services agency","/technical-seo/","I","170","24","25.50","71","8","66.68","SEMrush Keyword Magic Tool, US database","2026-08-25"
"46","technical seo services","14","technical seo companies","/technical-seo/","I","140","25","70.58","73","6","66.6","SEMrush Keyword Magic Tool, US database","2026-08-25"
"47","technical seo services","15","technical seo services company","/technical-seo/","I","260","30","8.54","70","6","66.23","SEMrush Keyword Magic Tool, US database","2026-08-25"
"48","technical seo services","16","technical seo firm","/technical-seo/","I","90","19","0.00","70","5","65.32","SEMrush Keyword Magic Tool, US database","2026-08-25"
"49","answer engine optimization","1","answer engine optimization","/aeo-geo/","I","4400","52","9.21","100","7","83.15","SEMrush Keyword Magic Tool, US database","2026-08-25"
"50","answer engine optimization","2","answer engine optimization best practices","/aeo-geo/","C","110","14","0.00","63","5","69.32","SEMrush Keyword Magic Tool, US database","2026-08-25"
"51","answer engine optimization","3","answer engine optimization tools","/aeo-geo/","I
C","390","40","15.51","66","7","68.46","SEMrush Keyword Magic Tool, US database","2026-08-25"
"52","answer engine optimization","4","answer engine optimization aeo best practices","/aeo-geo/","C","50","7","0.00","63","7","68.37","SEMrush Keyword Magic Tool, US database","2026-08-25"
"53","answer engine optimization","5","best practices for answer engine optimization in ai","/aeo-geo/","C","90","25","0.00","67","7","67.56","SEMrush Keyword Magic Tool, US database","2026-08-25"
"54","answer engine optimization","6","what is answer engine optimization","/aeo-geo/","I","480","46","2.29","74","5","66.04","SEMrush Keyword Magic Tool, US database","2026-08-25"
"55","answer engine optimization","7","best practices for answer engine optimization ai","/aeo-geo/","C","70","23","0.00","63","4","65.52","SEMrush Keyword Magic Tool, US database","2026-08-25"
"56","answer engine optimization","8","best practices for answer engine optimization","/aeo-geo/","C","210","40","9.21","63","6","65.05","SEMrush Keyword Magic Tool, US database","2026-08-25"
"57","answer engine optimization","9","answer engine optimization services","/aeo-geo/","I","590","37","13.68","63","8","64.38","SEMrush Keyword Magic Tool, US database","2026-08-25"
"58","answer engine optimization","10","answer engine optimization definition","/aeo-geo/","I","210","41","0.00","73","7","64","SEMrush Keyword Magic Tool, US database","2026-08-25"
"59","answer engine optimization","11","answer engine optimization company","/aeo-geo/","C","40","25","0.00","63","5","63.11","SEMrush Keyword Magic Tool, US database","2026-08-25"
"60","answer engine optimization","12","answer engine","/aeo-geo/","I","170","30","3.11","66","6","63.08","SEMrush Keyword Magic Tool, US database","2026-08-25"
"61","answer engine optimization","13","answer engine optimization aio","/aeo-geo/","I
C","110","39","0.00","63","5","63.07","SEMrush Keyword Magic Tool, US database","2026-08-25"
"62","generative engine optimization","1","generative engine optimization","/aeo-geo/","I","8100","68","9.73","100","5","81.27","SEMrush Keyword Magic Tool, US database","2026-08-25"
"63","generative engine optimization","2","generative engine optimization services","/aeo-geo/","I
C","1900","27","18.23","68","7","78.04","SEMrush Keyword Magic Tool, US database","2026-08-25"
"64","generative engine optimization","3","generative engine optimization tools","/aeo-geo/","C","880","34","16.05","68","6","73.62","SEMrush Keyword Magic Tool, US database","2026-08-25"
"65","generative engine optimization","4","generative engine optimization companies","/aeo-geo/","I
C","320","26","30.22","68","5","72.11","SEMrush Keyword Magic Tool, US database","2026-08-25"
"66","generative engine optimization","5","generative engine optimization services pricing","/aeo-geo/","T","70","14","0.00","68","4","69.87","SEMrush Keyword Magic Tool, US database","2026-08-25"
"67","generative engine optimization","6","generative engine optimization agency","/aeo-geo/","I","480","21","11.23","68","5","69.77","SEMrush Keyword Magic Tool, US database","2026-08-25"
"68","generative engine optimization","7","best generative engine optimization tools","/aeo-geo/","C","210","30","14.22","68","6","69.65","SEMrush Keyword Magic Tool, US database","2026-08-25"
"69","generative engine optimization","8","what is generative engine optimization","/aeo-geo/","I","2400","65","4.38","80","4","69.39","SEMrush Keyword Magic Tool, US database","2026-08-25"
"70","generative engine optimization","9","generative engine optimization tool","/aeo-geo/","C","210","35","15.38","68","8","68.4","SEMrush Keyword Magic Tool, US database","2026-08-25"
"71","generative engine optimization","10","generative engine optimization software","/aeo-geo/","C","210","36","16.21","68","6","68.15","SEMrush Keyword Magic Tool, US database","2026-08-25"
"72","generative engine optimization","11","recommended generative engine optimization software","/aeo-geo/","C","140","32","0.00","68","5","67.75","SEMrush Keyword Magic Tool, US database","2026-08-25"
"73","generative engine optimization","12","best generative engine optimization software","/aeo-geo/","C","90","26","0.00","68","4","67.73","SEMrush Keyword Magic Tool, US database","2026-08-25"
"74","generative engine optimization","13","geo generative engine optimization","/aeo-geo/","I","1300","55","9.75","75","10","67.66","SEMrush Keyword Magic Tool, US database","2026-08-25"
"75","schema markup","1","schema markup","/content-schema/","I","8100","91","1.34","100","5","75.52","SEMrush Keyword Magic Tool, US database","2026-08-25"
"76","schema markup","2","what is schema markup","/content-schema/","I","2400","59","1.34","68","7","65.85","SEMrush Keyword Magic Tool, US database","2026-08-25"
"77","schema markup","3","schema markup seo","/content-schema/","I","1600","59","1.18","70","10","65.29","SEMrush Keyword Magic Tool, US database","2026-08-25"
"78","schema markup","4","what is a schema markup","/content-schema/","I","320","44","1.39","71","8","63.87","SEMrush Keyword Magic Tool, US database","2026-08-25"
"79","schema markup","5","schema markup examples","/content-schema/","I","590","52","2.23","69","8","63.15","SEMrush Keyword Magic Tool, US database","2026-08-25"
"80","schema markup","6","how to add schema markup","/content-schema/","I","320","44","1.02","69","6","63.03","SEMrush Keyword Magic Tool, US database","2026-08-25"
"81","schema markup","7","schema markup example","/content-schema/","I","320","48","0.77","71","7","62.87","SEMrush Keyword Magic Tool, US database","2026-08-25"
"82","schema markup","8","what is website schema","/content-schema/","I","210","43","1.16","68","7","61.4","SEMrush Keyword Magic Tool, US database","2026-08-25"
"83","schema markup","9","schema markup definition","/content-schema/","I","320","49","1.14","68","7","61.36","SEMrush Keyword Magic Tool, US database","2026-08-25"
"84","schema markup","10","seo schema","/content-schema/","I","4400","88","1.07","69","8","61.13","SEMrush Keyword Magic Tool, US database","2026-08-25"
"85","schema markup","11","how to use schema markup for seo","/content-schema/","I","170","45","0.00","70","6","61.01","SEMrush Keyword Magic Tool, US database","2026-08-25"
"86","schema markup","12","schema markup meaning","/content-schema/","I","260","50","0.09","69","6","60.81","SEMrush Keyword Magic Tool, US database","2026-08-25"
"87","schema markup","13","how to schema markup","/content-schema/","I","480","71","0.00","74","6","59.79","SEMrush Keyword Magic Tool, US database","2026-08-25"
"88","schema markup","14","what is schema markup seo","/content-schema/","I","390","59","0.00","68","8","59.55","SEMrush Keyword Magic Tool, US database","2026-08-25"
"89","ai agents for business","1","ai agents for business","/business-agents/","C","880","37","19.64","100","8","86.31","SEMrush Keyword Magic Tool, US database","2026-08-25"
"90","ai agents for business","2","ai agent framework","/business-agents/","I
C","590","34","7.13","64","8","70.55","SEMrush Keyword Magic Tool, US database","2026-08-25"
"91","ai agents for business","3","ai agent for business","/business-agents/","I
C","170","55","18.24","80","9","67.71","SEMrush Keyword Magic Tool, US database","2026-08-25"
"92","ai agents for business","4","ai agents 101","/business-agents/","I","90","7","5.07","64","5","65.8","SEMrush Keyword Magic Tool, US database","2026-08-25"
"93","ai agents for business","5","ai agents framework","/business-agents/","I
C","140","36","7.13","64","7","65.07","SEMrush Keyword Magic Tool, US database","2026-08-25"
"94","ai agents for business","6","ai agents business applications","/business-agents/","I
C","110","40","0.00","66","7","64.08","SEMrush Keyword Magic Tool, US database","2026-08-25"
"95","ai agents for business","7","types of ai agents","/business-agents/","I","1900","60","3.76","64","6","63.11","SEMrush Keyword Magic Tool, US database","2026-08-25"
"96","ai agents for business","8","compare ai agents","/business-agents/","C","70","35","7.47","64","6","62.94","SEMrush Keyword Magic Tool, US database","2026-08-25"
"97","ai agents for business","9","what is an ai agent","/business-agents/","I","12100","90","3.01","64","8","62.04","SEMrush Keyword Magic Tool, US database","2026-08-25"
"98","ai agents for business","10","agentic ai frameworks list","/business-agents/","I
C","50","34","6.61","64","9","62.04","SEMrush Keyword Magic Tool, US database","2026-08-25"
"99","ai agents for business","11","frameworks for building ai agents","/business-agents/","I
C","40","31","7.23","64","7","62.03","SEMrush Keyword Magic Tool, US database","2026-08-25"
"100","ai agents for business","12","ai agent business","/business-agents/","I","30","24","10.92","71","6","60.75","SEMrush Keyword Magic Tool, US database","2026-08-25"
"101","ai agents for business","13","ai agent businesses","/business-agents/","I","40","28","10.92","71","7","60.72","SEMrush Keyword Magic Tool, US database","2026-08-25"
"102","ai agents for business","14","ai vs ai agents","/business-agents/","C","40","42","5.65","64","8","59.28","SEMrush Keyword Magic Tool, US database","2026-08-25"
"103","hubspot automation","1","hubspot automation","/hubspot-crm-agents/","I","590","49","13.63","100","7","76.92","SEMrush Keyword Magic Tool, US database","2026-08-25"
"104","hubspot automation","2","hubspot automations","/hubspot-crm-agents/","I
T","170","46","16.11","76","6","68.28","SEMrush Keyword Magic Tool, US database","2026-08-25"
"105","hubspot automation","3","hubspot workflows","/hubspot-crm-agents/","I
T","720","50","11.17","64","5","67.24","SEMrush Keyword Magic Tool, US database","2026-08-25"
"106","hubspot automation","4","hubspot workflow trigger when property changes","/hubspot-crm-agents/","T
N","40","12","0.00","64","3","66.78","SEMrush Keyword Magic Tool, US database","2026-08-25"
"107","hubspot automation","5","marketing automation with hubspot","/hubspot-crm-agents/","T
N","480","56","8.39","65","8","64.76","SEMrush Keyword Magic Tool, US database","2026-08-25"
"108","hubspot automation","6","hubspot marketing automation","/hubspot-crm-agents/","I","2400","76","8.39","71","7","62.86","SEMrush Keyword Magic Tool, US database","2026-08-25"
"109","hubspot automation","7","hubspot workflow","/hubspot-crm-agents/","I","260","39","11.17","64","6","61.46","SEMrush Keyword Magic Tool, US database","2026-08-25"
"110","hubspot automation","8","hubspot remove contact from workflow","/hubspot-crm-agents/","I
N","70","21","0.00","64","6","61.44","SEMrush Keyword Magic Tool, US database","2026-08-25"
"111","hubspot automation","9","marketing automation hubspot","/hubspot-crm-agents/","I
N","390","57","8.55","70","4","60.89","SEMrush Keyword Magic Tool, US database","2026-08-25"
"112","hubspot automation","10","workflow goals hubspot","/hubspot-crm-agents/","I","50","19","0.00","64","4","60.79","SEMrush Keyword Magic Tool, US database","2026-08-25"
"113","hubspot automation","11","hubspot workflow examples","/hubspot-crm-agents/","I","170","36","16.55","64","11","60.74","SEMrush Keyword Magic Tool, US database","2026-08-25"
"114","hubspot automation","12","hubspot for marketing automation","/hubspot-crm-agents/","T
N","210","66","8.39","68","6","60.65","SEMrush Keyword Magic Tool, US database","2026-08-25"
"115","hubspot automation","13","hubspot workflow goals","/hubspot-crm-agents/","I","50","22","0.00","64","6","60.04","SEMrush Keyword Magic Tool, US database","2026-08-25"
"116","seo for service businesses","1","seo for service businesses","/technical-seo/","I","170","17","13.52","100","6","80.61","SEMrush Keyword Magic Tool, US database","2026-08-25"
"117","seo for service businesses","2","seo for service based business","/technical-seo/","I","590","28","10.22","68","8","68.73","SEMrush Keyword Magic Tool, US database","2026-08-25"
"118","seo for service businesses","3","seo for service-based businesses","/technical-seo/","I","140","22","10.22","73","7","67.35","SEMrush Keyword Magic Tool, US database","2026-08-25"
"119","seo for service businesses","4","local seo strategies for service-based businesses","/technical-seo/","I","110","9","0.00","64","5","65.99","SEMrush Keyword Magic Tool, US database","2026-08-25"
"120","seo for service businesses","5","local seo for service-based businesses","/technical-seo/","I","110","19","0.00","65","4","63.91","SEMrush Keyword Magic Tool, US database","2026-08-25"
"121","seo for service businesses","6","local seo for service businesses","/technical-seo/","I","140","29","12.09","62","6","60.98","SEMrush Keyword Magic Tool, US database","2026-08-25"
"122","seo for service businesses","7","seo for service business","/technical-seo/","I","30","30","25.94","66","8","57.15","SEMrush Keyword Magic Tool, US database","2026-08-25"
"123","website redesign checklist","1","website redesign checklist","/insights/website-redesign-checklist-service-businesses/","I","590","15","2.65","100","6","85.42","SEMrush Keyword Magic Tool, US database","2026-08-25"
"124","website redesign checklist","2","website design checklist","/insights/website-redesign-checklist-service-businesses/","I","390","11","2.60","93","5","82.05","SEMrush Keyword Magic Tool, US database","2026-08-25"
"125","website redesign checklist","3","website redesign seo checklist","/insights/website-redesign-checklist-service-businesses/","I","260","14","0.00","93","5","79.89","SEMrush Keyword Magic Tool, US database","2026-08-25"
"126","website redesign checklist","4","web design checklist","/insights/website-redesign-checklist-service-businesses/","I","210","15","2.65","93","4","78.9","SEMrush Keyword Magic Tool, US database","2026-08-25"
"127","website redesign checklist","5","website redesign project plan template","/insights/website-redesign-checklist-service-businesses/","I","390","28","7.74","93","7","77.8","SEMrush Keyword Magic Tool, US database","2026-08-25"
"128","website redesign checklist","6","goals for website redesign","/insights/website-redesign-checklist-service-businesses/","I","70","8","0.00","93","6","76.87","SEMrush Keyword Magic Tool, US database","2026-08-25"
"129","website redesign checklist","7","website redesign requirements","/insights/website-redesign-checklist-service-businesses/","I","110","15","1.54","93","6","76.67","SEMrush Keyword Magic Tool, US database","2026-08-25"
"130","website redesign checklist","8","website redesign project plan","/insights/website-redesign-checklist-service-businesses/","I","320","32","4.81","93","8","76.11","SEMrush Keyword Magic Tool, US database","2026-08-25"
"131","website redesign checklist","9","website design process checklist","/insights/website-redesign-checklist-service-businesses/","I","50","9","0.00","93","7","75.47","SEMrush Keyword Magic Tool, US database","2026-08-25"
"132","website redesign checklist","10","website design checklist for clients","/insights/website-redesign-checklist-service-businesses/","I","70","16","0.00","93","6","74.87","SEMrush Keyword Magic Tool, US database","2026-08-25"
"133","website redesign checklist","11","seo checklist for website redesign","/insights/website-redesign-checklist-service-businesses/","I","50","12","0.00","93","5","74.72","SEMrush Keyword Magic Tool, US database","2026-08-25"
"134","website redesign checklist","12","redesign website checklist","/insights/website-redesign-checklist-service-businesses/","I","40","9","6.09","93","4","74.71","SEMrush Keyword Magic Tool, US database","2026-08-25"
"135","website redesign checklist","13","website redesign best practices","/insights/website-redesign-checklist-service-businesses/","C","40","32","0.00","93","6","73.96","SEMrush Keyword Magic Tool, US database","2026-08-25"
"136","website redesign checklist","14","website redesign planning guide","/insights/website-redesign-checklist-service-businesses/","I","40","19","0.00","93","6","72.21","SEMrush Keyword Magic Tool, US database","2026-08-25"
"137","google ai overviews","1","ai overview","/insights/google-ai-overviews-service-businesses/","I","40500","65","1.33","72","6","75.85","SEMrush Keyword Magic Tool, US database","2026-08-25"
"138","google ai overviews","2","google ai overviews","/insights/google-ai-overviews-service-businesses/","I","2400","78","0.58","100","7","74.54","SEMrush Keyword Magic Tool, US database","2026-08-25"
"139","google ai overviews","3","ai overviews","/insights/google-ai-overviews-service-businesses/","I","8100","81","1.33","76","6","67.94","SEMrush Keyword Magic Tool, US database","2026-08-25"
"140","google ai overviews","4","google ai overviews how it works 2026","/insights/google-ai-overviews-service-businesses/","I","70","8","0.00","69","6","66.79","SEMrush Keyword Magic Tool, US database","2026-08-25"
"141","google ai overviews","5","ultimate guide for ai overviews","/insights/google-ai-overviews-service-businesses/","I","50","7","0.00","69","3","65.89","SEMrush Keyword Magic Tool, US database","2026-08-25"
"142","google ai overviews","6","google ai overview","/insights/google-ai-overviews-service-businesses/","I","8100","81","0.58","71","6","65.84","SEMrush Keyword Magic Tool, US database","2026-08-25"
"143","google ai overviews","7","what is google ai overview","/insights/google-ai-overviews-service-businesses/","I","210","60","61.40","76","5","60.51","SEMrush Keyword Magic Tool, US database","2026-08-25"
"144","google ai overviews","8","ai overviews google","/insights/google-ai-overviews-service-businesses/","I","480","88","0.51","83","9","59.32","SEMrush Keyword Magic Tool, US database","2026-08-25"
"145","google ai overviews","9","how to use ai overview","/insights/google-ai-overviews-service-businesses/","I","40","32","0.00","69","7","58.88","SEMrush Keyword Magic Tool, US database","2026-08-25"
"146","google ai overviews","10","google's ai overviews","/insights/google-ai-overviews-service-businesses/","I","260","80","0.58","82","5","58.77","SEMrush Keyword Magic Tool, US database","2026-08-25"
"147","google ai overviews","11","when did ai overviews launch","/insights/google-ai-overviews-service-businesses/","I","110","48","0.00","69","4","58.34","SEMrush Keyword Magic Tool, US database","2026-08-25"
"148","google ai overviews","12","how to get an ai overview on google","/insights/google-ai-overviews-service-businesses/","I","40","36","0.00","69","9","57.88","SEMrush Keyword Magic Tool, US database","2026-08-25"
"149","javascript seo","1","javascript seo","/insights/javascript-seo-react-crawlable-html/","I","3600","38","6.86","100","7","85.95","SEMrush Keyword Magic Tool, US database","2026-08-25"
"150","javascript seo","2","seo javascript","/insights/javascript-seo-react-crawlable-html/","I","1900","40","6.86","88","5","78.19","SEMrush Keyword Magic Tool, US database","2026-08-25"
"151","javascript seo","3","seo for javascript","/insights/javascript-seo-react-crawlable-html/","I","480","32","6.86","81","7","72.48","SEMrush Keyword Magic Tool, US database","2026-08-25"
"152","javascript seo","4","javascript seo agency","/insights/javascript-seo-react-crawlable-html/","I","210","14","6.86","75","4","71.59","SEMrush Keyword Magic Tool, US database","2026-08-25"
"153","javascript seo","5","javascript seo best practices","/insights/javascript-seo-react-crawlable-html/","C","140","30","0.00","75","5","71.19","SEMrush Keyword Magic Tool, US database","2026-08-25"
"154","javascript seo","6","javascript and seo","/insights/javascript-seo-react-crawlable-html/","I","590","42","6.86","82","5","71.11","SEMrush Keyword Magic Tool, US database","2026-08-25"
"155","javascript seo","7","javascript for seo","/insights/javascript-seo-react-crawlable-html/","I","90","29","4.24","87","5","69.96","SEMrush Keyword Magic Tool, US database","2026-08-25"
"156","javascript seo","8","googlebot javascript seo","/insights/javascript-seo-react-crawlable-html/","I","110","16","0.00","75","7","68.86","SEMrush Keyword Magic Tool, US database","2026-08-25"
"157","javascript seo","9","javascript seo tools for testing rendering","/insights/javascript-seo-react-crawlable-html/","I","50","6","0.00","75","5","68.66","SEMrush Keyword Magic Tool, US database","2026-08-25"
"158","javascript seo","10","js seo","/insights/javascript-seo-react-crawlable-html/","I
C","70","36","6.86","78","7","68.57","SEMrush Keyword Magic Tool, US database","2026-08-25"
"159","javascript seo","11","seo for javascript pages","/insights/javascript-seo-react-crawlable-html/","I","90","32","0.00","85","7","68.37","SEMrush Keyword Magic Tool, US database","2026-08-25"
"160","javascript seo","12","google javascript seo","/insights/javascript-seo-react-crawlable-html/","I","390","38","0.00","76","6","68.16","SEMrush Keyword Magic Tool, US database","2026-08-25"
"161","ai search visibility","1","ai search visibility","/insights/measure-ai-search-visibility/","I
C","1000","32","19.89","100","8","88","SEMrush Keyword Magic Tool, US database","2026-08-25"
"162","ai search visibility","2","ai search visibility tool","/insights/measure-ai-search-visibility/","N
C","1600","34","13.17","75","6","78.64","SEMrush Keyword Magic Tool, US database","2026-08-25"
"163","ai search visibility","3","ai visibility","/insights/measure-ai-search-visibility/","I
C","2900","44","12.53","75","7","78.2","SEMrush Keyword Magic Tool, US database","2026-08-25"
"164","ai search visibility","4","what are the best ai search monitoring tools","/insights/measure-ai-search-visibility/","C","880","23","0.00","70","5","77.21","SEMrush Keyword Magic Tool, US database","2026-08-25"
"165","ai search visibility","5","ai visibility tool","/insights/measure-ai-search-visibility/","C","3600","43","13.83","70","7","77.1","SEMrush Keyword Magic Tool, US database","2026-08-25"
"166","ai search visibility","6","why use ai search monitoring tools","/insights/measure-ai-search-visibility/","I
C","1000","26","0.00","70","6","76.9","SEMrush Keyword Magic Tool, US database","2026-08-25"
"167","ai search visibility","7","ai search visibility analysis software","/insights/measure-ai-search-visibility/","C","260","18","0.00","73","6","75.49","SEMrush Keyword Magic Tool, US database","2026-08-25"
"168","ai search visibility","8","best ai visibility tools","/insights/measure-ai-search-visibility/","C","880","30","20.29","70","6","75.46","SEMrush Keyword Magic Tool, US database","2026-08-25"
"169","ai search visibility","9","best tools for tracking brand visibility in ai search platforms","/insights/measure-ai-search-visibility/","C","480","22","0.00","70","5","75.36","SEMrush Keyword Magic Tool, US database","2026-08-25"
"170","ai search visibility","10","ai search visibility tracking","/insights/measure-ai-search-visibility/","I
C","260","24","0.00","76","7","75.25","SEMrush Keyword Magic Tool, US database","2026-08-25"
"171","ai search visibility","11","ai search visibility management tools","/insights/measure-ai-search-visibility/","I
C","480","27","0.00","72","7","74.95","SEMrush Keyword Magic Tool, US database","2026-08-25"
"172","ai search visibility","12","best ai brand visibility checker","/insights/measure-ai-search-visibility/","C","320","18","0.00","70","6","74.95","SEMrush Keyword Magic Tool, US database","2026-08-25"
"173","ai search visibility","13","best ai brand visibility tracking tools","/insights/measure-ai-search-visibility/","C","390","21","0.00","70","6","74.89","SEMrush Keyword Magic Tool, US database","2026-08-25"
"174","entity based seo","1","entity based seo","/insights/entity-first-content-architecture/","I","480","44","9.31","100","5","77.46","SEMrush Keyword Magic Tool, US database","2026-08-25"
"175","entity based seo","2","seo entity tool","/insights/entity-first-content-architecture/","C","70","10","0.00","75","4","73.81","SEMrush Keyword Magic Tool, US database","2026-08-25"
"176","entity based seo","3","entity seo","/insights/entity-first-content-architecture/","I","1300","51","2.64","78","7","69.92","SEMrush Keyword Magic Tool, US database","2026-08-25"
"177","entity based seo","4","entity seo moving from strings to things","/insights/entity-first-content-architecture/","I
T","40","18","0.00","75","5","69.9","SEMrush Keyword Magic Tool, US database","2026-08-25"
"178","entity based seo","5","entity seo tool","/insights/entity-first-content-architecture/","C","40","21","0.00","75","6","69.15","SEMrush Keyword Magic Tool, US database","2026-08-25"
"179","entity based seo","6","entity seo guide","/insights/entity-first-content-architecture/","I","90","15","2.64","75","6","68.42","SEMrush Keyword Magic Tool, US database","2026-08-25"
"180","entity based seo","7","google entity search","/insights/entity-first-content-architecture/","I","70","20","0.00","75","7","66.31","SEMrush Keyword Magic Tool, US database","2026-08-25"
"181","entity based seo","8","entity optimized content","/insights/entity-first-content-architecture/","I","70","26","0.00","75","8","64.81","SEMrush Keyword Magic Tool, US database","2026-08-25"
"182","entity based seo","9","what is entity seo","/insights/entity-first-content-architecture/","I","140","48","0.00","81","8","64.21","SEMrush Keyword Magic Tool, US database","2026-08-25"
"183","entity based seo","10","entity search seo","/insights/entity-first-content-architecture/","I","40","21","0.00","75","6","64.15","SEMrush Keyword Magic Tool, US database","2026-08-25"
"184","entity based seo","11","google entity seo","/insights/entity-first-content-architecture/","I","70","31","0.00","75","6","63.56","SEMrush Keyword Magic Tool, US database","2026-08-25"
"185","ai crawler","1","ai crawler","/insights/ai-search-crawlers-discovery-citations/","I","260","47","5.61","100","8","74.58","SEMrush Keyword Magic Tool, US database","2026-08-25"
"186","ai crawler","2","ai crawlers","/insights/ai-search-crawlers-discovery-citations/","I","170","33","6.27","73","5","65.27","SEMrush Keyword Magic Tool, US database","2026-08-25"
"187","ai crawler","3","what is an ai crawler","/insights/ai-search-crawlers-discovery-citations/","I","40","38","0.00","80","7","62","SEMrush Keyword Magic Tool, US database","2026-08-25"
"188","ai crawler","4","ai web crawler","/insights/ai-search-crawlers-discovery-citations/","I","260","67","6.80","77","5","59.92","SEMrush Keyword Magic Tool, US database","2026-08-25"
"189","ai crawler","5","web crawler ai","/insights/ai-search-crawlers-discovery-citations/","I","50","52","6.05","70","7","55.06","SEMrush Keyword Magic Tool, US database","2026-08-25"
"190","human in the loop ai","1","human in the loop ai","/insights/human-approval-gates-for-marketing-agents/","I","720","58","6.44","100","6","75.36","SEMrush Keyword Magic Tool, US database","2026-08-25"
"191","human in the loop ai","2","human in the loop vs human on the loop","/insights/human-approval-gates-for-marketing-agents/","I
C","140","16","14.36","75","7","74.69","SEMrush Keyword Magic Tool, US database","2026-08-25"
"192","human in the loop ai","3","human on the loop vs human in the loop","/insights/human-approval-gates-for-marketing-agents/","C","140","30","11.30","75","8","71.19","SEMrush Keyword Magic Tool, US database","2026-08-25"
"193","human in the loop ai","4","humans in the loop","/insights/human-approval-gates-for-marketing-agents/","I","1600","57","5.21","75","9","67.89","SEMrush Keyword Magic Tool, US database","2026-08-25"
"194","human in the loop ai","5","human in the loop automation","/insights/human-approval-gates-for-marketing-agents/","I","140","25","12.53","75","9","67.44","SEMrush Keyword Magic Tool, US database","2026-08-25"
"195","human in the loop ai","6","human-in-the-loop","/insights/human-approval-gates-for-marketing-agents/","I","2400","67","5.21","75","5","66.79","SEMrush Keyword Magic Tool, US database","2026-08-25"
"196","human in the loop ai","7","human in the loop review","/insights/human-approval-gates-for-marketing-agents/","C","50","37","0.00","75","7","65.91","SEMrush Keyword Magic Tool, US database","2026-08-25"
"197","human in the loop ai","8","human in the loop ai agents","/insights/human-approval-gates-for-marketing-agents/","I","170","34","8.37","75","8","65.86","SEMrush Keyword Magic Tool, US database","2026-08-25"
"198","human in the loop ai","9","human in the loop rpa","/insights/human-approval-gates-for-marketing-agents/","I","40","22","0.00","75","6","63.9","SEMrush Keyword Magic Tool, US database","2026-08-25"
"199","human in the loop ai","10","human-in-the-loop agentic ai","/insights/human-approval-gates-for-marketing-agents/","I","40","22","4.27","75","7","63.9","SEMrush Keyword Magic Tool, US database","2026-08-25"
"200","human in the loop ai","11","ai human in the loop","/insights/human-approval-gates-for-marketing-agents/","I","110","49","5.30","82","7","63.55","SEMrush Keyword Magic Tool, US database","2026-08-25"
