Date,Primary Asset or Capture,Series,Pillar,Primary Platforms,Native Adaptation,CTA,Status
2026-07-16,"New phone video: hook 1, CMO who made a rap album",Delusion Diary,The Why,"TikTok; Instagram Reels; YouTube Shorts","LinkedIn text plus native video; X clip","Comment which track you want to hear first. IF NOT NOW, WHEN.",Needs Dillon capture
2026-07-17,asset-studio/out/tracklist.png,Album Map,The Split,"Instagram Feed; Facebook; X","LinkedIn image with the double life story","Join the list for first listens. IF NOT NOW, WHEN.",Ready after link check
2026-07-18,"Three story frames: poll, preview, question box",Listener Choice,The Sound,"Instagram Stories; Facebook Stories","Use the winning poll answer to choose tomorrow's preview","Vote for the next preview. IF NOT NOW, WHEN.",Needs scheduling
2026-07-19,"New phone video: King Keev first listen or friendship story",First Listen,The Why,"TikTok; Instagram Reels; YouTube Shorts","X still plus quote; Facebook native video","Tag the friend who was there before anybody listened. IF NOT NOW, WHEN.",Needs Dillon and Keev capture
2026-07-20,asset-studio/out/motion/descent-notepad.mp4,The Record Waited,The Making,"TikTok; Instagram Reels; YouTube Shorts","Add Dillon voiceover about recording in 2023 and sitting on it","Join the list for the previews. IF NOT NOW, WHEN.",Needs voiceover
2026-07-21,asset-studio/out/split/split-02.png,Session Log,The Split,"Instagram Carousel; Facebook","X image; Threads caption","Which half of the split do you know me from. IF NOT NOW, WHEN.",Ready after caption rewrite
2026-07-22,"New phone video: hook 2, almost 29 and starting to rap",Delusion Diary,The Why,"TikTok; Instagram Reels; YouTube Shorts","LinkedIn native video framed around starting late","Tell me if this is brave or delusional. IF NOT NOW, WHEN.",Needs Dillon capture
2026-07-23,"Erie or 814 footage plus asset-studio/out/motion/descent-814.mp4",814 Blood,The 814,"TikTok; Instagram Reels; YouTube Shorts","Facebook to Erie network; X location thread","Send this to somebody from the 814. IF NOT NOW, WHEN.",Needs location footage
2026-07-24,asset-studio/out/carousel-1.png,The Delusion Has Coordinates,The Why,"Instagram Carousel; Facebook","LinkedIn document carousel using all five slides","Save this if you ever started late. IF NOT NOW, WHEN.",Ready
2026-07-25,reference/photos/birthday-28-daughter.jpeg,Why Now,The Why,"Instagram Feed; Facebook; Threads","X photo plus short confession","Join the list if you are done waiting too. IF NOT NOW, WHEN.",Ready after personal caption approval
2026-07-26,"20 minute live: the album story and audience questions",Sunday Session,The Why,"Instagram Live; TikTok Live if eligible","Cut three highlights for the next week","Ask me anything about the double life. IF NOT NOW, WHEN.",Needs Dillon live
2026-07-27,"New phone video: a family member or friend hears a preview",First Listen,The Sound,"TikTok; Instagram Reels; YouTube Shorts","Facebook native video","Comment the exact moment the reaction changed. IF NOT NOW, WHEN.",Needs capture
2026-07-28,asset-studio/out/split/split-04.png,Session Log,The Making,"Instagram Feed; Facebook; X","Story quiz about the track","Pick the next track preview. IF NOT NOW, WHEN.",Ready after caption rewrite
2026-07-29,"New phone video: people at work do not know this account exists",Delusion Diary,The Split,"TikTok; Instagram Reels; YouTube Shorts","LinkedIn native video with a more professional first line","Follow the experiment from day one. IF NOT NOW, WHEN.",Needs Dillon capture
2026-07-30,"Notebook and studio b roll with one approved beat preview",Making It,The Making,"TikTok; Instagram Reels; YouTube Shorts","Stories with question sticker","Ask me what went into this track. IF NOT NOW, WHEN.",Needs b roll
2026-07-31,asset-studio/out/epk-preview.png,CMO to Rapper,The Split,"LinkedIn; X; Instagram Feed","Press angle post, no hard sell","If the story fits somebody you know, send it to them. IF NOT NOW, WHEN.",Ready
2026-08-01,reference/photos/family-daughter.png,The Reason,The Why,"Instagram Feed; Facebook; Threads","Story follow up with a short voice note","Join the list for the record behind this photo. IF NOT NOW, WHEN.",Ready after personal caption approval
2026-08-02,"20 minute live listening room with one gated preview",Sunday Session,The Sound,"Instagram Live; YouTube Live","Cut best audience reaction into Shorts","Join the list for the next private listen. IF NOT NOW, WHEN.",Needs Dillon live
2026-08-03,asset-studio/out/motion/descent-onmyway.mp4,On My Way,The Sound,"TikTok; Instagram Reels; YouTube Shorts","Add Keev intro or Dillon voiceover before the beat","Send this to the friend you came up with. IF NOT NOW, WHEN.",Needs human intro
2026-08-04,asset-studio/out/split/split-08.png,Session Log,The Split,"Instagram Feed; Facebook; X","Story poll on day world versus night world","Choose the next side of the story. IF NOT NOW, WHEN.",Ready after caption rewrite
2026-08-05,"New phone video: play 30 seconds and tell me if I am delusional",Audience Verdict,The Sound,"TikTok; Instagram Reels; YouTube Shorts","Pin the strongest audience response","Tell me the truth in the comments. IF NOT NOW, WHEN.",Needs Dillon capture
2026-08-06,"New phone video: what Faces did to me at 18",Mac Lineage,The Why,"TikTok; Instagram Reels; YouTube Shorts","LinkedIn story; X thread; link to blog","Read the full story and tell me the Mac record that changed you. IF NOT NOW, WHEN.",Needs Dillon capture
2026-08-07,asset-studio/out/motion/clip-notepad-15s.mp4,First Door In,The Bars,"TikTok; Instagram Reels; YouTube Shorts","Use only after lyric and audio rights check","Watch the full video on the site. IF NOT NOW, WHEN.",Lyrics must be approved
2026-08-08,reference/photos/collage-814-lighthouse.jpeg,Home Coordinates,The 814,"Instagram Feed; Facebook; X","Threads story about Erie and Pittsburgh","Share this with somebody who left home but still carries it. IF NOT NOW, WHEN.",Ready
2026-08-09,"Live: Dillon and Keev tell the story behind the two features",814 Session,The Why,"Instagram Live; YouTube Live","Cut four vertical clips and one quote card","Bring your best friend into the room. IF NOT NOW, WHEN.",Needs Dillon and Keev
2026-08-10,"Montage of real comments, replies, and list feedback",The People Listening,The Why,"TikTok; Instagram Reels; YouTube Shorts","Only use feedback with permission or anonymize it","Join the early list. IF NOT NOW, WHEN.",Needs feedback collection
2026-08-11,"Week's best organic post with a new opening two seconds",Winner Variant A,Best Performing Pillar,"TikTok; Instagram Reels; YouTube Shorts","Keep body constant and change only the hook","Follow for the next test. IF NOT NOW, WHEN.",Data dependent
2026-08-12,"Native reply to the best audience comment",Reply Video,Best Performing Pillar,"TikTok; Instagram Reels","YouTube Short answering the same question","Leave the next question. IF NOT NOW, WHEN.",Data dependent
2026-08-13,"New phone footage: raw studio session or notebook breakdown",Making It,The Making,"TikTok; Instagram Reels; YouTube Shorts","LinkedIn lesson about craft and repetition","Join the list to hear what this became. IF NOT NOW, WHEN.",Needs capture
2026-08-14,"Recap montage: thirty days of the experiment",Month One Recap,The Split,"TikTok; Instagram Reels; YouTube Shorts; LinkedIn","X thread with numbers and honest learnings","Follow month two and join the list. IF NOT NOW, WHEN.",Needs edit and scorecard
